ensembl_gene_id,hgnc_symbol,mean.CPM,min.CPM,max.CPM,express.in.libs
ENSG00000000005,TNMD,0,0,0,0
ENSG00000002726,AOC1,0,0,0,0
ENSG00000002745,WNT16,0.06612044199437432,0,1.6229357609567099,2
ENSG00000002746,HECW1,0.026773385350907484,0,0.4015749770600294,2
ENSG00000002933,TMEM176A,0,0,0,0
ENSG00000003989,SLC7A2,0.05596330210195551,0,1.6229357609567099,1
ENSG00000004776,HSPB6,0.026677718014325617,0,0.4482706837696875,2
ENSG00000004809,SLC22A16,0.019608735398796383,0,0.568653326565095,1
ENSG00000004948,CALCR,0.013798479335825103,0,0.40015590073892787,1
ENSG00000005001,PRSS22,0.00924174162358344,0,0.2680105070839197,1
ENSG00000005102,MEOX1,0,0,0,0
ENSG00000005108,THSD7A,0.07568693642310224,0,1.4005456525862476,2
ENSG00000005381,MPO,0,0,0,0
ENSG00000005421,PON1,0.027725224870750315,0,0.8040315212517591,1
ENSG00000005981,ASB4,0.048294677675387844,0,1.4005456525862476,1
ENSG00000006059,KRT33A,0,0,0,0
ENSG00000006071,ABCC8,0.013798479335825103,0,0.40015590073892787,1
ENSG00000006377,DLX6,0,0,0,0
ENSG00000006432,MAP3K9,0.044466613001565444,0,0.6892979259370058,2
ENSG00000006606,CCL26,0.02069771900373765,0,0.6002338511083918,1
ENSG00000006638,TBXA2R,0,0,0,0
ENSG00000006659,LGALS14,0.011220108229163982,0,0.32538313864575535,1
ENSG00000007038,PRSS21,0.014823362734386267,0,0.42987751929720186,1
ENSG00000007171,NOS2,0.038976142722527626,0,1.1303081389533007,1
ENSG00000007237,GAS7,0.11323187304798678,0,2.7427457314060453,2
ENSG00000007306,CEACAM7,0,0,0,0
ENSG00000007314,SCN4A,0.044655383119122455,0,1.0723952591550383,2
ENSG00000007908,SELE,0.0243535893744705,0,0.7062540918596447,1
ENSG00000007933,FMO3,0.05258943709663283,0,1.3256574819224507,2
ENSG00000008118,CAMK1G,0.006899239667912551,0,0.20007795036946394,1
ENSG00000008196,TFAP2B,0,0,0,0
ENSG00000008197,TFAP2D,0,0,0,0
ENSG00000008323,PLEKHG6,0.012925972348837507,0,0.3748531981162877,1
ENSG00000009694,TENM1,0.10985493573153736,0,1.9522988318745322,2
ENSG00000009709,PAX7,0.01112173051012653,0,0.32253018479366935,1
ENSG00000009765,IYD,0.018654434033985173,0,0.5409785869855699,1
ENSG00000010282,HHATL,0,0,0,0
ENSG00000011052,NME1-NME2,0,0,0,0
ENSG00000011083,SLC6A7,0,0,0,0
ENSG00000011201,ANOS1,0.0290359216567728,0,0.4418858273074836,2
ENSG00000011347,SYT7,0.03377765679071482,0,0.9795520469307304,1
ENSG00000011677,GABRA3,0,0,0,0
ENSG00000012223,LTF,0.051742027820172155,0,0.8837716546149672,2
ENSG00000013293,SLC7A14,0.01037049559986612,0,0.3007443723961176,1
ENSG00000013619,MAMLD1,0.015457609785161636,0,0.4482706837696875,1
ENSG00000015413,DPEP1,0.015352472503414693,0,0.4452217025990262,1
ENSG00000015520,NPC1L1,0.11527632585887755,0,2.6537155239704435,2
ENSG00000015568,RGPD5,0,0,0,0
ENSG00000015592,STMN4,0.040533188148857834,0,1.1754624563168765,1
ENSG00000016082,ISL1,0.03047488464189543,0,0.8837716546149672,1
ENSG00000016391,CHDH,0.07411681367193133,0,2.1493875964860094,1
ENSG00000016490,CLCA1,0,0,0,0
ENSG00000016602,CLCA4,0.03586877272231684,0,0.5983085816397046,2
ENSG00000017427,IGF1,0.0190760343551478,0,0.35312704592982236,2
ENSG00000019169,MARCO,0,0,0,0
ENSG00000019186,CYP24A1,0.18483483247166874,0,5.360210141678395,1
ENSG00000019505,SYT13,0,0,0,0
ENSG00000020256,ZFP64,0.08316284592622873,0,1.2334943043400497,2
ENSG00000021461,CYP3A43,0.022185580110520277,0,0.4433038728356243,2
ENSG00000021488,SLC7A9,0,0,0,0
ENSG00000021645,NRXN3,0.03125282904238305,0,0.7062540918596447,2
ENSG00000021826,CPS1,0.036694866346665286,0,0.6892979259370058,2
ENSG00000021852,C8B,0,0,0,0
ENSG00000022355,GABRA1,0.030704945006829385,0,0.8904434051980524,1
ENSG00000022556,NLRP2,0.03730886806797035,0,1.0819571739711398,1
ENSG00000026559,KCNG1,0.06567049296037122,0,1.9044442958507661,1
ENSG00000029559,IBSP,0,0,0,0
ENSG00000030304,MUSK,0,0,0,0
ENSG00000034971,MYOC,0.007676236251707346,0,0.2226108512995131,1
ENSG00000036473,OTC,0.06380142953483017,0,1.8502414565100747,1
ENSG00000036565,SLC18A1,0,0,0,0
ENSG00000036828,CASR,0,0,0,0
ENSG00000037965,HOXC8,0,0,0,0
ENSG00000038295,TLL1,0,0,0,0
ENSG00000038945,MSR1,0,0,0,0
ENSG00000039537,C6,0,0,0,0
ENSG00000039600,SOX30,0,0,0,0
ENSG00000039987,BEST2,0,0,0,0
ENSG00000040731,CDH10,0,0,0,0
ENSG00000042813,ZPBP,0,0,0,0
ENSG00000042980,ADAM28,0.03219872678375154,0,0.5891141137602918,2
ENSG00000043039,BARX2,0.018654434033985173,0,0.5409785869855699,1
ENSG00000043355,ZIC2,0,0,0,0
ENSG00000044012,GUCA2B,0.0378978262434896,0,0.6507662772915107,2
ENSG00000044524,EPHA3,0.006877110133789707,0,0.19943619387990152,1
ENSG00000046889,PREX2,0,0,0,0
ENSG00000047597,XK,0,0,0,0
ENSG00000047936,ROS1,0.11090089948300126,0,3.2161260850070366,1
ENSG00000048540,LMO3,0.04716367086620469,0,0.9675905543810082,2
ENSG00000048545,GUCA1A,0.03377765679071482,0,0.9795520469307304,1
ENSG00000049540,ELN,0.028670775736456242,0,0.42987751929720186,2
ENSG00000050030,NEXMIF,0,0,0,0
ENSG00000050327,ARHGEF5,0.00924174162358344,0,0.2680105070839197,1
ENSG00000050555,LAMC3,0.06380142953483017,0,1.8502414565100747,1
ENSG00000050730,TNIP3,0.0706785396686199,0,1.8502414565100747,2
ENSG00000050767,COL23A1,0.05315063237354793,0,1.0003897518473197,2
ENSG00000052850,ALX4,0.03411204381914681,0,0.5409785869855699,2
ENSG00000053328,METTL24,0.045712326962843136,0,1.3256574819224507,1
ENSG00000053438,NNAT,0.00851141374199241,0,0.24683099851777984,1
ENSG00000054219,LY75,0.04581012320616318,0,0.8866077456712486,2
ENSG00000054796,SPO11,0,0,0,0
ENSG00000054803,CBLN4,0,0,0,0
ENSG00000054938,CHRDL2,0.015457609785161636,0,0.4482706837696875,1
ENSG00000055732,MCOLN3,0,0,0,0
ENSG00000055813,CCDC85A,0.030704945006829385,0,0.8904434051980524,1
ENSG00000055957,ITIH1,0.05743235108049767,0,1.124559594348863,2
ENSG00000056291,NPFFR2,0,0,0,0
ENSG00000056998,GYG2,0.030471419677256462,0,0.8836711706404378,1
ENSG00000057593,F7,0.011220108229163982,0,0.32538313864575535,1
ENSG00000057704,TMCC3,0.011884446998913896,0,0.3446489629685029,1
ENSG00000060140,STYK1,0.03389187635493289,0,0.5409785869855699,2
ENSG00000060709,RIMBP2,0,0,0,0
ENSG00000060718,COL11A1,0,0,0,0
ENSG00000061492,WNT8A,0,0,0,0
ENSG00000061918,GUCY1B1,0,0,0,0
ENSG00000062096,ARSF,0,0,0,0
ENSG00000062524,LTK,0.021267143178276722,0,0.6167471521700248,1
ENSG00000063515,GSC2,0.048294677675387844,0,1.4005456525862476,1
ENSG00000064195,DLX3,0,0,0,0
ENSG00000064201,TSPAN32,0.022440216458327965,0,0.6507662772915107,1
ENSG00000064218,DMRT3,0,0,0,0
ENSG00000064489,BORCS8-MEF2B,0,0,0,0
ENSG00000064655,EYA2,0,0,0,0
ENSG00000064692,SNCAIP,0.0458590213278232,0,1.3299116185068727,1
ENSG00000065325,GLP2R,0,0,0,0
ENSG00000065371,ROPN1,0,0,0,0
ENSG00000065609,SNAP91,0.015286340442607732,0,0.4433038728356243,1
ENSG00000065675,PRKCQ,0,0,0,0
ENSG00000066032,CTNNA2,0.014823362734386267,0,0.42987751929720186,1
ENSG00000066735,KIF26A,0,0,0,0
ENSG00000066813,ACSM2B,0,0,0,0
ENSG00000067715,SYT1,0.05478451749542881,0,1.5887510073674356,1
ENSG00000067798,NAV3,0.02746313512984298,0,0.4433038728356243,2
ENSG00000067842,ATP2B3,0,0,0,0
ENSG00000068781,STON1-GTF2A1L,0.018654434033985173,0,0.5409785869855699,1
ENSG00000068985,PAGE1,0,0,0,0
ENSG00000069018,TRPC7,0.03324787691406767,0,0.5409785869855699,2
ENSG00000069122,ADGRF5,0.013798479335825103,0,0.40015590073892787,1
ENSG00000069206,ADAM7,0.027596958671650205,0,0.8003118014778557,1
ENSG00000070031,SCT,0.01217679468723525,0,0.35312704592982236,1
ENSG00000070193,FGF10,0,0,0,0
ENSG00000070729,CNGB1,0.013847413002069977,0,0.4015749770600294,1
ENSG00000070731,ST6GALNAC2,0.030508884801860158,0,0.6167471521700248,2
ENSG00000070748,CHAT,0.015286340442607732,0,0.4433038728356243,1
ENSG00000070808,CAMK2A,0,0,0,0
ENSG00000070886,EPHA8,0,0,0,0
ENSG00000070915,SLC12A3,0,0,0,0
ENSG00000070985,TRPM5,0.05401535936746022,0,1.124559594348863,2
ENSG00000071203,MS4A12,0,0,0,0
ENSG00000071909,MYO3B,0.06487552941611384,0,1.4812344523283736,2
ENSG00000071991,CDH19,0,0,0,0
ENSG00000072041,SLC6A15,0,0,0,0
ENSG00000072080,SPP2,0,0,0,0
ENSG00000072133,RPS6KA6,0,0,0,0
ENSG00000072163,LIMS2,0.019398881516002255,0,0.2945570568801459,2
ENSG00000072315,TRPC5,0,0,0,0
ENSG00000072422,RHOBTB1,0,0,0,0
ENSG00000072657,TRHDE,0,0,0,0
ENSG00000072832,CRMP1,0,0,0,0
ENSG00000073067,CYP2W1,0,0,0,0
ENSG00000073598,FNDC8,0,0,0,0
ENSG00000073754,CD5L,0.08629360835916665,0,2.1493875964860094,2
ENSG00000073792,IGF2BP2,0.025462247128647503,0,0.4438481098506318,2
ENSG00000073861,TBX21,0.027596958671650205,0,0.8003118014778557,1
ENSG00000074047,GLI2,0.048294677675387844,0,1.4005456525862476,1
ENSG00000074211,PPP2R2C,0.061830439140646544,0,1.79308273507875,1
ENSG00000074317,SNCB,0,0,0,0
ENSG00000074803,SLC12A1,0,0,0,0
ENSG00000075035,WSCD2,0,0,0,0
ENSG00000075340,ADD2,0.013798479335825103,0,0.40015590073892787,1
ENSG00000075388,FGF4,0,0,0,0
ENSG00000075429,CACNG5,0,0,0,0
ENSG00000075461,CACNG4,0.020266594074428917,0,0.5877312281584383,1
ENSG00000076716,GPC4,0.11741534055361344,0,2.6010133548030314,2
ENSG00000077009,NMRK2,0.018654434033985173,0,0.5409785869855699,1
ENSG00000077420,APBB1IP,0.025249284953099506,0,0.37910221771006336,2
ENSG00000077498,TYR,0,0,0,0
ENSG00000077800,FKBP6,0.015286340442607732,0,0.4433038728356243,1
ENSG00000077943,ITGA8,0.019488071361263813,0,0.5651540694766504,1
ENSG00000077984,CST7,0,0,0,0
ENSG00000078295,ADCY2,0.046880330108978234,0,0.7943755036837178,2
ENSG00000078549,ADCYAP1R1,0.03235056340784238,0,0.5409785869855699,2
ENSG00000078589,P2RY10,0,0,0,0
ENSG00000078725,BRINP1,0.018654434033985173,0,0.5409785869855699,1
ENSG00000078898,BPIFB2,0,0,0,0
ENSG00000079102,RUNX1T1,0.02031427978483765,0,0.5891141137602918,1
ENSG00000079393,DUSP13B,0.023028708755122047,0,0.6678325538985393,1
ENSG00000079557,AFM,0,0,0,0
ENSG00000079689,SCGN,0.014431767609850314,0,0.2226108512995131,2
ENSG00000079841,RIMS1,0.007676236251707346,0,0.2226108512995131,1
ENSG00000080007,DDX43,0.028242935713148797,0,0.4936619970355597,2
ENSG00000080166,DCT,0.06380142953483017,0,1.8502414565100747,1
ENSG00000080224,EPHA6,0.0413954380074753,0,1.2004677022167836,1
ENSG00000080293,SCTR,0,0,0,0
ENSG00000080561,MID2,0,0,0,0
ENSG00000080572,DNAAF6,0.08302119503081345,0,1.3256574819224507,2
ENSG00000080573,COL5A3,0.01217679468723525,0,0.35312704592982236,1
ENSG00000080644,CHRNA3,0.07728804892580819,0,2.2413534188484374,1
ENSG00000080910,CFHR2,0,0,0,0
ENSG00000081051,AFP,0,0,0,0
ENSG00000081138,CDH7,0,0,0,0
ENSG00000081189,MEF2C,0.02031427978483765,0,0.5891141137602918,1
ENSG00000081248,CACNA1S,0.055090468557473175,0,1.5976235881667216,1
ENSG00000081277,PKP1,0.02063133040136913,0,0.5983085816397046,1
ENSG00000081479,LRP2,0.13108555369033847,0,3.801481057019815,1
ENSG00000081800,SLC13A1,0.05596330210195551,0,1.6229357609567099,1
ENSG00000082175,PGR,0,0,0,0
ENSG00000082293,COL19A1,0.021267143178276722,0,0.6167471521700248,1
ENSG00000082482,KCNK2,0,0,0,0
ENSG00000082497,SERTAD4,0.018654434033985173,0,0.5409785869855699,1
ENSG00000082556,OPRK1,0,0,0,0
ENSG00000083067,TRPM3,0.12380287480352589,0,3.001169255541959,2
ENSG00000083307,GRHL2,0.11192660420391103,0,3.2458715219134198,1
ENSG00000083782,EPYC,0,0,0,0
ENSG00000084453,SLCO1A2,0.03449619833956275,0,1.0003897518473197,1
ENSG00000084628,NKAIN1,0.08037204479744008,0,1.7656352296491118,2
ENSG00000084674,APOB,0,0,0,0
ENSG00000084734,GCKR,0,0,0,0
ENSG00000085265,FCN1,0.01848348324716688,0,0.5360210141678394,1
ENSG00000086205,FOLH1,0,0,0,0
ENSG00000086506,HBQ1,0.019731521971156386,0,0.32538313864575535,2
ENSG00000086717,PPEF1,0,0,0,0
ENSG00000086967,MYBPC2,0.015457609785161636,0,0.4482706837696875,1
ENSG00000086991,NOX4,0.035935161324685355,0,0.6002338511083918,2
ENSG00000087116,ADAMTS2,0,0,0,0
ENSG00000087128,TMPRSS11E,0.08939154277382914,0,2.1440840566713577,2
ENSG00000087494,PTHLH,0,0,0,0
ENSG00000087510,TFAP2C,0,0,0,0
ENSG00000088320,REM1,0,0,0,0
ENSG00000088386,SLC15A1,0.12031359189340299,0,2.948115577923117,2
ENSG00000088726,TMEM40,0.05258943709663283,0,1.3256574819224507,2
ENSG00000088756,ARHGAP28,0.006755531358142967,0,0.19591040938614607,1
ENSG00000088782,DEFB127,0,0,0,0
ENSG00000088827,SIGLEC1,0.027596958671650205,0,0.8003118014778557,1
ENSG00000088882,CPXM1,0,0,0,0
ENSG00000088926,F11,0,0,0,0
ENSG00000089012,SIRPG,0.02380099228716945,0,0.6902287763279139,1
ENSG00000089101,CFAP61,0.057820626799161154,0,1.2334943043400497,2
ENSG00000089116,LHX5,0.02898246981646493,0,0.4433038728356243,2
ENSG00000089169,RPH3A,0,0,0,0
ENSG00000089199,CHGB,0.084959470435467,0,1.5672832750891685,2
ENSG00000089225,TBX5,0.04596044819080792,0,0.8003118014778557,2
ENSG00000089250,NOS1,0.029874542263149156,0,0.5409785869855699,2
ENSG00000089692,LAG3,0.006899239667912551,0,0.20007795036946394,1
ENSG00000090402,SI,0.006899239667912551,0,0.20007795036946394,1
ENSG00000090512,FETUB,0,0,0,0
ENSG00000090534,THPO,0,0,0,0
ENSG00000090659,CD209,0,0,0,0
ENSG00000091010,POU4F3,0,0,0,0
ENSG00000091482,SMPX,0,0,0,0
ENSG00000091583,APOH,0,0,0,0
ENSG00000091664,SLC17A6,0,0,0,0
ENSG00000091704,CPA1,0.013696129373857202,0,0.3971877518418589,1
ENSG00000091831,ESR1,0.030915219570323272,0,0.896541367539375,1
ENSG00000091972,CD200,0.09899993553315853,0,2.070686328983742,2
ENSG00000092054,MYH7,0,0,0,0
ENSG00000092096,SLC22A17,0.01217679468723525,0,0.35312704592982236,1
ENSG00000092345,DAZL,0,0,0,0
ENSG00000092758,COL9A3,0,0,0,0
ENSG00000094796,KRT31,0,0,0,0
ENSG00000094963,FMO2,0,0,0,0
ENSG00000095110,NXPE1,0,0,0,0
ENSG00000095203,EPB41L4B,0.07870430607544564,0,1.2004677022167836,2
ENSG00000095585,BLNK,0.02072452313585969,0,0.4015749770600294,2
ENSG00000095587,TLL2,0.022333934579654074,0,0.35312704592982236,2
ENSG00000095627,TDRD1,0.013435484800844678,0,0.20007795036946394,2
ENSG00000095752,IL11,0.09866279041894195,0,1.5164088708402534,2
ENSG00000095777,MYO3A,0.03653038406170576,0,1.059381137789467,1
ENSG00000095970,TREM2,0.015237442320947715,0,0.4418858273074836,1
ENSG00000095981,KCNK16,0,0,0,0
ENSG00000096006,CRISP3,0,0,0,0
ENSG00000096088,PGC,0,0,0,0
ENSG00000096264,NCR2,0,0,0,0
ENSG00000096395,MLN,0,0,0,0
ENSG00000099139,PCSK5,0.050165441329078256,0,0.8040315212517591,2
ENSG00000099256,PRTFDC1,0,0,0,0
ENSG00000099260,PALMD,0.025531544167774877,0,0.5409785869855699,2
ENSG00000099617,EFNA2,0,0,0,0
ENSG00000099721,AMELY,0,0,0,0
ENSG00000099834,CDHR5,0.01112173051012653,0,0.32253018479366935,1
ENSG00000099954,CECR2,0.02573186000098387,0,0.4015749770600294,2
ENSG00000100012,SEC14L3,0.09071499908142432,0,2.2008574540641033,2
ENSG00000100033,PRODH,0,0,0,0
ENSG00000100053,CRYBB3,0,0,0,0
ENSG00000100078,PLA2G3,0,0,0,0
ENSG00000100079,LGALS2,0,0,0,0
ENSG00000100121,GGTLC2,0,0,0,0
ENSG00000100142,POLR2F,0.011884446998913896,0,0.3446489629685029,1
ENSG00000100146,SOX10,0,0,0,0
ENSG00000100156,SLC16A8,0.01217679468723525,0,0.35312704592982236,1
ENSG00000100170,SLC5A1,0,0,0,0
ENSG00000100249,C22orf31,0,0,0,0
ENSG00000100253,MIOX,0.00851141374199241,0,0.24683099851777984,1
ENSG00000100285,NEFH,0,0,0,0
ENSG00000100302,RASD2,0.06718246488696276,0,1.3315443295518954,2
ENSG00000100312,ACR,0,0,0,0
ENSG00000100341,PNPLA5,0,0,0,0
ENSG00000100373,UPK3A,0.018654434033985173,0,0.5409785869855699,1
ENSG00000100385,IL2RB,0.0406285595696753,0,1.1782282275205835,1
ENSG00000100399,CHADL,0.018363489519157714,0,0.5325411960555738,1
ENSG00000100427,MLC1,0,0,0,0
ENSG00000100557,CCDC198,0.023768893997827792,0,0.6892979259370058,1
ENSG00000100565,LRRC74A,0.010157139892418825,0,0.2945570568801459,1
ENSG00000100593,ISM2,0,0,0,0
ENSG00000100625,SIX4,0.030915219570323272,0,0.896541367539375,1
ENSG00000100665,SERPINA4,0,0,0,0
ENSG00000100721,TCL1A,0,0,0,0
ENSG00000100739,BDKRB1,0.06209315701121294,0,1.8007015533251756,1
ENSG00000100842,EFS,0,0,0,0
ENSG00000100884,CPNE6,0.10827356838785876,0,2.7427457314060453,2
ENSG00000100968,NFATC4,0.04473991138342797,0,1.0973794797499468,2
ENSG00000100987,VSX1,0.027596958671650205,0,0.8003118014778557,1
ENSG00000101017,CD40,0.13538008342753238,0,3.484136592090956,2
ENSG00000101074,R3HDML,0.027725224870750315,0,0.8040315212517591,1
ENSG00000101076,HNF4A,0.037263579192714225,0,0.6507662772915107,2
ENSG00000101098,RIMS4,0,0,0,0
ENSG00000101115,SALL4,0.048294677675387844,0,1.4005456525862476,1
ENSG00000101134,DOK5,0,0,0,0
ENSG00000101180,HRH3,0.3504611733817974,0,10.163374028072123,1
ENSG00000101188,NTSR1,0.010157139892418825,0,0.2945570568801459,1
ENSG00000101200,AVP,0,0,0,0
ENSG00000101203,COL20A1,0.0261449805317285,0,0.7582044354201267,1
ENSG00000101204,CHRNA4,0.011884446998913896,0,0.3446489629685029,1
ENSG00000101230,ISM1,0.051045700098545845,0,1.2334943043400497,2
ENSG00000101276,SLC52A3,0.01217679468723525,0,0.35312704592982236,1
ENSG00000101292,PROKR2,0,0,0,0
ENSG00000101306,MYLK2,0.05788912165007838,0,1.3256574819224507,2
ENSG00000101307,SIRPB1,0,0,0,0
ENSG00000101323,HAO1,0,0,0,0
ENSG00000101327,PDYN,0,0,0,0
ENSG00000101331,CCM2L,0,0,0,0
ENSG00000101336,HCK,0.07159902968180469,0,1.7232448148425143,2
ENSG00000101349,PAK5,0.048294677675387844,0,1.4005456525862476,1
ENSG00000101405,OXT,0.006899239667912551,0,0.20007795036946394,1
ENSG00000101425,BPI,0,0,0,0
ENSG00000101435,CST9L,0,0,0,0
ENSG00000101438,SLC32A1,0.13863770736078368,0,4.020493513462728,1
ENSG00000101441,CST4,0.03565334099674168,0,1.0339468889055086,1
ENSG00000101446,SPINT3,0,0,0,0
ENSG00000101448,EPPIN,0,0,0,0
ENSG00000101463,SYNDIG1,0,0,0,0
ENSG00000101489,CELF4,0.027596958671650205,0,0.8003118014778557,1
ENSG00000101542,CDH20,0.02063133040136913,0,0.5983085816397046,1
ENSG00000101680,LAMA1,0.02172260240229882,0,0.42987751929720186,2
ENSG00000101746,NOL4,0.05360127978089879,0,1.124559594348863,2
ENSG00000101812,H2BW2,0,0,0,0
ENSG00000101825,MXRA5,0,0,0,0
ENSG00000101842,VSIG1,0,0,0,0
ENSG00000101883,RHOXF1,0.02031427978483765,0,0.5891141137602918,2
ENSG00000101892,ATP1B4,0.027392258747714403,0,0.7943755036837178,1
ENSG00000101916,TLR8,0,0,0,0
ENSG00000101938,CHRDL1,0,0,0,0
ENSG00000101951,PAGE4,0.010157139892418825,0,0.2945570568801459,1
ENSG00000101958,GLRA2,0.021267143178276722,0,0.6167471521700248,1
ENSG00000101977,MCF2,0.023768893997827792,0,0.6892979259370058,1
ENSG00000101981,F9,0,0,0,0
ENSG00000102010,BMX,0,0,0,0
ENSG00000102021,LUZP4,0,0,0,0
ENSG00000102076,OPN1LW,0,0,0,0
ENSG00000102104,RS1,0,0,0,0
ENSG00000102109,PCSK1N,0,0,0,0
ENSG00000102128,RAB40AL,0.027022125432571868,0,0.7836416375445843,1
ENSG00000102195,GPR50,0,0,0,0
ENSG00000102230,PCYT1B,0.012925972348837507,0,0.3748531981162877,1
ENSG00000102239,BRS3,0.05591490001228301,0,1.1782282275205835,2
ENSG00000102243,VGLL1,0.027694826004139955,0,0.8031499541200589,1
ENSG00000102271,KLHL4,0,0,0,0
ENSG00000102287,GABRE,0.03240865430156458,0,0.5409785869855699,2
ENSG00000102313,ITIH6,0.013798479335825103,0,0.40015590073892787,1
ENSG00000102468,HTR2A,0.028811573926403992,0,0.5409785869855699,2
ENSG00000102575,ACP5,0,0,0,0
ENSG00000102678,FGF9,0.025851944697675013,0,0.7497063962325754,1
ENSG00000102683,SGCG,0,0,0,0
ENSG00000102794,ACOD1,0,0,0,0
ENSG00000102837,OLFM4,0.27076016685506477,0,6.968273184181912,2
ENSG00000102854,MSLN,0.1660423900616269,0,2.6513149638449014,2
ENSG00000102891,MT4,0,0,0,0
ENSG00000102935,ZNF423,0,0,0,0
ENSG00000102970,CCL17,0.10115436553410831,0,2.400935404433567,2
ENSG00000103310,ZP2,0.01217679468723525,0,0.35312704592982236,1
ENSG00000103355,PRSS33,0,0,0,0
ENSG00000103426,CORO7-PAM16,0,0,0,0
ENSG00000103528,SYT17,0.0243535893744705,0,0.7062540918596447,1
ENSG00000103546,SLC6A2,0,0,0,0
ENSG00000103569,AQP9,0,0,0,0
ENSG00000103647,CORO2B,0.22694463441506027,0,6.58139439803675,1
ENSG00000103710,RASL12,0.10499522291909184,0,2.6010133548030314,2
ENSG00000103742,IGDCC4,0.09058805060819561,0,2.0618993981610214,2
ENSG00000104055,TGM5,0.013798479335825103,0,0.40015590073892787,1
ENSG00000104059,ENTREP2,0.006899239667912551,0,0.20007795036946394,1
ENSG00000104112,SCG3,0,0,0,0
ENSG00000104213,PDGFRL,0.052289961063457,0,1.5164088708402534,1
ENSG00000104313,EYA1,0.006877110133789707,0,0.19943619387990152,1
ENSG00000104321,TRPA1,0.046201560012931006,0,0.896541367539375,2
ENSG00000104369,JPH1,0.20095386567106496,0,5.483013141492379,2
ENSG00000104371,DKK4,0.015305107236228677,0,0.4438481098506318,1
ENSG00000104415,CCN4,0.045915321708686035,0,1.3315443295518954,1
ENSG00000104435,STMN2,0.027596958671650205,0,0.8003118014778557,1
ENSG00000104537,ANXA13,0.02069771900373765,0,0.6002338511083918,1
ENSG00000104755,ADAM2,0,0,0,0
ENSG00000104760,FGL1,0,0,0,0
ENSG00000104818,CGB2,0,0,0,0
ENSG00000104827,CGB3,0.01112173051012653,0,0.32253018479366935,1
ENSG00000104879,CKM,0,0,0,0
ENSG00000104918,RETN,0,0,0,0
ENSG00000104921,FCER2,0,0,0,0
ENSG00000104938,CLEC4M,0.061659169798092654,0,1.3448120513090625,2
ENSG00000104941,RSPH6A,0.03717926532499068,0,0.7836416375445843,2
ENSG00000104972,LILRB1,0,0,0,0
ENSG00000104974,LILRA1,0,0,0,0
ENSG00000105141,CASP14,0,0,0,0
ENSG00000105198,LGALS13,0,0,0,0
ENSG00000105251,SHD,0,0,0,0
ENSG00000105261,OVOL3,0.04087587857707311,0,0.6167471521700248,2
ENSG00000105352,CEACAM4,0,0,0,0
ENSG00000105370,LIM2,0,0,0,0
ENSG00000105371,ICAM4,0,0,0,0
ENSG00000105374,NKG7,0.028640623139585698,0,0.5360210141678394,2
ENSG00000105392,CRX,0.006877110133789707,0,0.19943619387990152,1
ENSG00000105398,SULT2A1,0.06617330111266084,0,1.3299116185068727,2
ENSG00000105428,ZNRF4,0,0,0,0
ENSG00000105507,CABP5,0.10666209624663395,0,3.0932007911523853,1
ENSG00000105509,HAS1,0.03366032468749195,0,0.9761494159372661,1
ENSG00000105549,SPMAP2,0,0,0,0
ENSG00000105550,FGF21,0,0,0,0
ENSG00000105610,KLF1,0.06788154895318582,0,1.0819571739711398,2
ENSG00000105641,SLC5A5,0.051156281070040305,0,1.0819571739711398,2
ENSG00000105647,PIK3R2,0.013754220267579415,0,0.39887238775980305,1
ENSG00000105675,ATP4A,0,0,0,0
ENSG00000105679,GAPDHS,0.030471419677256462,0,0.8836711706404378,1
ENSG00000105707,HPN,0,0,0,0
ENSG00000105737,GRIK5,0.014823362734386267,0,0.42987751929720186,1
ENSG00000105880,DLX5,0.0378978262434896,0,0.6507662772915107,2
ENSG00000105889,STEAP1B,0.02244021645832796,0,0.6507662772915107,2
ENSG00000105954,NPVF,0,0,0,0
ENSG00000105967,TFEC,0.013798479335825103,0,0.40015590073892787,1
ENSG00000105989,WNT2,0,0,0,0
ENSG00000106018,VIPR2,0,0,0,0
ENSG00000106031,HOXA13,0,0,0,0
ENSG00000106034,CPED1,0.019053904821024963,0,0.35312704592982236,2
ENSG00000106038,EVX1,0.14735380341796073,0,2.9284482478117986,2
ENSG00000106123,EPHB6,0,0,0,0
ENSG00000106128,GHRHR,0,0,0,0
ENSG00000106178,CCL24,0,0,0,0
ENSG00000106236,NPTX2,0,0,0,0
ENSG00000106304,SPAM1,0,0,0,0
ENSG00000106328,FSCN3,0.007568134343103082,0,0.21947589594998934,1
ENSG00000106331,PAX4,0,0,0,0
ENSG00000106341,PPP1R17,0,0,0,0
ENSG00000106384,MOGAT3,0.012925972348837507,0,0.3748531981162877,1
ENSG00000106410,NOBOX,0,0,0,0
ENSG00000106436,MYL10,0,0,0,0
ENSG00000106511,MEOX2,0,0,0,0
ENSG00000106536,POU6F2,0,0,0,0
ENSG00000106538,RARRES2,0.015237442320947715,0,0.4418858273074836,1
ENSG00000106565,TMEM176B,0.015457609785161636,0,0.4482706837696875,1
ENSG00000106624,AEBP1,0,0,0,0
ENSG00000106631,MYL7,0.015305107236228677,0,0.4438481098506318,1
ENSG00000106648,GALNTL5,0.02063133040136913,0,0.5983085816397046,1
ENSG00000106689,LHX2,0.04130955448283665,0,0.7497063962325754,2
ENSG00000106714,CNTNAP3,0.047537787995655584,0,1.3785958518740116,1
ENSG00000106952,TNFSF8,0.022185580110520277,0,0.4433038728356243,2
ENSG00000107147,KCNT1,0.021890164320123747,0,0.6348147652835887,1
ENSG00000107159,CA9,0,0,0,0
ENSG00000107186,MPDZ,0.018654434033985173,0,0.5409785869855699,1
ENSG00000107187,LHX3,0,0,0,0
ENSG00000107242,PIP5K1B,0.011884446998913896,0,0.3446489629685029,1
ENSG00000107282,APBA1,0,0,0,0
ENSG00000107317,PTGDS,0.021523649253777328,0,0.4015749770600294,2
ENSG00000107338,SHB,0.015136268686206164,0,0.4389517918999787,1
ENSG00000107447,DNTT,0,0,0,0
ENSG00000107719,PALD1,0,0,0,0
ENSG00000107807,TLX1,0.00851141374199241,0,0.24683099851777984,1
ENSG00000107831,FGF8,0.010157139892418825,0,0.2945570568801459,1
ENSG00000107859,PITX3,0.03404565496796964,0,0.9873239940711194,1
ENSG00000108018,SORCS1,0,0,0,0
ENSG00000108231,LGI1,0,0,0,0
ENSG00000108242,CYP2C18,0,0,0,0
ENSG00000108255,CRYBA1,0.013696129373857202,0,0.3971877518418589,1
ENSG00000108342,CSF3,0,0,0,0
ENSG00000108381,ASPA,0.0361083724136426,0,0.8003118014778557,2
ENSG00000108417,KRT37,0,0,0,0
ENSG00000108551,RASD1,0.013847413002069977,0,0.4015749770600294,1
ENSG00000108688,CCL7,0.0484836874218782,0,0.9761494159372661,2
ENSG00000108700,CCL8,0,0,0,0
ENSG00000108759,KRT32,0,0,0,0
ENSG00000108797,CNTNAP1,0.01848348324716688,0,0.5360210141678394,1
ENSG00000108798,ABI3,0.011884446998913896,0,0.3446489629685029,1
ENSG00000108813,DLX4,0,0,0,0
ENSG00000108823,SGCA,0,0,0,0
ENSG00000108825,PTGES3L-AARSD1,0,0,0,0
ENSG00000108846,ABCC3,0.006899239667912551,0,0.20007795036946394,1
ENSG00000108878,CACNG1,0,0,0,0
ENSG00000108947,EFNB3,0.021377248121582794,0,0.32538313864575535,2
ENSG00000109047,RCVRN,0,0,0,0
ENSG00000109061,MYH1,0.10630126474709586,0,2.0007795036946394,2
ENSG00000109101,FOXN1,0,0,0,0
ENSG00000109132,PHOX2B,0,0,0,0
ENSG00000109158,GABRA4,0.028166382846189268,0,0.6167471521700248,2
ENSG00000109163,GNRHR,0.02224346102025306,0,0.6450603695873387,1
ENSG00000109181,UGT2B10,0,0,0,0
ENSG00000109182,CWH43,0.013847413002069977,0,0.4015749770600294,1
ENSG00000109193,SULT1E1,0.02712188931986161,0,0.4418858273074836,2
ENSG00000109205,ODAM,0,0,0,0
ENSG00000109208,SMR3A,0,0,0,0
ENSG00000109255,NMU,0.015286340442607732,0,0.4433038728356243,1
ENSG00000109272,PF4V1,0,0,0,0
ENSG00000109424,UCP1,0.011884446998913896,0,0.3446489629685029,1
ENSG00000109436,TBC1D9,0.006899239667912551,0,0.20007795036946394,1
ENSG00000109471,IL2,0.03047488464189543,0,0.8837716546149672,1
ENSG00000109610,SOD3,0,0,0,0
ENSG00000109625,CPZ,0,0,0,0
ENSG00000109667,SLC2A9,0,0,0,0
ENSG00000109684,CLNK,0,0,0,0
ENSG00000109738,GLRB,0,0,0,0
ENSG00000109943,CRTAM,0.027694826004139955,0,0.8031499541200589,1
ENSG00000109944,JHY,0.18272553415713344,0,2.948115577923117,2
ENSG00000109956,B3GAT1,0,0,0,0
ENSG00000109991,P2RX3,0.006899239667912551,0,0.20007795036946394,1
ENSG00000110076,NRXN2,0.030572680885215465,0,0.8866077456712486,1
ENSG00000110203,FOLR3,0,0,0,0
ENSG00000110243,APOA5,0,0,0,0
ENSG00000110244,APOA4,0,0,0,0
ENSG00000110245,APOC3,0.08756065728049499,0,2.539259061134355,1
ENSG00000110318,CEP126,0.03781445923823582,0,0.896541367539375,2
ENSG00000110328,GALNT18,0.02750844053515883,0,0.7977447755196061,1
ENSG00000110375,UPK2,0,0,0,0
ENSG00000110427,KIAA1549L,0,0,0,0
ENSG00000110448,CD5,0,0,0,0
ENSG00000110455,ACCS,0.0387779170465125,0,1.124559594348863,1
ENSG00000110484,SCGB2A2,0,0,0,0
ENSG00000110660,SLC35F2,0.0973936929184426,0,2.2261085129951312,2
ENSG00000110665,C11orf21,0,0,0,0
ENSG00000110675,ELMOD1,0.018363489519157714,0,0.5325411960555738,1
ENSG00000110680,CALCA,0,0,0,0
ENSG00000110723,EXPH5,0.029084855323017692,0,0.4418858273074836,2
ENSG00000110777,POU2AF1,0.021267143178276722,0,0.6167471521700248,1
ENSG00000110799,VWF,0.026408070952734262,0,0.4433038728356243,2
ENSG00000110900,TSPAN11,0.03990201955798558,0,0.8040315212517591,2
ENSG00000111046,MYF6,0.02069771900373765,0,0.6002338511083918,1
ENSG00000111049,MYF5,0,0,0,0
ENSG00000111052,LIN7A,0.04605741751024409,0,1.3356651077970787,1
ENSG00000111058,ACSS3,0.013798479335825103,0,0.40015590073892787,1
ENSG00000111199,TRPV4,0.015237442320947715,0,0.4418858273074836,1
ENSG00000111218,PRMT8,0.030704945006829385,0,0.8904434051980524,1
ENSG00000111241,FGF6,0.021890164320123747,0,0.6348147652835887,1
ENSG00000111245,MYL2,0,0,0,0
ENSG00000111262,KCNA1,0,0,0,0
ENSG00000111291,GPRC5D,0,0,0,0
ENSG00000111305,GSG1,0.013696129373857202,0,0.3971877518418589,1
ENSG00000111339,ART4,0.027694826004139955,0,0.8031499541200589,1
ENSG00000111432,FZD10,0,0,0,0
ENSG00000111700,SLCO1B3,0,0,0,0
ENSG00000111701,APOBEC1,0.03205961889301493,0,0.5325411960555738,2
ENSG00000111704,NANOG,0.03785156088042153,0,0.5651540694766504,2
ENSG00000111713,GYS2,0.03565334099674168,0,1.0339468889055086,1
ENSG00000111729,CLEC4A,0,0,0,0
ENSG00000111863,ADTRP,0.061188720390538624,0,1.2334943043400497,2
ENSG00000111886,GABRR2,0.03742607964033477,0,0.7062540918596447,2
ENSG00000112038,OPRM1,0,0,0,0
ENSG00000112041,TULP1,0.05399652193174872,0,0.9675905543810082,2
ENSG00000112077,RHAG,0.015286340442607732,0,0.4433038728356243,1
ENSG00000112115,IL17A,0,0,0,0
ENSG00000112116,IL17F,0,0,0,0
ENSG00000112164,GLP1R,0,0,0,0
ENSG00000112175,BMP5,0,0,0,0
ENSG00000112183,RBM24,0,0,0,0
ENSG00000112186,CAP2,0.013754220267579415,0,0.39887238775980305,1
ENSG00000112195,TREML2,0.007296721440041249,0,0.21160492176119622,1
ENSG00000112212,TSPO2,0,0,0,0
ENSG00000112214,FHL5,0,0,0,0
ENSG00000112246,SIM1,0.006899239667912551,0,0.20007795036946394,1
ENSG00000112273,HDGFL1,0,0,0,0
ENSG00000112276,BVES,0.06908612626536614,0,2.003497661695618,1
ENSG00000112299,VNN1,0.06380142953483017,0,1.8502414565100747,1
ENSG00000112320,SOBP,0.023006177509040413,0,0.3446489629685029,2
ENSG00000112333,NR2E1,0.27556513542644323,0,7.592516539607053,2
ENSG00000112337,SLC17A2,0.013798479335825103,0,0.40015590073892787,1
ENSG00000112414,ADGRG6,0.015457609785161636,0,0.4482706837696875,1
ENSG00000112462,OR12D3,0,0,0,0
ENSG00000112486,CCR6,0,0,0,0
ENSG00000112494,UNC93A,0,0,0,0
ENSG00000112499,SLC22A2,0,0,0,0
ENSG00000112530,PACRG,0.03389187635493289,0,0.5409785869855699,2
ENSG00000112541,PDE10A,0,0,0,0
ENSG00000112559,MDFI,0.03697914686741512,0,1.0723952591550383,1
ENSG00000112562,SMOC2,0,0,0,0
ENSG00000112769,LAMA4,0.08897384408101223,0,2.580241478349355,1
ENSG00000112782,CLIC5,0.15008210173390577,0,3.752147099174876,2
ENSG00000112796,ENPP5,0,0,0,0
ENSG00000112799,LY86,0,0,0,0
ENSG00000112818,MEP1A,0,0,0,0
ENSG00000113088,GZMK,0,0,0,0
ENSG00000113100,CDH9,0.028166382846189268,0,0.6167471521700248,2
ENSG00000113196,HAND1,0,0,0,0
ENSG00000113262,GRM6,0.013798479335825103,0,0.40015590073892787,1
ENSG00000113302,IL12B,0,0,0,0
ENSG00000113361,CDH6,0.06363953835366286,0,1.6229357609567099,2
ENSG00000113396,SLC27A6,0.006899239667912551,0,0.20007795036946394,1
ENSG00000113492,AGXT2,0,0,0,0
ENSG00000113494,PRLR,0,0,0,0
ENSG00000113520,IL4,0.026474203013541225,0,0.4452217025990262,2
ENSG00000113657,DPYSL3,0.02539458221336653,0,0.4418858273074836,2
ENSG00000113722,CDX1,0,0,0,0
ENSG00000113749,HRH2,0.03594568868506304,0,0.6892979259370058,2
ENSG00000113805,CNTN3,0.006899239667912551,0,0.20007795036946394,1
ENSG00000113905,HRG,0,0,0,0
ENSG00000113946,CLDN16,0.011884446998913896,0,0.3446489629685029,1
ENSG00000114013,CD86,0.04488043291665593,0,1.3015325545830214,1
ENSG00000114200,BCHE,0.04813324994744666,0,0.7943755036837178,2
ENSG00000114204,SERPINI2,0,0,0,0
ENSG00000114248,LRRC31,0,0,0,0
ENSG00000114251,WNT5A,0.045712326962843136,0,1.3256574819224507,1
ENSG00000114455,HHLA2,0.021267143178276722,0,0.6167471521700248,1
ENSG00000114654,EFCC1,0,0,0,0
ENSG00000114757,PEX5L,0.015286340442607732,0,0.4433038728356243,1
ENSG00000114771,AADAC,0.010157139892418825,0,0.2945570568801459,1
ENSG00000114786,ABHD14A-ACY1,0.025614749677580453,0,0.4482706837696875,2
ENSG00000114805,PLCH1,0.03696696649433376,0,1.0720420283356789,1
ENSG00000114923,SLC4A3,0.04637282935548491,0,1.3448120513090625,1
ENSG00000115041,KCNIP3,0,0,0,0
ENSG00000115085,ZAP70,0,0,0,0
ENSG00000115112,TFCP2L1,0.006877110133789707,0,0.19943619387990152,1
ENSG00000115138,POMC,0,0,0,0
ENSG00000115290,GRB14,0.019488071361263813,0,0.5651540694766504,1
ENSG00000115339,GALNT3,0.08302119503081345,0,1.3256574819224507,2
ENSG00000115361,ACADL,0.018654434033985173,0,0.5409785869855699,1
ENSG00000115386,REG1A,0,0,0,0
ENSG00000115488,NEU2,0,0,0,0
ENSG00000115523,GNLY,0.03919892011980713,0,0.7836416375445843,2
ENSG00000115590,IL1R2,0.047537787995655584,0,1.3785958518740116,1
ENSG00000115592,PRKAG3,0,0,0,0
ENSG00000115593,SMYD1,0.03394077447659291,0,0.5409785869855699,2
ENSG00000115594,IL1R1,0.1632203384807497,0,4.288168113342715,2
ENSG00000115598,IL1RL2,0.011884446998913896,0,0.3446489629685029,1
ENSG00000115616,SLC9A2,0.04956965360430845,0,0.896541367539375,2
ENSG00000115665,SLC5A7,0,0,0,0
ENSG00000115705,TPO,0.013847413002069977,0,0.4015749770600294,1
ENSG00000115718,PROC,0.02107919705938902,0,0.39182081877229213,2
ENSG00000115844,DLX2,0.012925972348837507,0,0.3748531981162877,1
ENSG00000115850,LCT,0.03565334099674168,0,1.0339468889055086,1
ENSG00000116014,KISS1R,0.04126266080273826,0,1.1966171632794091,1
ENSG00000116031,CD207,0,0,0,0
ENSG00000116035,VAX2,0.0406285595696753,0,1.1782282275205835,1
ENSG00000116132,PRRX1,0.21319878700738287,0,4.837952771905041,2
ENSG00000116141,MARK1,0.027574829137527356,0,0.6002338511083918,2
ENSG00000116157,GPX7,0,0,0,0
ENSG00000116218,NPHS2,0.006899239667912551,0,0.20007795036946394,1
ENSG00000116574,RHOU,0.03672697903831543,0,1.0650823921111476,1
ENSG00000116675,DNAJC6,0.13285632779592915,0,3.10312710984937,2
ENSG00000116703,PDC,0.030610214472457355,0,0.8876962197012636,1
ENSG00000116721,PRAMEF1,0,0,0,0
ENSG00000116726,PRAMEF12,0,0,0,0
ENSG00000116745,RPE65,0.02224346102025306,0,0.6450603695873387,1
ENSG00000116748,AMPD1,0,0,0,0
ENSG00000116774,OLFML3,0.048294677675387844,0,1.4005456525862476,1
ENSG00000116783,TNNI3K,0.030660277934402132,0,0.5360210141678394,2
ENSG00000116785,CFHR3,0.007676236251707346,0,0.2226108512995131,1
ENSG00000116882,HAO2,0,0,0,0
ENSG00000116981,NT5C1A,0,0,0,0
ENSG00000116996,ZP4,0.019488071361263813,0,0.5651540694766504,1
ENSG00000117069,ST6GALNAC5,0,0,0,0
ENSG00000117148,ACTL8,0,0,0,0
ENSG00000117154,IGSF21,0,0,0,0
ENSG00000117322,CR2,0.07109997924693177,0,2.0618993981610214,1
ENSG00000117501,MROH9,0.09327217016992584,0,2.70489293492785,1
ENSG00000117594,HSD11B1,0.019488071361263813,0,0.5651540694766504,1
ENSG00000117791,MTARC2,0.018654434033985173,0,0.5409785869855699,1
ENSG00000117834,SLC5A9,0.018654434033985173,0,0.5409785869855699,1
ENSG00000117983,MUC5B,0.014823362734386267,0,0.42987751929720186,1
ENSG00000118017,A4GNT,0.018654434033985173,0,0.5409785869855699,1
ENSG00000118094,TREH,0,0,0,0
ENSG00000118113,MMP8,0,0,0,0
ENSG00000118137,APOA1,0.20641867407462083,0,4.418858273074836,2
ENSG00000118194,TNNT2,0.14488403302616357,0,4.201636957758743,1
ENSG00000118231,CRYGD,0,0,0,0
ENSG00000118245,TNP1,0,0,0,0
ENSG00000118271,TTR,0.03775409856406902,0,0.8003118014778557,2
ENSG00000118276,B4GALT6,0.018654434033985173,0,0.5409785869855699,1
ENSG00000118432,CNR1,0.011220108229163982,0,0.32538313864575535,1
ENSG00000118434,SPACA1,0,0,0,0
ENSG00000118491,ZC2HC1B,0,0,0,0
ENSG00000118526,TCF21,0.021377248121582794,0,0.32538313864575535,2
ENSG00000118702,GHRH,0.021267143178276722,0,0.6167471521700248,1
ENSG00000118733,OLFM3,0,0,0,0
ENSG00000118777,ABCG2,0.030572680885215465,0,0.8866077456712486,1
ENSG00000118972,FGF23,0.02308311224125633,0,0.3748531981162877,2
ENSG00000119121,TRPM6,0.017056379560331375,0,0.2945570568801459,2
ENSG00000119147,ECRG4,0.03565334099674168,0,1.0339468889055086,1
ENSG00000119283,TRIM67,0.036634000371297853,0,0.7943755036837178,2
ENSG00000119535,CSF3R,0.36841785696633067,0,10.68411785202359,1
ENSG00000119614,VSX2,0.048294677675387844,0,1.4005456525862476,1
ENSG00000119698,PPP4R4,0,0,0,0
ENSG00000119913,TECTB,0.027000157421621516,0,0.42987751929720186,2
ENSG00000119915,ELOVL3,0.04447008820315882,0,1.2896325578916055,1
ENSG00000119919,NKX2-3,0,0,0,0
ENSG00000119938,PPP1R3C,0.006536245132932125,0,0.18955110885503168,1
ENSG00000119973,PRLHR,0,0,0,0
ENSG00000120054,CPN1,0,0,0,0
ENSG00000120057,SFRP5,0.012925972348837507,0,0.3748531981162877,1
ENSG00000120068,HOXB8,0,0,0,0
ENSG00000120088,CRHR1,0,0,0,0
ENSG00000120094,HOXB1,0,0,0,0
ENSG00000120211,INSL4,0,0,0,0
ENSG00000120235,IFNA6,0,0,0,0
ENSG00000120242,IFNA8,0.015305107236228677,0,0.4438481098506318,1
ENSG00000120251,GRIA2,0,0,0,0
ENSG00000120278,PLEKHG1,0.02374885606294012,0,0.4418858273074836,2
ENSG00000120279,MYCT1,0.08969011568286317,0,2.6010133548030314,1
ENSG00000120280,TASL,0.03653038406170576,0,1.059381137789467,1
ENSG00000120289,MAGEB4,0,0,0,0
ENSG00000120322,PCDHB8,0,0,0,0
ENSG00000120337,TNFSF18,0,0,0,0
ENSG00000120436,GPR31,0,0,0,0
ENSG00000120440,TTLL2,0,0,0,0
ENSG00000120457,KCNJ5,0.01037049559986612,0,0.3007443723961176,1
ENSG00000120471,TP53AIP1,0.00851141374199241,0,0.24683099851777984,1
ENSG00000120498,TEX11,0,0,0,0
ENSG00000120563,LYZL1,0.030471419677256462,0,0.8836711706404378,1
ENSG00000120645,IQSEC3,0.013776349801702259,0,0.20007795036946394,2
ENSG00000120659,TNFSF11,0.023104555228077875,0,0.3446489629685029,2
ENSG00000120729,MYOT,0,0,0,0
ENSG00000120903,CHRNA2,0,0,0,0
ENSG00000120907,ADRA1A,0,0,0,0
ENSG00000120937,NPPB,0.03219872678375154,0,0.5891141137602918,2
ENSG00000120952,PRAMEF2,0,0,0,0
ENSG00000121053,EPX,0,0,0,0
ENSG00000121075,TBX4,0,0,0,0
ENSG00000121210,TMEM131L,0.026579340295288162,0,0.4482706837696875,2
ENSG00000121314,TAS2R8,0.03653038406170576,0,1.059381137789467,1
ENSG00000121335,PRB2,0,0,0,0
ENSG00000121351,IAPP,0,0,0,0
ENSG00000121361,KCNJ8,0,0,0,0
ENSG00000121377,TAS2R7,0,0,0,0
ENSG00000121380,BCL2L14,0.02069771900373765,0,0.6002338511083918,1
ENSG00000121381,TAS2R9,0.036027331642339996,0,0.6014887447922352,2
ENSG00000121440,PDZRN3,0.04488043291665593,0,1.3015325545830214,1
ENSG00000121446,RGSL1,0.06209315701121294,0,1.8007015533251756,1
ENSG00000121570,DPPA4,0,0,0,0
ENSG00000121634,GJA8,0,0,0,0
ENSG00000121742,GJB6,0,0,0,0
ENSG00000121764,HCRTR1,0.03939542523371742,0,0.6014887447922352,2
ENSG00000121853,GHSR,0.059173166505914664,0,1.3713728657030226,2
ENSG00000121871,SLITRK3,0.030704945006829385,0,0.8904434051980524,1
ENSG00000121898,CPXM2,0.05519391734330041,0,1.6006236029557115,1
ENSG00000121903,ZSCAN20,0.018654434033985173,0,0.5409785869855699,1
ENSG00000121905,HPCA,0,0,0,0
ENSG00000122025,FLT3,0.027596958671650205,0,0.8003118014778557,1
ENSG00000122121,XPNPEP2,0,0,0,0
ENSG00000122122,SASH3,0,0,0,0
ENSG00000122136,OBP2A,0,0,0,0
ENSG00000122145,TBX22,0.027645892337895075,0,0.4015749770600294,2
ENSG00000122176,FMOD,0.0746177361359407,0,2.1639143479422795,1
ENSG00000122180,MYOG,0,0,0,0
ENSG00000122194,PLG,0.007296721440041249,0,0.21160492176119622,1
ENSG00000122223,CD244,0,0,0,0
ENSG00000122224,LY9,0.03449619833956275,0,1.0003897518473197,1
ENSG00000122304,PRM2,0,0,0,0
ENSG00000122375,OPN4,0,0,0,0
ENSG00000122420,PTGFR,0.015237442320947715,0,0.4418858273074836,1
ENSG00000122543,OCM,0.01702282748398482,0,0.4936619970355597,1
ENSG00000122574,WIPF3,0,0,0,0
ENSG00000122584,NXPH1,0,0,0,0
ENSG00000122585,NPY,0,0,0,0
ENSG00000122592,HOXA7,0.007676236251707346,0,0.2226108512995131,1
ENSG00000122679,RAMP3,0,0,0,0
ENSG00000122691,TWIST1,0.015286340442607732,0,0.4433038728356243,1
ENSG00000122728,TAF1L,0,0,0,0
ENSG00000122733,PHF24,0,0,0,0
ENSG00000122852,SFTPA1,0.04488043291665593,0,1.3015325545830214,1
ENSG00000122859,NEUROG3,0.03917695210885678,0,0.7062540918596447,2
ENSG00000122870,BICC1,0.03347779676837145,0,0.5409785869855699,2
ENSG00000123094,RASSF8,0.04901279719090662,0,0.9761494159372661,2
ENSG00000123096,SSPN,0.01217679468723525,0,0.35312704592982236,1
ENSG00000123165,ACTRT1,0,0,0,0
ENSG00000123171,CCDC70,0.018363489519157714,0,0.5325411960555738,1
ENSG00000123243,ITIH5,0,0,0,0
ENSG00000123307,NEUROD4,0,0,0,0
ENSG00000123342,MMP19,0.0635348669506411,0,1.3015325545830214,2
ENSG00000123407,HOXC12,0,0,0,0
ENSG00000123453,SARDH,0,0,0,0
ENSG00000123454,DBH,0,0,0,0
ENSG00000123500,COL10A1,0,0,0,0
ENSG00000123560,PLP1,0.018654434033985173,0,0.5409785869855699,1
ENSG00000123561,SERPINA7,0.12075833028646689,0,3.201247205911423,2
ENSG00000123569,H2BW1,0,0,0,0
ENSG00000123572,NRK,0.030572680885215465,0,0.8866077456712486,1
ENSG00000123576,ESX1,0,0,0,0
ENSG00000123584,MAGEA9,0,0,0,0
ENSG00000123594,ATXN3L,0,0,0,0
ENSG00000123607,TTC21B,0.04448692204050612,0,1.2901207391746774,1
ENSG00000123610,TNFAIP6,0.023768893997827792,0,0.6892979259370058,1
ENSG00000123838,C4BPA,0.030831228721220422,0,0.5409785869855699,2
ENSG00000123843,C4BPB,0,0,0,0
ENSG00000123901,GPR83,0.006899239667912551,0,0.20007795036946394,1
ENSG00000123999,INHA,0,0,0,0
ENSG00000124003,MOGAT1,0.013798479335825103,0,0.40015590073892787,1
ENSG00000124089,MC3R,0,0,0,0
ENSG00000124092,CTCFL,0.03449619833956275,0,1.0003897518473197,1
ENSG00000124126,PREX1,0.012925972348837507,0,0.3748531981162877,1
ENSG00000124134,KCNS1,0.03479317859749249,0,0.5651540694766504,2
ENSG00000124143,ARHGAP40,0.018654434033985173,0,0.5409785869855699,1
ENSG00000124157,SEMG2,0,0,0,0
ENSG00000124159,MATN4,0.022440216458327965,0,0.6507662772915107,1
ENSG00000124196,GTSF1L,0.015237442320947715,0,0.4418858273074836,1
ENSG00000124203,ZNF831,0,0,0,0
ENSG00000124205,EDN3,0,0,0,0
ENSG00000124208,PEDS1-UBE2V1,0,0,0,0
ENSG00000124212,PTGIS,0,0,0,0
ENSG00000124216,SNAI1,0.048579313345579175,0,1.0339468889055086,2
ENSG00000124227,ANKRD60,0,0,0,0
ENSG00000124232,RBPJL,0.021267143178276722,0,0.6167471521700248,1
ENSG00000124233,SEMG1,0,0,0,0
ENSG00000124249,KCNK15,0.018654434033985173,0,0.5409785869855699,1
ENSG00000124253,PCK1,0.6159254199755693,0,13.991474961767482,2
ENSG00000124429,POF1B,0.015237442320947715,0,0.4418858273074836,1
ENSG00000124440,HIF3A,0.011884446998913896,0,0.3446489629685029,1
ENSG00000124469,CEACAM8,0.021418536310818692,0,0.35312704592982236,2
ENSG00000124479,NDP,0,0,0,0
ENSG00000124490,CRISP2,0,0,0,0
ENSG00000124491,F13A1,0,0,0,0
ENSG00000124493,GRM4,0,0,0,0
ENSG00000124507,PACSIN1,0,0,0,0
ENSG00000124557,BTN1A1,0.6247351351588563,0,18.117318919606827,1
ENSG00000124564,SLC17A3,0.047458804023317036,0,0.9761494159372661,2
ENSG00000124568,SLC17A1,0,0,0,0
ENSG00000124610,H1-1,0.015237442320947715,0,0.4418858273074836,1
ENSG00000124731,TREM1,0,0,0,0
ENSG00000124743,KLHL31,0.011884446998913896,0,0.3446489629685029,1
ENSG00000124780,KCNK17,0,0,0,0
ENSG00000124812,CRISP1,0,0,0,0
ENSG00000124839,RAB17,0.04154223900620994,0,1.2047249311800883,1
ENSG00000124900,TRIM51,0,0,0,0
ENSG00000124935,SCGB1D2,0,0,0,0
ENSG00000124939,SCGB2A1,0,0,0,0
ENSG00000125084,WNT1,0.013798479335825103,0,0.40015590073892787,1
ENSG00000125144,MT1G,0.010157139892418825,0,0.2945570568801459,1
ENSG00000125207,PIWIL1,0,0,0,0
ENSG00000125255,SLC10A2,0,0,0,0
ENSG00000125285,SOX21,0,0,0,0
ENSG00000125363,AMELX,0,0,0,0
ENSG00000125378,BMP4,0.04418597820176004,0,1.0819571739711398,2
ENSG00000125384,PTGER2,0.05231475872147713,0,0.9761494159372661,2
ENSG00000125414,MYH2,0,0,0,0
ENSG00000125492,BARHL1,0,0,0,0
ENSG00000125498,KIR2DL1,0,0,0,0
ENSG00000125522,NPBWR2,0,0,0,0
ENSG00000125533,BHLHE23,0,0,0,0
ENSG00000125551,PLGLB2,0.021372365625564552,0,0.3971877518418589,2
ENSG00000125571,IL37,0.04595445147795011,0,0.9795520469307304,2
ENSG00000125675,GRIA3,0.054401315887224196,0,0.9761494159372661,2
ENSG00000125780,TGM3,0.029874542263149156,0,0.5409785869855699,2
ENSG00000125787,GNRH2,0.021267143178276722,0,0.6167471521700248,1
ENSG00000125788,DEFB126,0,0,0,0
ENSG00000125798,FOXA2,0,0,0,0
ENSG00000125810,CD93,0,0,0,0
ENSG00000125813,PAX1,0,0,0,0
ENSG00000125815,CST8,0,0,0,0
ENSG00000125816,NKX2-4,0,0,0,0
ENSG00000125820,NKX2-2,0,0,0,0
ENSG00000125823,CSTL1,0.013847413002069977,0,0.4015749770600294,1
ENSG00000125831,CST11,0,0,0,0
ENSG00000125850,OVOL2,0.021267143178276722,0,0.6167471521700248,1
ENSG00000125851,PCSK2,0,0,0,0
ENSG00000125861,GFRA4,0,0,0,0
ENSG00000125869,LAMP5,0,0,0,0
ENSG00000125879,OTOR,0,0,0,0
ENSG00000125888,BANF2,0,0,0,0
ENSG00000125900,SIRPD,0,0,0,0
ENSG00000125903,DEFB129,0,0,0,0
ENSG00000125954,CHURC1-FNTB,0,0,0,0
ENSG00000125965,GDF5,0.012925972348837507,0,0.3748531981162877,1
ENSG00000125975,C20orf173,0,0,0,0
ENSG00000126010,GRPR,0.013696129373857202,0,0.3971877518418589,1
ENSG00000126218,F10,0.06712616450609993,0,1.3299116185068727,2
ENSG00000126233,SLURP1,0.015457609785161636,0,0.4482706837696875,1
ENSG00000126251,GPR42,0,0,0,0
ENSG00000126337,KRT36,0,0,0,0
ENSG00000126353,CCR7,0.03378859048339556,0,0.5360210141678394,2
ENSG00000126467,TSKS,0,0,0,0
ENSG00000126500,FLRT1,0.018654434033985173,0,0.5409785869855699,1
ENSG00000126545,CSN1S1,0,0,0,0
ENSG00000126733,DACH2,0,0,0,0
ENSG00000126752,SSX1,0.07393393298866752,0,2.1440840566713577,1
ENSG00000126785,RHOJ,0,0,0,0
ENSG00000126856,PRDM7,0,0,0,0
ENSG00000126878,AIF1L,0.03142428307069554,0,0.6167471521700248,2
ENSG00000126882,FAM78A,0,0,0,0
ENSG00000126895,AVPR2,0,0,0,0
ENSG00000126947,ARMCX1,0,0,0,0
ENSG00000126950,TMEM35A,0,0,0,0
ENSG00000127083,OMD,0.025443480335026553,0,0.4433038728356243,2
ENSG00000127129,EDN2,0.01037049559986612,0,0.3007443723961176,1
ENSG00000127152,BCL11B,0,0,0,0
ENSG00000127241,MASP1,0,0,0,0
ENSG00000127252,PLAAT1,0,0,0,0
ENSG00000127318,IL22,0,0,0,0
ENSG00000127324,TSPAN8,0,0,0,0
ENSG00000127362,TAS2R3,0,0,0,0
ENSG00000127412,TRPV5,0,0,0,0
ENSG00000127472,PLA2G5,0.0243535893744705,0,0.7062540918596447,1
ENSG00000127515,OR7A10,0,0,0,0
ENSG00000127529,OR7C2,0,0,0,0
ENSG00000127588,GNG13,0,0,0,0
ENSG00000127780,OR1E2,0,0,0,0
ENSG00000127831,VIL1,0,0,0,0
ENSG00000127863,TNFRSF19,0.0406285595696753,0,1.1782282275205835,1
ENSG00000127928,GNGT1,0,0,0,0
ENSG00000128040,SPINK2,0.018654434033985173,0,0.5409785869855699,1
ENSG00000128052,KDR,0.025851944697675013,0,0.7497063962325754,1
ENSG00000128242,GAL3ST1,0.013847413002069977,0,0.4015749770600294,1
ENSG00000128250,RFPL1,0,0,0,0
ENSG00000128274,A4GALT,0.10619814251876332,0,2.70489293492785,2
ENSG00000128276,RFPL3,0,0,0,0
ENSG00000128285,MCHR1,0.018363489519157714,0,0.5325411960555738,1
ENSG00000128310,GALR3,0.02031427978483765,0,0.5891141137602918,1
ENSG00000128313,APOL5,0.046030290670377096,0,0.8866077456712486,2
ENSG00000128322,IGLL1,0,0,0,0
ENSG00000128346,C22orf23,0.01217679468723525,0,0.35312704592982236,1
ENSG00000128383,APOBEC3A,0.029084855323017692,0,0.4418858273074836,4
ENSG00000128519,TAS2R16,0,0,0,0
ENSG00000128594,LRRC4,0.16511559723978014,0,4.443703356985121,2
ENSG00000128602,SMO,0,0,0,0
ENSG00000128610,FEZF1,0.023028708755122047,0,0.6678325538985393,1
ENSG00000128645,HOXD1,0,0,0,0
ENSG00000128652,HOXD3,0,0,0,0
ENSG00000128709,HOXD9,0,0,0,0
ENSG00000128710,HOXD10,0.021267143178276722,0,0.6167471521700248,1
ENSG00000128713,HOXD11,0,0,0,0
ENSG00000128714,HOXD13,0,0,0,0
ENSG00000128815,WDFY4,0,0,0,0
ENSG00000128849,CGNL1,0,0,0,0
ENSG00000128886,ELL3,0.00851141374199241,0,0.24683099851777984,1
ENSG00000128917,DLL4,0.028231079585066172,0,0.4438481098506318,2
ENSG00000129009,ISLR,0,0,0,0
ENSG00000129048,ACKR4,0.015457609785161636,0,0.4482706837696875,1
ENSG00000129151,BBOX1,0,0,0,0
ENSG00000129152,MYOD1,0,0,0,0
ENSG00000129170,CSRP3,0,0,0,0
ENSG00000129455,KLK8,0,0,0,0
ENSG00000129538,RNASE1,0.015237442320947715,0,0.4418858273074836,1
ENSG00000129682,FGF13,0.006899239667912551,0,0.20007795036946394,1
ENSG00000129744,ART1,0.018363489519157714,0,0.5325411960555738,1
ENSG00000129862,VCY1B,0,0,0,0
ENSG00000129864,VCY,0,0,0,0
ENSG00000129873,CDY2B,0,0,0,0
ENSG00000129910,CDH15,0.07109997924693177,0,2.0618993981610214,1
ENSG00000129965,INS-IGF2,0,0,0,0
ENSG00000130032,PRRG3,0,0,0,0
ENSG00000130035,GALNT8,0.013798479335825103,0,0.40015590073892787,1
ENSG00000130037,KCNA5,0.006877110133789707,0,0.19943619387990152,1
ENSG00000130038,CRACR2A,0.07065345058261475,0,1.5164088708402534,2
ENSG00000130045,NXNL2,0.015457609785161636,0,0.4482706837696875,1
ENSG00000130054,NALF2,0.021267143178276722,0,0.6167471521700248,1
ENSG00000130055,GDPD2,0,0,0,0
ENSG00000130147,SH3BP4,0.4002806441014424,0,7.052774737901259,2
ENSG00000130167,TSPAN16,0.027000157421621516,0,0.42987751929720186,2
ENSG00000130173,ANGPTL8,0.01037049559986612,0,0.3007443723961176,1
ENSG00000130224,LRCH2,0.030471419677256462,0,0.8836711706404378,1
ENSG00000130234,ACE2,0.32346095682542036,0,9.380367747937191,1
ENSG00000130283,GDF1,0,0,0,0
ENSG00000130287,NCAN,0,0,0,0
ENSG00000130383,FUT5,0.006877110133789707,0,0.19943619387990152,1
ENSG00000130385,BMP15,0,0,0,0
ENSG00000130427,EPO,0,0,0,0
ENSG00000130433,CACNG6,0,0,0,0
ENSG00000130538,OR11H1,0,0,0,0
ENSG00000130592,LSP1,0.03389187635493289,0,0.5409785869855699,2
ENSG00000130595,TNNT3,0.0290359216567728,0,0.4418858273074836,2
ENSG00000130656,HBZ,0.019825212016750055,0,0.3748531981162877,2
ENSG00000130675,MNX1,0.05957989619394686,0,1.727816989624459,1
ENSG00000130700,GATA5,0,0,0,0
ENSG00000130720,FIBCD1,0.014823362734386267,0,0.42987751929720186,1
ENSG00000130768,SMPDL3B,0.015457609785161636,0,0.4482706837696875,1
ENSG00000130822,PNCK,0,0,0,0
ENSG00000130876,SLC7A10,0,0,0,0
ENSG00000130948,HSD17B3,0.006899239667912551,0,0.20007795036946394,1
ENSG00000130950,NUTM2F,0,0,0,0
ENSG00000130957,FBP2,0,0,0,0
ENSG00000131019,ULBP3,0,0,0,0
ENSG00000131042,LILRB2,0.02734205678407553,0,0.4482706837696875,2
ENSG00000131050,BPIFA2,0,0,0,0
ENSG00000131055,COX4I2,0.011884446998913896,0,0.3446489629685029,1
ENSG00000131059,BPIFA3,0,0,0,0
ENSG00000131068,DEFB118,0,0,0,0
ENSG00000131095,GFAP,0.025851944697675013,0,0.7497063962325754,1
ENSG00000131126,TEX101,0.04471765348812479,0,0.8031499541200589,2
ENSG00000131142,CCL25,0,0,0,0
ENSG00000131183,SLC34A1,0.027596958671650205,0,0.8003118014778557,1
ENSG00000131187,F12,0.027605231142741157,0,0.5325411960555738,2
ENSG00000131264,CDX4,0,0,0,0
ENSG00000131355,ADGRE3,0.047537787995655584,0,1.3785958518740116,1
ENSG00000131379,C3orf20,0.031637638778142844,0,0.6167471521700248,2
ENSG00000131409,LRRC4B,0.014823362734386267,0,0.42987751929720186,1
ENSG00000131471,AOC3,0.025462247128647503,0,0.4438481098506318,2
ENSG00000131477,RAMP2,0,0,0,0
ENSG00000131482,G6PC1,0.020746652669982525,0,0.4015749770600294,2
ENSG00000131620,ANO1,0.04447008820315882,0,1.2896325578916055,1
ENSG00000131686,CA6,0.011884446998913896,0,0.3446489629685029,1
ENSG00000131721,RHOXF2,0,0,0,0
ENSG00000131737,KRT34,0,0,0,0
ENSG00000131738,KRT33B,0,0,0,0
ENSG00000131746,TNS4,0.011884446998913896,0,0.3446489629685029,1
ENSG00000131771,PPP1R1B,0,0,0,0
ENSG00000131808,FSHB,0,0,0,0
ENSG00000131864,USP29,0.04448692204050612,0,1.2901207391746774,1
ENSG00000131914,LIN28A,0.051353746796092024,0,1.059381137789467,2
ENSG00000132164,SLC6A11,0.01217679468723525,0,0.35312704592982236,1
ENSG00000132170,PPARG,0,0,0,0
ENSG00000132207,SLX1A,0.015047658874924534,0,0.24683099851777984,4
ENSG00000132259,CNGA4,0,0,0,0
ENSG00000132297,HHLA1,0,0,0,0
ENSG00000132429,POPDC3,0.015286340442607732,0,0.4433038728356243,1
ENSG00000132446,FTHL17,0.007676236251707346,0,0.2226108512995131,1
ENSG00000132464,ENAM,0.042534286356553444,0,1.2334943043400497,1
ENSG00000132465,JCHAIN,0,0,0,0
ENSG00000132481,TRIM47,0.048294677675387844,0,1.4005456525862476,1
ENSG00000132514,CLEC10A,0.021267143178276722,0,0.6167471521700248,1
ENSG00000132517,SLC52A1,0,0,0,0
ENSG00000132518,GUCY2D,0.013798479335825103,0,0.40015590073892787,1
ENSG00000132554,RGS22,0,0,0,0
ENSG00000132623,ANKEF1,0.03653038406170576,0,1.059381137789467,1
ENSG00000132631,SCP2D1,0,0,0,0
ENSG00000132639,SNAP25,0,0,0,0
ENSG00000132671,SSTR4,0,0,0,0
ENSG00000132677,RHBG,0.03258216600265155,0,0.6002338511083918,2
ENSG00000132693,CRP,0,0,0,0
ENSG00000132702,HAPLN2,0.015286340442607732,0,0.4433038728356243,1
ENSG00000132703,APCS,0,0,0,0
ENSG00000132744,ACY3,0,0,0,0
ENSG00000132746,ALDH3B2,0.1875844922428139,0,4.5561786204266355,2
ENSG00000132840,BHMT2,0.0553814130723006,0,1.0650823921111476,2
ENSG00000132854,KANK4,0.09627954187305589,0,2.792106714318621,1
ENSG00000132855,ANGPTL3,0,0,0,0
ENSG00000132911,NMUR2,0.013798479335825103,0,0.40015590073892787,1
ENSG00000132938,MTUS2,0.022185580110520277,0,0.4433038728356243,2
ENSG00000132972,RNF17,0,0,0,0
ENSG00000133020,MYH8,0,0,0,0
ENSG00000133048,CHI3L1,0.05430777503072687,0,1.0339468889055086,2
ENSG00000133055,MYBPH,0.08026393584045373,0,2.3276541393731587,1
ENSG00000133105,RXFP2,0,0,0,0
ENSG00000133107,TRPC4,0,0,0,0
ENSG00000133124,IRS4,0,0,0,0
ENSG00000133135,RNF128,0.015237442320947715,0,0.4418858273074836,1
ENSG00000133216,EPHB2,0.18370507724493812,0,4.786468653117637,2
ENSG00000133488,SEC14L4,0,0,0,0
ENSG00000133665,DYDC2,0.08149484626973037,0,2.1639143479422795,2
ENSG00000133800,LYVE1,0,0,0,0
ENSG00000133878,DUSP26,0,0,0,0
ENSG00000133962,CATSPERB,0.01217679468723525,0,0.35312704592982236,1
ENSG00000133980,VRTN,0,0,0,0
ENSG00000134020,PEBP4,0.025534241225977215,0,0.7404929955533396,1
ENSG00000134028,ADAMDEC1,0,0,0,0
ENSG00000134042,MRO,0.11038783468660082,0,3.201247205911423,1
ENSG00000134061,CD180,0.13425905491828416,0,3.0932007911523853,2
ENSG00000134115,CNTN6,0.028934748022031255,0,0.4389517918999787,2
ENSG00000134121,CHL1,0,0,0,0
ENSG00000134160,TRPM1,0.027645892337895075,0,0.4015749770600294,2
ENSG00000134183,GNAT2,0,0,0,0
ENSG00000134193,REG4,0,0,0,0
ENSG00000134198,TSPAN2,0.03730886806797035,0,1.0819571739711398,1
ENSG00000134200,TSHB,0.03449619833956275,0,1.0003897518473197,1
ENSG00000134201,GSTM5,0.06380142953483017,0,1.8502414565100747,1
ENSG00000134207,SYT6,0,0,0,0
ENSG00000134216,CHIA,0.06266258118575203,0,1.2004677022167836,2
ENSG00000134240,HMGCS2,0,0,0,0
ENSG00000134247,PTGFRN,0.1287513242057585,0,3.201247205911423,2
ENSG00000134249,ADAM30,0,0,0,0
ENSG00000134259,NGF,0.022440216458327965,0,0.6507662772915107,1
ENSG00000134365,CFHR4,0.013798479335825103,0,0.40015590073892787,1
ENSG00000134389,CFHR5,0,0,0,0
ENSG00000134438,RAX,0,0,0,0
ENSG00000134443,GRP,0,0,0,0
ENSG00000134460,IL2RA,0.013754220267579415,0,0.39887238775980305,1
ENSG00000134532,SOX5,0.02031427978483765,0,0.5891141137602918,1
ENSG00000134538,SLCO1B1,0,0,0,0
ENSG00000134545,KLRC1,0.02069771900373765,0,0.6002338511083918,1
ENSG00000134548,SPX,0.030915219570323272,0,0.896541367539375,1
ENSG00000134588,USP26,0,0,0,0
ENSG00000134595,SOX3,0,0,0,0
ENSG00000134640,MTNR1B,0.013847413002069977,0,0.4015749770600294,1
ENSG00000134760,DSG1,0.027596958671650205,0,0.8003118014778557,1
ENSG00000134762,DSC3,0.006899239667912551,0,0.20007795036946394,1
ENSG00000134765,DSC1,0.02672445168466261,0,0.40015590073892787,2
ENSG00000134817,APLNR,0,0,0,0
ENSG00000134873,CLDN10,0.03047488464189543,0,0.8837716546149672,1
ENSG00000134874,DZIP1,0.018654434033985173,0,0.5409785869855699,1
ENSG00000134917,ADAMTS8,0.05733963224168534,0,1.1303081389533007,2
ENSG00000134962,KLB,0.049082764026943504,0,0.9795520469307304,2
ENSG00000135063,ENTREP1,0.0795738996482968,0,1.3400525354195987,2
ENSG00000135074,ADAM19,0.02216771397242094,0,0.3748531981162877,2
ENSG00000135083,CCNJL,0.09306750764015362,0,1.626915693228777,2
ENSG00000135097,MSI1,0,0,0,0
ENSG00000135100,HNF1A,0,0,0,0
ENSG00000135116,HRK,0.023911360159998247,0,0.39887238775980305,2
ENSG00000135175,OCM2,0,0,0,0
ENSG00000135220,UGT2A3,0.02931732659211767,0,0.6507662772915107,2
ENSG00000135298,ADGRB3,0,0,0,0
ENSG00000135312,HTR1B,0.042534286356553444,0,1.2334943043400497,1
ENSG00000135333,EPHA7,0.019488071361263813,0,0.5651540694766504,1
ENSG00000135355,GJA10,0,0,0,0
ENSG00000135413,LACRT,0,0,0,0
ENSG00000135443,KRT85,0,0,0,0
ENSG00000135447,PPP1R1A,0,0,0,0
ENSG00000135547,HEY2,0.0757956524869792,0,1.3015325545830214,2
ENSG00000135569,TAAR5,0.011884446998913896,0,0.3446489629685029,1
ENSG00000135577,NMBR,0.021267143178276722,0,0.6167471521700248,1
ENSG00000135697,BCO1,0.011220108229163982,0,0.32538313864575535,1
ENSG00000135744,AGT,0.025851944697675013,0,0.7497063962325754,1
ENSG00000135747,ZNF670-ZNF695,0,0,0,0
ENSG00000135773,CAPN9,0.03449619833956275,0,1.0003897518473197,1
ENSG00000135824,RGS8,0,0,0,0
ENSG00000135898,GPR55,0,0,0,0
ENSG00000135903,PAX3,0,0,0,0
ENSG00000135917,SLC19A3,0.048707178748941,0,1.4125081837192894,1
ENSG00000135960,EDAR,0.0413954380074753,0,1.2004677022167836,1
ENSG00000136002,ARHGEF4,0.11038783468660082,0,3.201247205911423,1
ENSG00000136014,USP44,0.006899239667912551,0,0.20007795036946394,1
ENSG00000136099,PCDH8,0,0,0,0
ENSG00000136237,RAPGEF5,0,0,0,0
ENSG00000136250,AOAH,0.0413954380074753,0,1.2004677022167836,1
ENSG00000136267,DGKB,0.018363489519157714,0,0.5325411960555738,1
ENSG00000136286,MYO1G,0.00851141374199241,0,0.24683099851777984,1
ENSG00000136297,MMD2,0,0,0,0
ENSG00000136305,CIDEB,0,0,0,0
ENSG00000136327,NKX2-8,0.027022125432571868,0,0.7836416375445843,1
ENSG00000136352,NKX2-1,0,0,0,0
ENSG00000136371,MTHFS,0.02730954205211103,0,0.40015590073892787,2
ENSG00000136404,TM6SF1,0,0,0,0
ENSG00000136457,CHAD,0.021890164320123747,0,0.6348147652835887,1
ENSG00000136487,GH2,0,0,0,0
ENSG00000136488,CSH1,0.006899239667912551,0,0.20007795036946394,2
ENSG00000136546,SCN7A,0.13713698088852935,0,3.9769724457673523,1
ENSG00000136573,BLK,0,0,0,0
ENSG00000136574,GATA4,0.04448692204050612,0,1.2901207391746774,1
ENSG00000136634,IL10,0.015457609785161636,0,0.4482706837696875,1
ENSG00000136694,IL36A,0.013798479335825103,0,0.40015590073892787,1
ENSG00000136695,IL36RN,0,0,0,0
ENSG00000136696,IL36B,0.04596044819080792,0,0.8003118014778557,2
ENSG00000136697,IL1F10,0,0,0,0
ENSG00000136698,CFC1,0,0,0,0
ENSG00000136750,GAD2,0,0,0,0
ENSG00000136834,OR1J1,0.042534286356553444,0,1.2334943043400497,1
ENSG00000136839,OR13C9,0,0,0,0
ENSG00000136848,DAB2IP,0.030572680885215465,0,0.8866077456712486,1
ENSG00000136859,ANGPTL2,0.012925972348837507,0,0.3748531981162877,1
ENSG00000136883,KIF12,0.027596958671650205,0,0.8003118014778557,1
ENSG00000136931,NR5A1,0,0,0,0
ENSG00000136939,OR1L4,0,0,0,0
ENSG00000136944,LMX1B,0.056768322842072234,0,1.2029774895844705,2
ENSG00000136960,ENPP2,0.09957739059797927,0,1.5976235881667216,2
ENSG00000137077,CCL21,0,0,0,0
ENSG00000137078,SIT1,0,0,0,0
ENSG00000137090,DMRT1,0.06380142953483017,0,1.8502414565100747,1
ENSG00000137142,IGFBPL1,0,0,0,0
ENSG00000137204,SLC22A7,0,0,0,0
ENSG00000137225,CAPN11,0.041094650492313145,0,0.6507662772915107,2
ENSG00000137251,TINAG,0,0,0,0
ENSG00000137252,HCRTR2,0,0,0,0
ENSG00000137265,IRF4,0.16979401987628873,0,3.579214525103309,2
ENSG00000137270,GCM1,0,0,0,0
ENSG00000137273,FOXF2,0,0,0,0
ENSG00000137392,CLPS,0.05519391734330041,0,1.6006236029557115,1
ENSG00000137393,RNF144B,0.027896175657568602,0,0.5409785869855699,2
ENSG00000137441,FGFBP2,0,0,0,0
ENSG00000137473,TTC29,0.037351994775685134,0,0.8837716546149672,2
ENSG00000137571,SLCO5A1,0.04488043291665593,0,1.3015325545830214,1
ENSG00000137573,SULF1,0,0,0,0
ENSG00000137634,NXPE4,0,0,0,0
ENSG00000137672,TRPC6,0,0,0,0
ENSG00000137673,MMP7,0.5086376908707255,0,13.668535861279906,2
ENSG00000137674,MMP20,0.010157139892418825,0,0.2945570568801459,1
ENSG00000137675,MMP27,0,0,0,0
ENSG00000137691,CFAP300,0.06976178143778058,0,1.6229357609567099,2
ENSG00000137707,BTG4,0,0,0,0
ENSG00000137709,POU2F3,0.0290359216567728,0,0.4418858273074836,2
ENSG00000137731,FXYD2,0,0,0,0
ENSG00000137745,MMP13,0.09624816487811519,0,2.4120945637552773,2
ENSG00000137757,CASP5,0.06647103674568604,0,1.626915693228777,2
ENSG00000137843,PAK6,0,0,0,0
ENSG00000137869,CYP19A1,0.03672697903831543,0,1.0650823921111476,1
ENSG00000137878,GCOM1,0,0,0,0
ENSG00000137948,BRDT,0.015237442320947715,0,0.4418858273074836,1
ENSG00000137968,SLC44A5,0.14845698826561676,0,3.2458715219134198,2
ENSG00000137976,DNASE2B,0.04255706870996205,0,1.2341549925888993,1
ENSG00000138039,LHCGR,0,0,0,0
ENSG00000138068,SULT6B1,0.027694826004139955,0,0.8031499541200589,1
ENSG00000138083,SIX3,0.025119020877300693,0,0.5325411960555738,2
ENSG00000138100,TRIM54,0,0,0,0
ENSG00000138109,CYP2C9,0,0,0,0
ENSG00000138115,CYP2C8,0,0,0,0
ENSG00000138135,CH25H,0.030542549557176394,0,0.4438481098506318,2
ENSG00000138136,LBX1,0,0,0,0
ENSG00000138152,BTBD16,0.11493397590704103,0,2.792106714318621,2
ENSG00000138162,TACC2,0,0,0,0
ENSG00000138172,CALHM2,0.038677769303995364,0,0.5891141137602918,2
ENSG00000138207,RBP4,0,0,0,0
ENSG00000138347,MYPN,0.006899239667912551,0,0.20007795036946394,1
ENSG00000138356,AOX1,0.044215434216832744,0,0.7497063962325754,2
ENSG00000138435,CHRNA1,0,0,0,0
ENSG00000138622,HCN4,0,0,0,0
ENSG00000138653,NDST4,0.013798479335825103,0,0.40015590073892787,1
ENSG00000138684,IL21,0,0,0,0
ENSG00000138722,MMRN1,0,0,0,0
ENSG00000138755,CXCL9,0.19407657409525222,0,5.628220648762314,1
ENSG00000138792,ENPEP,0.018654434033985173,0,0.5409785869855699,1
ENSG00000138798,EGF,0,0,0,0
ENSG00000138813,C4orf17,0,0,0,0
ENSG00000138892,TTLL8,0,0,0,0
ENSG00000138944,SHISAL1,0,0,0,0
ENSG00000139132,FGD4,0.023768893997827792,0,0.6892979259370058,1
ENSG00000139144,PIK3C2G,0.006899239667912551,0,0.20007795036946394,1
ENSG00000139151,PLCZ1,0,0,0,0
ENSG00000139155,SLCO1C1,0,0,0,0
ENSG00000139219,COL2A1,0.014823362734386267,0,0.42987751929720186,1
ENSG00000139220,PPFIA2,0,0,0,0
ENSG00000139223,ANP32D,0.006536245132932125,0,0.18955110885503168,1
ENSG00000139263,LRIG3,0.05677968132715765,0,1.2047249311800883,2
ENSG00000139287,TPH2,0.07691651974559922,0,1.8007015533251756,2
ENSG00000139292,LGR5,0,0,0,0
ENSG00000139304,PTPRQ,0.01217679468723525,0,0.35312704592982236,1
ENSG00000139329,LUM,0.06108163414971384,0,0.8876962197012636,2
ENSG00000139330,KERA,0.018654434033985173,0,0.5409785869855699,1
ENSG00000139352,ASCL1,0,0,0,0
ENSG00000139515,PDX1,0,0,0,0
ENSG00000139572,GPR84,0,0,0,0
ENSG00000139574,NPFF,0,0,0,0
ENSG00000139648,KRT71,0,0,0,0
ENSG00000139656,SMIM2,0.04770653853255206,0,0.7943755036837178,2
ENSG00000139767,SRRM4,0.04086683369793651,0,0.8597550385944037,2
ENSG00000139780,METTL21C,0,0,0,0
ENSG00000139797,RNF113B,0,0,0,0
ENSG00000139800,ZIC5,0,0,0,0
ENSG00000139865,TTC6,0.018654434033985173,0,0.5409785869855699,1
ENSG00000139874,SSTR1,0,0,0,0
ENSG00000139910,NOVA1,0,0,0,0
ENSG00000139914,FITM1,0.033074898629175384,0,0.6584276878499681,2
ENSG00000139915,MDGA2,0.06363953835366286,0,1.6229357609567099,2
ENSG00000139973,SYT16,0,0,0,0
ENSG00000140067,FAM181A,0,0,0,0
ENSG00000140093,SERPINA10,0,0,0,0
ENSG00000140107,SLC25A47,0.07403452225527843,0,1.1130542564975656,2
ENSG00000140274,DUOXA2,0.2527170185363257,0,6.432252170014073,2
ENSG00000140478,GOLGA6D,0.01112173051012653,0,0.32253018479366935,1
ENSG00000140488,CELF6,0,0,0,0
ENSG00000140505,CYP1A2,0.03342007904077808,0,0.7497063962325754,2
ENSG00000140506,LMAN1L,0.018654434033985173,0,0.5409785869855699,1
ENSG00000140557,ST8SIA2,0,0,0,0
ENSG00000140623,SEPTIN12,0.006899239667912551,0,0.20007795036946394,1
ENSG00000140795,MYLK3,0.023133846036868987,0,0.4482706837696875,2
ENSG00000140798,ABCC12,0,0,0,0
ENSG00000140832,MARVELD3,0.030556523645312417,0,0.6902287763279139,2
ENSG00000140835,CHST4,0.022114552454737414,0,0.4418858273074836,2
ENSG00000140873,ADAMTS18,0.010157139892418825,0,0.2945570568801459,1
ENSG00000140937,CDH11,0.022440216458327965,0,0.6507662772915107,1
ENSG00000140955,ADAD2,0,0,0,0
ENSG00000140968,IRF8,0,0,0,0
ENSG00000141052,MYOCD,0,0,0,0
ENSG00000141086,CTRL,0,0,0,0
ENSG00000141096,DPEP3,0,0,0,0
ENSG00000141161,UNC45B,0.027596958671650205,0,0.8003118014778557,1
ENSG00000141194,OR4D1,0,0,0,0
ENSG00000141200,KIF2B,0,0,0,0
ENSG00000141371,CHCT1,0,0,0,0
ENSG00000141431,ASXL3,0.03258216600265155,0,0.6002338511083918,2
ENSG00000141437,SLC25A52,0.030128469970614948,0,0.4438481098506318,2
ENSG00000141448,GATA6,0,0,0,0
ENSG00000141485,SLC13A5,0.027645892337895075,0,0.4015749770600294,2
ENSG00000141622,ARK2C,0,0,0,0
ENSG00000141639,MAPK4,0.011884446998913896,0,0.3446489629685029,1
ENSG00000141668,CBLN2,0.012925972348837507,0,0.3748531981162877,1
ENSG00000141738,GRB7,0.018654434033985173,0,0.5409785869855699,1
ENSG00000141744,PNMT,0.00851141374199241,0,0.24683099851777984,1
ENSG00000141748,ARL5C,0.006899239667912551,0,0.20007795036946394,1
ENSG00000141750,STAC2,0,0,0,0
ENSG00000141946,ZIM3,0,0,0,0
ENSG00000142025,DMRTC2,0,0,0,0
ENSG00000142149,HUNK,0,0,0,0
ENSG00000142182,DNMT3L,0,0,0,0
ENSG00000142224,IL19,0.011884446998913896,0,0.3446489629685029,1
ENSG00000142273,CBLC,0.02668019261641693,0,0.39887238775980305,2
ENSG00000142303,ADAMTS10,0.027165847775977577,0,0.5409785869855699,2
ENSG00000142319,SLC6A3,0.025462247128647503,0,0.4438481098506318,2
ENSG00000142405,NLRP12,0,0,0,0
ENSG00000142484,TM4SF5,0.0413954380074753,0,1.2004677022167836,1
ENSG00000142511,GPR32,0,0,0,0
ENSG00000142515,KLK3,0,0,0,0
ENSG00000142583,SLC2A5,0.10808850173028747,0,3.134566550178337,1
ENSG00000142619,PADI3,0,0,0,0
ENSG00000142623,PADI1,0.013847413002069977,0,0.4015749770600294,1
ENSG00000142627,EPHA2,0.7753031391769436,0,19.83277752421006,2
ENSG00000142684,ZNF593,0,0,0,0
ENSG00000142698,C1orf94,0,0,0,0
ENSG00000142748,FCN3,0,0,0,0
ENSG00000142789,CELA3A,0.019488071361263813,0,0.5651540694766504,1
ENSG00000143006,DMRTB1,0,0,0,0
ENSG00000143105,KCNA10,0.010157139892418825,0,0.2945570568801459,1
ENSG00000143107,FNDC7,0.03347779676837145,0,0.5409785869855699,2
ENSG00000143125,PROK1,0.018363489519157714,0,0.5325411960555738,1
ENSG00000143171,RXRG,0,0,0,0
ENSG00000143185,XCL2,0.022440216458327965,0,0.6507662772915107,1
ENSG00000143278,F13B,0,0,0,0
ENSG00000143297,FCRL5,0.03366032468749195,0,0.9761494159372661,1
ENSG00000143340,FAM163A,0,0,0,0
ENSG00000143341,HMCN1,0.02672445168466261,0,0.40015590073892787,2
ENSG00000143355,LHX9,0.04108838812157163,0,1.1915632555255766,1
ENSG00000143365,RORC,0.018654434033985173,0,0.5409785869855699,1
ENSG00000143469,SYT14,0.06209315701121294,0,1.8007015533251756,1
ENSG00000143520,FLG2,0,0,0,0
ENSG00000143536,CRNN,0,0,0,0
ENSG00000143556,S100A7,0.03472551368221152,0,0.5651540694766504,2
ENSG00000143603,KCNN3,0.01702282748398482,0,0.4936619970355597,1
ENSG00000143627,PKLR,0.014823362734386267,0,0.42987751929720186,1
ENSG00000143631,FLG,0.1897147574410725,0,5.501727965791102,1
ENSG00000143768,LEFTY2,0.007568134343103082,0,0.21947589594998934,1
ENSG00000143921,ABCG8,0,0,0,0
ENSG00000143954,REG3G,0,0,0,0
ENSG00000143994,ABHD1,0.059629601488389854,0,0.9795520469307304,2
ENSG00000144015,TRIM43,0,0,0,0
ENSG00000144031,ANKRD53,0.006899239667912551,0,0.20007795036946394,1
ENSG00000144035,NAT8,0,0,0,0
ENSG00000144057,ST6GAL2,0.007568134343103082,0,0.21947589594998934,1
ENSG00000144063,MALL,0,0,0,0
ENSG00000144119,C1QL2,0,0,0,0
ENSG00000144191,CNGA3,0,0,0,0
ENSG00000144218,AFF3,0,0,0,0
ENSG00000144227,NXPH2,0.006755531358142967,0,0.19591040938614607,1
ENSG00000144229,THSD7B,0.06923706501034992,0,2.007874885300147,1
ENSG00000144230,GPR17,0,0,0,0
ENSG00000144278,GALNT13,0,0,0,0
ENSG00000144285,SCN1A,0,0,0,0
ENSG00000144331,ZNF385B,0,0,0,0
ENSG00000144366,GULP1,0.022114552454737414,0,0.4418858273074836,2
ENSG00000144452,ABCA12,0.04022906256099606,0,0.6014887447922352,2
ENSG00000144460,NYAP2,0.027596958671650205,0,0.8003118014778557,1
ENSG00000144481,TRPM8,0.0405229310204877,0,0.8003118014778557,2
ENSG00000144583,MARCHF4,0.015237442320947715,0,0.4418858273074836,1
ENSG00000144596,GRIP2,0,0,0,0
ENSG00000144619,CNTN4,0.02069771900373765,0,0.6002338511083918,1
ENSG00000144644,GADL1,0.018654434033985173,0,0.5409785869855699,1
ENSG00000144645,OSBPL10,0.006877110133789707,0,0.19943619387990152,1
ENSG00000144649,GASK1A,0,0,0,0
ENSG00000144681,STAC,0,0,0,0
ENSG00000144771,LRTM1,0.04298116644674769,0,0.8031499541200589,2
ENSG00000144824,PHLDB2,0.013847413002069977,0,0.4015749770600294,1
ENSG00000144834,TAGLN3,0,0,0,0
ENSG00000144852,NR1I2,0,0,0,0
ENSG00000144891,AGTR1,0,0,0,0
ENSG00000144893,MED12L,0,0,0,0
ENSG00000144908,ALDH1L1,0.006877110133789707,0,0.19943619387990152,1
ENSG00000144962,SPATA16,0.018654434033985173,0,0.5409785869855699,1
ENSG00000145029,NICN1,0,0,0,0
ENSG00000145087,STXBP5L,0.015457609785161636,0,0.4482706837696875,1
ENSG00000145192,AHSG,0.2682072952177985,0,7.778011561316159,1
ENSG00000145283,SLC10A6,0.019488071361263813,0,0.5651540694766504,1
ENSG00000145309,CABS1,0,0,0,0
ENSG00000145321,GC,0,0,0,0
ENSG00000145335,SNCA,0.013754220267579415,0,0.39887238775980305,1
ENSG00000145337,PYURF,0,0,0,0
ENSG00000145384,FABP2,0,0,0,0
ENSG00000145423,SFRP2,0,0,0,0
ENSG00000145428,RNF175,0.027596958671650205,0,0.8003118014778557,1
ENSG00000145526,CDH18,0,0,0,0
ENSG00000145536,ADAMTS16,0.16150027492614552,0,2.4669886086800994,2
ENSG00000145626,UGT3A1,0.06114536177043093,0,1.7732154913424971,1
ENSG00000145642,SHISAL2B,0,0,0,0
ENSG00000145681,HAPLN1,0.06694911170937302,0,1.4005456525862476,2
ENSG00000145692,BHMT,0.026039725770865073,0,0.5325411960555738,2
ENSG00000145777,TSLP,0,0,0,0
ENSG00000145794,MEGF10,0.19729737732915442,0,4.837952771905041,2
ENSG00000145808,ADAMTS19,0.010157139892418825,0,0.2945570568801459,1
ENSG00000145824,CXCL14,0.03240865430156458,0,0.5409785869855699,2
ENSG00000145826,LECT2,0,0,0,0
ENSG00000145832,SLC25A48,0.02069771900373765,0,0.6002338511083918,1
ENSG00000145839,IL9,0,0,0,0
ENSG00000145861,C1QTNF2,0.021267143178276722,0,0.6167471521700248,1
ENSG00000145863,GABRA6,0.013798479335825103,0,0.40015590073892787,1
ENSG00000145879,SPINK7,0,0,0,0
ENSG00000145888,GLRA1,0.018363489519157714,0,0.5325411960555738,1
ENSG00000145920,CPLX2,0,0,0,0
ENSG00000145934,TENM2,0,0,0,0
ENSG00000146005,PSD2,0,0,0,0
ENSG00000146013,GFRA3,0,0,0,0
ENSG00000146039,SLC17A4,0.06755531358142965,0,1.9591040938614608,1
ENSG00000146047,H2BC1,0,0,0,0
ENSG00000146070,PLA2G7,0,0,0,0
ENSG00000146147,MLIP,0.045051308378208164,0,0.7062540918596447,4
ENSG00000146151,HMGCLL1,0,0,0,0
ENSG00000146166,LGSN,0.01217679468723525,0,0.35312704592982236,1
ENSG00000146215,CRIP3,0.012925972348837507,0,0.3748531981162877,1
ENSG00000146233,CYP39A1,0.037677658779275675,0,0.6507662772915107,2
ENSG00000146250,PRSS35,0,0,0,0
ENSG00000146267,FAXC,0,0,0,0
ENSG00000146276,GABRR1,0.0413954380074753,0,1.2004677022167836,1
ENSG00000146285,SCML4,0.007568134343103082,0,0.21947589594998934,1
ENSG00000146352,CLVS2,0,0,0,0
ENSG00000146360,GPR6,0,0,0,0
ENSG00000146373,RNF217,0.018654434033985173,0,0.5409785869855699,1
ENSG00000146374,RSPO3,0.027596958671650205,0,0.8003118014778557,1
ENSG00000146378,TAAR2,0,0,0,0
ENSG00000146383,TAAR6,0,0,0,0
ENSG00000146385,TAAR8,0,0,0,0
ENSG00000146399,TAAR1,0,0,0,0
ENSG00000146453,PNLDC1,0.027284971650503725,0,0.568653326565095,2
ENSG00000146469,VIP,0,0,0,0
ENSG00000146477,SLC22A3,0.09142465392568627,0,2.6513149638449014,1
ENSG00000146530,VWDE,0,0,0,0
ENSG00000146555,SDK1,0.0381520687102956,0,0.7062540918596447,2
ENSG00000146618,FERD3L,0,0,0,0
ENSG00000146678,IGFBP1,0,0,0,0
ENSG00000146755,TRIM50,0.04108838812157163,0,1.1915632555255766,1
ENSG00000146809,ASB15,0.10587348565146043,0,1.8007015533251756,2
ENSG00000146839,ZAN,0,0,0,0
ENSG00000146857,STRA8,0,0,0,0
ENSG00000146910,CNPY1,0,0,0,0
ENSG00000146926,ASB10,0,0,0,0
ENSG00000146938,NLGN4X,0,0,0,0
ENSG00000146955,RAB19,0,0,0,0
ENSG00000147100,SLC16A2,0,0,0,0
ENSG00000147113,DIPK2B,0.0689923966791255,0,2.0007795036946394,1
ENSG00000147117,ZNF157,0,0,0,0
ENSG00000147138,GPR174,0,0,0,0
ENSG00000147145,LPAR4,0,0,0,0
ENSG00000147160,AWAT2,0.01217679468723525,0,0.35312704592982236,1
ENSG00000147180,ZNF711,0.045712326962843136,0,1.3256574819224507,1
ENSG00000147206,NXF3,0.03449619833956275,0,1.0003897518473197,1
ENSG00000147223,RIPPLY1,0,0,0,0
ENSG00000147234,FRMPD3,0.010157139892418825,0,0.2945570568801459,1
ENSG00000147246,HTR2C,0.07589163634703802,0,2.2008574540641033,1
ENSG00000147256,ARHGAP36,0,0,0,0
ENSG00000147257,GPC3,0.060049872041460464,0,1.2004677022167836,2
ENSG00000147262,GPR119,0,0,0,0
ENSG00000147378,FATE1,0.030610214472457355,0,0.8876962197012636,1
ENSG00000147381,MAGEA4,0,0,0,0
ENSG00000147432,CHRNB3,0.015352472503414693,0,0.4452217025990262,1
ENSG00000147488,ST18,0.10187936287869878,0,2.067893777811017,2
ENSG00000147571,CRH,0,0,0,0
ENSG00000147588,PMP2,0.06209315701121294,0,1.8007015533251756,1
ENSG00000147596,PRDM14,0,0,0,0
ENSG00000147606,SLC26A7,0.015305107236228677,0,0.4438481098506318,1
ENSG00000147613,PSKH2,0,0,0,0
ENSG00000147655,RSPO2,0.030109703176994,0,0.4433038728356243,2
ENSG00000147697,GSDMC,0.12925611653106805,0,2.948115577923117,2
ENSG00000147724,FAM135B,0.011220108229163982,0,0.32538313864575535,1
ENSG00000147869,CER1,0.006899239667912551,0,0.20007795036946394,1
ENSG00000147873,IFNA5,0.015305107236228677,0,0.4438481098506318,1
ENSG00000147885,IFNA16,0.07795228544505525,0,2.2606162779066015,1
ENSG00000147896,IFNK,0.06755531358142965,0,1.9591040938614608,1
ENSG00000148082,SHC3,0.03672697903831543,0,1.0650823921111476,1
ENSG00000148136,OR13C4,0,0,0,0
ENSG00000148143,ZNF462,0.006899239667912551,0,0.20007795036946394,1
ENSG00000148156,ACTL7B,0,0,0,0
ENSG00000148204,CRB2,0,0,0,0
ENSG00000148377,IDI2,0.020688208429227663,0,0.35312704592982236,2
ENSG00000148386,LCN9,0,0,0,0
ENSG00000148482,SLC39A12,0,0,0,0
ENSG00000148513,ANKRD30A,0,0,0,0
ENSG00000148541,FAM13C,0,0,0,0
ENSG00000148584,A1CF,0,0,0,0
ENSG00000148602,LRIT1,0,0,0,0
ENSG00000148604,RGR,0,0,0,0
ENSG00000148671,ADIRF,0,0,0,0
ENSG00000148677,ANKRD1,0.03990201955798558,0,0.8040315212517591,2
ENSG00000148680,HTR7,0,0,0,0
ENSG00000148702,HABP2,0,0,0,0
ENSG00000148704,VAX1,0.02072452313585969,0,0.4015749770600294,2
ENSG00000148734,NPFFR1,0.015237442320947715,0,0.4418858273074836,1
ENSG00000148795,CYP17A1,0,0,0,0
ENSG00000148826,NKX6-2,0.00924174162358344,0,0.2680105070839197,1
ENSG00000148948,LRRC4C,0.007296721440041249,0,0.21160492176119622,1
ENSG00000148965,SAA4,0,0,0,0
ENSG00000149133,OR5F1,0,0,0,0
ENSG00000149256,TENM4,0.041444371673720184,0,0.8003118014778557,2
ENSG00000149300,C11orf52,0,0,0,0
ENSG00000149305,HTR3B,0,0,0,0
ENSG00000149403,GRIK4,0.09042520460306169,0,2.2776819705202875,2
ENSG00000149435,GGTLC1,0.018654434033985173,0,0.5409785869855699,1
ENSG00000149451,ADAM33,0,0,0,0
ENSG00000149452,SLC22A8,0.00924174162358344,0,0.2680105070839197,1
ENSG00000149488,TMC2,0,0,0,0
ENSG00000149506,ZP1,0,0,0,0
ENSG00000149507,OOSP2,0,0,0,0
ENSG00000149557,FEZ1,0.08586552621063409,0,1.2896325578916055,4
ENSG00000149575,SCN2B,0,0,0,0
ENSG00000149582,TMEM25,0.057799768707599924,0,1.3315443295518954,2
ENSG00000149596,JPH2,0,0,0,0
ENSG00000149633,KIAA1755,0,0,0,0
ENSG00000149635,OCSTAMP,0.047537787995655584,0,1.3785958518740116,1
ENSG00000149651,SPINT4,0,0,0,0
ENSG00000149654,CDH22,0.00851141374199241,0,0.24683099851777984,1
ENSG00000149735,GPHA2,0,0,0,0
ENSG00000149968,MMP3,0,0,0,0
ENSG00000149972,CNTN5,0,0,0,0
ENSG00000150048,CLEC1A,0,0,0,0
ENSG00000150051,MKX,0.015237442320947715,0,0.4418858273074836,1
ENSG00000150054,MPP7,0.042962667191698015,0,0.8040315212517591,2
ENSG00000150201,FXYD4,0,0,0,0
ENSG00000150244,TRIM48,0,0,0,0
ENSG00000150261,OR8K1,0,0,0,0
ENSG00000150269,OR5M9,0,0,0,0
ENSG00000150275,PCDH15,0.04255706870996205,0,1.2341549925888993,1
ENSG00000150361,KLHL1,0,0,0,0
ENSG00000150551,LYPD1,0,0,0,0
ENSG00000150556,LYPD6B,0.006877110133789707,0,0.19943619387990152,1
ENSG00000150750,POU2AF2,0.013754220267579415,0,0.39887238775980305,1
ENSG00000150783,TEX12,0.0378978262434896,0,0.6507662772915107,2
ENSG00000150893,FREM2,0.015286340442607732,0,0.4433038728356243,1
ENSG00000151005,TKTL2,0.03653038406170576,0,1.059381137789467,1
ENSG00000151033,LYZL2,0,0,0,0
ENSG00000151079,KCNA6,0,0,0,0
ENSG00000151136,ABTB3,0.028933571694804906,0,0.4418858273074836,2
ENSG00000151224,MAT1A,0.019488071361263813,0,0.5651540694766504,1
ENSG00000151320,AKAP6,0.034774411803871544,0,0.5651540694766504,2
ENSG00000151322,NPAS3,0.04255706870996205,0,1.2341549925888993,1
ENSG00000151364,KCTD14,0.027056205704366895,0,0.5651540694766504,2
ENSG00000151365,THRSP,0.11016248595676492,0,2.750863982895551,2
ENSG00000151376,ME3,0.08778134599073749,0,2.1440840566713577,2
ENSG00000151379,MSGN1,0,0,0,0
ENSG00000151388,ADAMTS12,0.03433963344414097,0,0.6167471521700248,2
ENSG00000151418,ATP6V1G3,0,0,0,0
ENSG00000151475,SLC25A31,0.015237442320947715,0,0.4418858273074836,1
ENSG00000151572,ANO4,0,0,0,0
ENSG00000151577,DRD3,0.036238036373384394,0,0.7062540918596447,2
ENSG00000151612,ZNF827,0.013798479335825103,0,0.40015590073892787,1
ENSG00000151615,POU4F2,0.07854075760414783,0,2.2776819705202875,1
ENSG00000151617,EDNRA,0.05518481809569093,0,1.059381137789467,2
ENSG00000151650,VENTX,0,0,0,0
ENSG00000151704,KCNJ1,0.023768893997827792,0,0.6892979259370058,1
ENSG00000151790,TDO2,0,0,0,0
ENSG00000151834,GABRA2,0.03552108173812392,0,0.6002338511083918,2
ENSG00000151838,CCDC175,0,0,0,0
ENSG00000151892,GFRA1,0,0,0,0
ENSG00000151948,GLT1D1,0.09135311893311411,0,1.5672832750891685,2
ENSG00000151952,TMEM132D,0,0,0,0
ENSG00000151967,SCHIP1,0.04101199878857529,0,0.6002338511083918,2
ENSG00000152034,MCHR2,0,0,0,0
ENSG00000152049,KCNE4,0.013696129373857202,0,0.3971877518418589,1
ENSG00000152076,CCDC74B,0.06778375270986578,0,1.0819571739711398,2
ENSG00000152086,TUBA3E,0,0,0,0
ENSG00000152092,ASTN1,0.03449619833956275,0,1.0003897518473197,1
ENSG00000152093,CFC1B,0,0,0,0
ENSG00000152137,HSPB8,0.12201152973655012,0,2.221478986660019,2
ENSG00000152208,GRID2,0,0,0,0
ENSG00000152214,RIT2,0.01217679468723525,0,0.35312704592982236,1
ENSG00000152266,PTH,0,0,0,0
ENSG00000152270,PDE3B,0.07568587653374406,0,1.8502414565100747,2
ENSG00000152315,KCNK13,0,0,0,0
ENSG00000152402,GUCY1A2,0.0870433849426935,0,1.9591040938614608,2
ENSG00000152430,BOLL,0.05545044974150063,0,1.6080630425035183,1
ENSG00000152463,OLAH,0.03362369135257516,0,0.6002338511083918,2
ENSG00000152578,GRIA4,0.020383658135002113,0,0.4015749770600294,2
ENSG00000152580,IGSF10,0.010157139892418825,0,0.2945570568801459,1
ENSG00000152591,DSPP,0,0,0,0
ENSG00000152592,DMP1,0,0,0,0
ENSG00000152595,MEPE,0,0,0,0
ENSG00000152661,GJA1,0.16338829013328504,0,4.443703356985121,2
ENSG00000152672,CLEC4F,0.007676236251707346,0,0.2226108512995131,1
ENSG00000152766,ANKRD22,0.013847413002069977,0,0.4015749770600294,1
ENSG00000152785,BMP3,0.03999239353379849,0,0.7582044354201267,2
ENSG00000152910,CNTNAP4,0.012925972348837507,0,0.3748531981162877,1
ENSG00000152936,LMNTD1,0,0,0,0
ENSG00000152953,STK32B,0.025975274023060345,0,0.40015590073892787,2
ENSG00000152954,NRSN1,0,0,0,0
ENSG00000152969,JAKMIP1,0.0413954380074753,0,1.2004677022167836,1
ENSG00000152977,ZIC1,0,0,0,0
ENSG00000153012,LGI2,0,0,0,0
ENSG00000153060,TEKT5,0.026387311029176356,0,0.5651540694766504,2
ENSG00000153086,ACMSD,0,0,0,0
ENSG00000153093,ACOXL,0.018654434033985173,0,0.5409785869855699,1
ENSG00000153162,BMP6,0.00924174162358344,0,0.2680105070839197,1
ENSG00000153246,PLA2R1,0.05596330210195551,0,1.6229357609567099,1
ENSG00000153266,FEZF2,0,0,0,0
ENSG00000153498,SPACA7,0,0,0,0
ENSG00000153563,CD8A,0.07589163634703802,0,2.2008574540641033,1
ENSG00000153684,GOLGA8F,0,0,0,0
ENSG00000153707,PTPRD,0.07509672391189645,0,1.6126509239683469,2
ENSG00000153779,TGIF2LX,0,0,0,0
ENSG00000153820,SPHKAP,0,0,0,0
ENSG00000153822,KCNJ16,0.015237442320947715,0,0.4418858273074836,1
ENSG00000153976,HS3ST3A1,0,0,0,0
ENSG00000153993,SEMA3D,0.006877110133789707,0,0.19943619387990152,1
ENSG00000154007,ASB17,0,0,0,0
ENSG00000154016,GRAP,0,0,0,0
ENSG00000154025,SLC5A10,0.029186885760164996,0,0.8464196870447849,1
ENSG00000154065,ANKRD29,0.05668903344261397,0,0.9761494159372661,2
ENSG00000154133,ROBO4,0.015457609785161636,0,0.4482706837696875,1
ENSG00000154162,CDH12,0.03781445923823582,0,0.896541367539375,2
ENSG00000154165,GPR15,0,0,0,0
ENSG00000154188,ANGPT1,0.020675589469614803,0,0.40015590073892787,2
ENSG00000154252,GAL3ST2,0,0,0,0
ENSG00000154258,ABCA9,0.010157139892418825,0,0.2945570568801459,1
ENSG00000154415,PPP1R3A,0,0,0,0
ENSG00000154438,ASZ1,0,0,0,0
ENSG00000154478,GPR26,0.006536245132932125,0,0.18955110885503168,1
ENSG00000154485,MMP21,0.024061241686149145,0,0.35312704592982236,2
ENSG00000154529,CNTNAP3B,0,0,0,0
ENSG00000154545,MAGED4,0,0,0,0
ENSG00000154553,PDLIM3,0,0,0,0
ENSG00000154611,PSMA8,0.04605741751024409,0,1.3356651077970787,1
ENSG00000154646,TMPRSS15,0,0,0,0
ENSG00000154678,PDE1C,0.022440216458327965,0,0.6507662772915107,1
ENSG00000154734,ADAMTS1,0.0956515384449659,0,2.2413534188484374,2
ENSG00000154736,ADAMTS5,0,0,0,0
ENSG00000154783,FGD5,0.049133282614946434,0,1.1303081389533007,2
ENSG00000154856,APCDD1,0.013798479335825103,0,0.40015590073892787,1
ENSG00000154864,PIEZO2,0.03730886806797035,0,1.0819571739711398,1
ENSG00000154914,USP43,0.014823362734386267,0,0.42987751929720186,1
ENSG00000154975,CA10,0.012925972348837507,0,0.3748531981162877,1
ENSG00000154997,SEPTIN14,0,0,0,0
ENSG00000155011,DKK2,0.006755531358142967,0,0.19591040938614607,1
ENSG00000155026,RSPH10B,0.02964521125368264,0,0.5651540694766504,4
ENSG00000155066,PROM2,0.1478374671107246,0,3.484136592090956,2
ENSG00000155087,ODF1,0.0413954380074753,0,1.2004677022167836,1
ENSG00000155249,OR4K1,0,0,0,0
ENSG00000155254,MARVELD1,0.022114552454737414,0,0.4418858273074836,2
ENSG00000155269,GPR78,0,0,0,0
ENSG00000155511,GRIA1,0.04934663832239374,0,1.1303081389533007,2
ENSG00000155622,XAGE2,0,0,0,0
ENSG00000155659,VSIG4,0,0,0,0
ENSG00000155754,C2CD6,0.05173856285553319,0,0.8836711706404378,2
ENSG00000155833,CYLC2,0,0,0,0
ENSG00000155875,SAXO1,0,0,0,0
ENSG00000155890,TRIM42,0,0,0,0
ENSG00000155897,ADCY8,0.03965042403350011,0,0.7497063962325754,2
ENSG00000155918,RAET1L,0.01037049559986612,0,0.3007443723961176,1
ENSG00000155966,AFF2,0.05231475872147713,0,0.9761494159372661,2
ENSG00000155980,KIF5A,0.12418631402242589,0,3.601403106650351,1
ENSG00000156006,NAT2,0,0,0,0
ENSG00000156009,MAGEA8,0.018654434033985173,0,0.5409785869855699,1
ENSG00000156076,WIF1,0,0,0,0
ENSG00000156096,UGT2B4,0.02069771900373765,0,0.6002338511083918,1
ENSG00000156103,MMP16,0,0,0,0
ENSG00000156140,ADAMTS3,0,0,0,0
ENSG00000156150,ALX3,0,0,0,0
ENSG00000156194,PPEF2,0.006899239667912551,0,0.20007795036946394,1
ENSG00000156206,CFAP161,0.09825863735176119,0,1.7675433092299344,2
ENSG00000156219,ART3,0.011220108229163982,0,0.32538313864575535,1
ENSG00000156222,SLC28A1,0.019488071361263813,0,0.5651540694766504,1
ENSG00000156234,CXCL13,0,0,0,0
ENSG00000156269,NAA11,0.022704403029309247,0,0.6584276878499681,1
ENSG00000156282,CLDN17,0,0,0,0
ENSG00000156284,CLDN8,0.006877110133789707,0,0.19943619387990152,1
ENSG00000156395,SORCS3,0.010157139892418825,0,0.2945570568801459,1
ENSG00000156463,SH3RF2,0.0746177361359407,0,2.1639143479422795,1
ENSG00000156466,GDF6,0,0,0,0
ENSG00000156475,PPP2R2B,0.006899239667912551,0,0.20007795036946394,1
ENSG00000156486,KCNS2,0.00924174162358344,0,0.2680105070839197,1
ENSG00000156564,LRFN2,0,0,0,0
ENSG00000156574,NODAL,0,0,0,0
ENSG00000156575,PRG3,0,0,0,0
ENSG00000156687,UNC5D,0.0413954380074753,0,1.2004677022167836,1
ENSG00000156885,COX6A2,0,0,0,0
ENSG00000156886,ITGAD,0.006755531358142967,0,0.19591040938614607,1
ENSG00000156925,ZIC3,0,0,0,0
ENSG00000156968,MPV17L,0.03814250539524897,0,0.5651540694766504,2
ENSG00000157005,SST,0.020266594074428917,0,0.5877312281584383,1
ENSG00000157060,SHCBP1L,0.02852062941157656,0,0.5325411960555738,2
ENSG00000157064,NMNAT2,0.013847413002069977,0,0.4015749770600294,1
ENSG00000157093,LYZL4,0,0,0,0
ENSG00000157103,SLC6A1,0.023768893997827792,0,0.6892979259370058,1
ENSG00000157111,TMEM171,0.029646725468772533,0,0.8597550385944037,1
ENSG00000157119,KLHL40,0,0,0,0
ENSG00000157131,C8A,0.027596958671650205,0,0.8003118014778557,1
ENSG00000157150,TIMP4,0.05601616122024202,0,1.3299116185068727,2
ENSG00000157211,CDCP2,0,0,0,0
ENSG00000157214,STEAP2,0.05685304779263693,0,1.2004677022167836,2
ENSG00000157219,HTR5A,0,0,0,0
ENSG00000157227,MMP14,0.12955533351698645,0,3.2161260850070366,2
ENSG00000157303,SUSD3,0.027725224870750315,0,0.8040315212517591,1
ENSG00000157322,CLEC18A,0.06189399120410736,0,1.7949257449191136,1
ENSG00000157330,CFAP107,0.03240865430156458,0,0.5409785869855699,2
ENSG00000157399,ARSL,0.006899239667912551,0,0.20007795036946394,1
ENSG00000157445,CACNA2D3,0.1973071779652681,0,5.521830210623311,2
ENSG00000157551,KCNJ15,0.03047488464189543,0,0.8837716546149672,1
ENSG00000157554,ERG,0.048294677675387844,0,1.4005456525862476,1
ENSG00000157570,TSPAN18,0.04447008820315882,0,1.2896325578916055,1
ENSG00000157654,PALM2AKAP2,0,0,0,0
ENSG00000157765,SLC34A2,0.41695349139830695,0,8.11467880478355,2
ENSG00000157766,ACAN,0.0413954380074753,0,1.2004677022167836,1
ENSG00000157782,CABP1,0.0650688792247782,0,1.0003897518473197,2
ENSG00000157884,CIB4,0,0,0,0
ENSG00000157927,RADIL,0.03954807407153221,0,0.7497063962325754,2
ENSG00000158050,DUSP2,0.06082139771686471,0,1.1130542564975656,2
ENSG00000158113,LRRC43,0.006755531358142967,0,0.19591040938614607,1
ENSG00000158125,XDH,0.015286340442607732,0,0.4433038728356243,1
ENSG00000158258,CLSTN2,0.0413954380074753,0,1.2004677022167836,1
ENSG00000158270,COLEC12,0.006877110133789707,0,0.19943619387990152,1
ENSG00000158352,SHROOM4,0.013798479335825103,0,0.40015590073892787,1
ENSG00000158427,TMSB15B,0.11018093711494635,0,3.195247176333443,1
ENSG00000158485,CD1B,0,0,0,0
ENSG00000158488,CD1E,0,0,0,0
ENSG00000158497,HMHB1,0,0,0,0
ENSG00000158516,CPA2,0.014823362734386267,0,0.42987751929720186,1
ENSG00000158517,NCF1,0.015305107236228677,0,0.4438481098506318,1
ENSG00000158571,PFKFB1,0.0750678419469847,0,1.7753924394025271,2
ENSG00000158578,ALAS2,0.04550997969336005,0,0.8779035837999574,2
ENSG00000158639,PAGE5,0,0,0,0
ENSG00000158691,ZSCAN12,0.055792351315137205,0,1.0819571739711398,2
ENSG00000158748,HTR6,0.011884446998913896,0,0.3446489629685029,1
ENSG00000158786,PLA2G2F,0,0,0,0
ENSG00000158816,VWA5B1,0.030538881032899073,0,0.5409785869855699,2
ENSG00000158825,CDA,0,0,0,0
ENSG00000158865,SLC5A11,0.01217679468723525,0,0.35312704592982236,1
ENSG00000158901,WFDC8,0,0,0,0
ENSG00000158955,WNT9B,0.025534241225977215,0,0.7404929955533396,1
ENSG00000159173,TNNI1,0.05052545837414052,0,1.0650823921111476,2
ENSG00000159182,PRAC1,0,0,0,0
ENSG00000159189,C1QC,0.006899239667912551,0,0.20007795036946394,1
ENSG00000159217,IGF2BP1,0,0,0,0
ENSG00000159224,GIP,0,0,0,0
ENSG00000159248,GJD2,0,0,0,0
ENSG00000159251,ACTC1,0,0,0,0
ENSG00000159289,GOLGA6A,0.017877261868269503,0,0.32253018479366935,4
ENSG00000159337,PLA2G4D,0.007676236251707346,0,0.2226108512995131,1
ENSG00000159398,CES5A,0.038976142722527626,0,1.1303081389533007,1
ENSG00000159409,CELF3,0.01217679468723525,0,0.35312704592982236,1
ENSG00000159455,LCE2B,0,0,0,0
ENSG00000159495,TGM7,0.006536245132932125,0,0.18955110885503168,1
ENSG00000159516,SPRR2G,0.05089078331768939,0,1.0339468889055086,2
ENSG00000159527,PGLYRP3,0.012925972348837507,0,0.3748531981162877,1
ENSG00000159618,ADGRG5,0,0,0,0
ENSG00000159650,UROC1,0.006899239667912551,0,0.20007795036946394,1
ENSG00000159708,LRRC36,0.03245291336981027,0,0.5409785869855699,2
ENSG00000159763,PIP,0,0,0,0
ENSG00000159784,FAM131B,0.015237442320947715,0,0.4418858273074836,1
ENSG00000159958,TNFRSF13C,0.06214209067745783,0,1.4005456525862476,2
ENSG00000159961,OR3A3,0,0,0,0
ENSG00000160097,FNDC5,0,0,0,0
ENSG00000160161,CILP2,0.07110586903407326,0,1.1754624563168765,2
ENSG00000160180,TFF3,0.03240865430156458,0,0.5409785869855699,2
ENSG00000160181,TFF2,0,0,0,0
ENSG00000160182,TFF1,0,0,0,0
ENSG00000160183,TMPRSS3,0,0,0,0
ENSG00000160185,UBASH3A,0.02031427978483765,0,0.5891141137602918,1
ENSG00000160202,CRYAA,0,0,0,0
ENSG00000160223,ICOSLG,0,0,0,0
ENSG00000160224,AIRE,0.006877110133789707,0,0.19943619387990152,1
ENSG00000160282,FTCD,0.04269736598394309,0,0.7943755036837178,2
ENSG00000160293,VAV2,0.018654434033985173,0,0.5409785869855699,1
ENSG00000160307,S100B,0.0365722504145054,0,0.6167471521700248,2
ENSG00000160321,ZNF208,0.05799189614171507,0,1.2334943043400497,2
ENSG00000160339,FCN2,0,0,0,0
ENSG00000160349,LCN1,0,0,0,0
ENSG00000160396,HIPK4,0.006899239667912551,0,0.20007795036946394,1
ENSG00000160472,TMEM190,0.018654434033985173,0,0.5409785869855699,1
ENSG00000160505,NLRP4,0.03730886806797035,0,1.0819571739711398,1
ENSG00000160539,PLPP7,0,0,0,0
ENSG00000160593,JAML,0.03565334099674168,0,1.0339468889055086,1
ENSG00000160654,CD3G,0.0332865506970889,0,0.5651540694766504,2
ENSG00000160678,S100A1,0.029186885760164996,0,0.8464196870447849,1
ENSG00000160683,CXCR5,0,0,0,0
ENSG00000160716,CHRNB2,0.0869081811254815,0,2.118762275578934,2
ENSG00000160808,MYL3,0,0,0,0
ENSG00000160862,AZGP1,0.03896871381882281,0,0.5891141137602918,2
ENSG00000160870,CYP3A7,0.023028708755122047,0,0.6678325538985393,1
ENSG00000160886,LY6K,0.02374885606294012,0,0.4418858273074836,2
ENSG00000160963,COL26A1,0.15972442004581255,0,4.188160071477932,2
ENSG00000160973,FOXH1,0,0,0,0
ENSG00000160994,TEKTL1,0,0,0,0
ENSG00000161031,PGLYRP2,0.02308311224125633,0,0.3748531981162877,2
ENSG00000161544,CYGB,0.015457609785161636,0,0.4482706837696875,1
ENSG00000161634,DCD,0.014823362734386267,0,0.42987751929720186,1
ENSG00000161640,SIGLEC11,0.016912671250561794,0,0.2945570568801459,2
ENSG00000161649,CD300LG,0.16350367272675434,0,4.141372657967484,2
ENSG00000161652,IZUMO2,0.01307249026586425,0,0.37910221771006336,1
ENSG00000161807,OR7G1,0,0,0,0
ENSG00000161849,KRT84,0,0,0,0
ENSG00000161850,KRT82,0,0,0,0
ENSG00000161896,IP6K3,0,0,0,0
ENSG00000161911,TREML1,0,0,0,0
ENSG00000161939,RNASEK-C17orf49,0,0,0,0
ENSG00000161944,ASGR2,0,0,0,0
ENSG00000161973,CCDC42,0,0,0,0
ENSG00000161992,PRR35,0,0,0,0
ENSG00000162006,MSLNL,0.010157139892418825,0,0.2945570568801459,1
ENSG00000162009,SSTR5,0,0,0,0
ENSG00000162068,NTN3,0,0,0,0
ENSG00000162267,ITIH3,0,0,0,0
ENSG00000162365,CYP4A22,0.012925972348837507,0,0.3748531981162877,1
ENSG00000162374,ELAVL4,0.02481041934775139,0,0.3748531981162877,2
ENSG00000162391,FAM151A,0.006899239667912551,0,0.20007795036946394,1
ENSG00000162398,CIMAP2,0.06420139075756257,0,1.5672832750891685,2
ENSG00000162399,BSND,0,0,0,0
ENSG00000162409,PRKAA2,0.015237442320947715,0,0.4418858273074836,1
ENSG00000162437,RAVER2,0.06311804040977413,0,1.4005456525862476,2
ENSG00000162444,RBP7,0.016140981291495986,0,0.2680105070839197,2
ENSG00000162456,KNCN,0,0,0,0
ENSG00000162460,TMEM82,0,0,0,0
ENSG00000162493,PDPN,0.09256804165310839,0,1.8007015533251756,2
ENSG00000162551,ALPL,0.052546310388918056,0,1.0819571739711398,2
ENSG00000162571,TTLL10,0,0,0,0
ENSG00000162595,DIRAS3,0.030915219570323272,0,0.896541367539375,1
ENSG00000162598,C1orf87,0.03730886806797035,0,1.0819571739711398,1
ENSG00000162618,ADGRL4,0.01217679468723525,0,0.35312704592982236,1
ENSG00000162621,LRRC53,0,0,0,0
ENSG00000162624,LHX8,0,0,0,0
ENSG00000162627,SNX7,0.06436676099682831,0,1.3256574819224507,2
ENSG00000162639,HENMT1,0.07577313201817709,0,1.7675433092299344,2
ENSG00000162641,AKNAD1,0.030572680885215465,0,0.8866077456712486,1
ENSG00000162669,HFM1,0.006899239667912551,0,0.20007795036946394,1
ENSG00000162670,BRINP3,0.04605741751024409,0,1.3356651077970787,1
ENSG00000162687,KCNT2,0.018654434033985173,0,0.5409785869855699,1
ENSG00000162692,VCAM1,0,0,0,0
ENSG00000162706,CADM3,0.006899239667912551,0,0.20007795036946394,1
ENSG00000162711,NLRP3,0.08203398633521831,0,1.3785958518740116,2
ENSG00000162723,SLAMF9,0.056100541145819874,0,1.626915693228777,1
ENSG00000162727,OR2M5,0,0,0,0
ENSG00000162738,VANGL2,0.028670775736456242,0,0.42987751929720186,2
ENSG00000162745,OLFML2B,0.007296721440041249,0,0.21160492176119622,1
ENSG00000162747,FCGR3B,0,0,0,0
ENSG00000162761,LMX1A,0,0,0,0
ENSG00000162763,LRRC52,0,0,0,0
ENSG00000162771,GARIN4,0,0,0,0
ENSG00000162782,TDRD5,0,0,0,0
ENSG00000162843,WDR64,0.012925972348837507,0,0.3748531981162877,1
ENSG00000162873,KLHDC8A,0.01217679468723525,0,0.35312704592982236,1
ENSG00000162877,PM20D1,0,0,0,0
ENSG00000162891,IL20,0,0,0,0
ENSG00000162892,IL24,0.04573858230470955,0,0.896541367539375,2
ENSG00000162894,FCMR,0.013847413002069977,0,0.4015749770600294,1
ENSG00000162897,FCAMR,0,0,0,0
ENSG00000162951,LRRTM1,0.020746652669982525,0,0.4015749770600294,2
ENSG00000162975,KCNF1,0,0,0,0
ENSG00000162989,KCNJ3,0.015237442320947715,0,0.4418858273074836,1
ENSG00000162992,NEUROD1,0,0,0,0
ENSG00000162998,FRZB,0,0,0,0
ENSG00000163012,ZSWIM2,0,0,0,0
ENSG00000163032,VSNL1,0.06168416768481384,0,0.9022331171883529,2
ENSG00000163040,CCDC74A,0.018654434033985173,0,0.5409785869855699,1
ENSG00000163046,ANKRD30BL,0,0,0,0
ENSG00000163053,SLC16A14,0.030704945006829385,0,0.8904434051980524,1
ENSG00000163060,TEKT4,0.007296721440041249,0,0.21160492176119622,1
ENSG00000163064,EN1,0,0,0,0
ENSG00000163083,INHBB,0.051063088335549754,0,1.0819571739711398,2
ENSG00000163092,XIRP2,0,0,0,0
ENSG00000163114,PDHA2,0,0,0,0
ENSG00000163116,STPG2,0.02964521125368264,0,0.5651540694766504,2
ENSG00000163157,TMOD4,0,0,0,0
ENSG00000163202,LCE3D,0,0,0,0
ENSG00000163206,SMCP,0,0,0,0
ENSG00000163207,IVL,0.2310435405895859,0,6.700262677097993,1
ENSG00000163209,SPRR3,0.09507557599131117,0,2.757191703748023,1
ENSG00000163216,SPRR2D,0.06997760211574497,0,1.3400525354195987,2
ENSG00000163217,BMP10,0,0,0,0
ENSG00000163218,PGLYRP4,0,0,0,0
ENSG00000163221,S100A12,0,0,0,0
ENSG00000163239,TDRD10,0.006899239667912551,0,0.20007795036946394,1
ENSG00000163273,NPPC,0,0,0,0
ENSG00000163283,ALPP,0,0,0,0
ENSG00000163285,GABRG1,0.020266594074428917,0,0.5877312281584383,1
ENSG00000163286,ALPG,0,0,0,0
ENSG00000163288,GABRB1,0,0,0,0
ENSG00000163295,ALPI,0,0,0,0
ENSG00000163352,LENEP,0,0,0,0
ENSG00000163377,TAFA4,0,0,0,0
ENSG00000163394,CCKAR,0,0,0,0
ENSG00000163421,PROK2,0.05942223499456947,0,1.7232448148425143,1
ENSG00000163424,TEX55,0,0,0,0
ENSG00000163431,LMOD1,0.05833433504257608,0,1.2901207391746774,2
ENSG00000163440,PDCL2,0,0,0,0
ENSG00000163485,ADORA1,0.04108838812157163,0,1.1915632555255766,1
ENSG00000163497,FEV,0.02031427978483765,0,0.5891141137602918,1
ENSG00000163501,IHH,0,0,0,0
ENSG00000163508,EOMES,0,0,0,0
ENSG00000163518,FCRL4,0.035137642519223924,0,0.5891141137602918,2
ENSG00000163519,TRAT1,0.02031427978483765,0,0.5891141137602918,1
ENSG00000163530,DPPA2,0.14280595372301672,0,4.141372657967484,1
ENSG00000163531,NFASC,0.03245291336981027,0,0.5409785869855699,2
ENSG00000163586,FABP1,0.03449619833956275,0,1.0003897518473197,1
ENSG00000163599,CTLA4,0.015237442320947715,0,0.4418858273074836,1
ENSG00000163600,ICOS,0.02746313512984298,0,0.4433038728356243,2
ENSG00000163618,CADPS,0.09663828901702058,0,2.400935404433567,2
ENSG00000163631,ALB,0.09597525557896829,0,2.3831265110511533,2
ENSG00000163637,PRICKLE2,0.043780328640247494,0,1.2696295305671774,1
ENSG00000163646,CLRN1,0,0,0,0
ENSG00000163673,DCLK3,0.01217679468723525,0,0.35312704592982236,1
ENSG00000163687,DNASE1L3,0.10348859501868822,0,3.001169255541959,1
ENSG00000163710,PCOLCE2,0.2400457776433487,0,6.559752574597083,2
ENSG00000163736,PPBP,0.09241741623583437,0,2.6801050708391974,1
ENSG00000163737,PF4,0.027596958671650205,0,0.8003118014778557,1
ENSG00000163762,TM4SF18,0,0,0,0
ENSG00000163792,TCF23,0.02114413444211123,0,0.4015749770600294,2
ENSG00000163793,DNAJC5G,0.08106637629771567,0,2.350924912633753,1
ENSG00000163815,CLEC3B,0.02366820260870476,0,0.39182081877229213,2
ENSG00000163817,SLC6A20,0,0,0,0
ENSG00000163825,RTP3,0,0,0,0
ENSG00000163827,LRRC2,0,0,0,0
ENSG00000163873,GRIK3,0.01217679468723525,0,0.35312704592982236,1
ENSG00000163884,KLF15,0,0,0,0
ENSG00000163898,LIPH,0.21256005734241906,0,6.164241662930153,1
ENSG00000163909,HEYL,0,0,0,0
ENSG00000163914,RHO,0,0,0,0
ENSG00000163982,OTOP1,0,0,0,0
ENSG00000164007,CLDN19,0.03730886806797035,0,1.0819571739711398,1
ENSG00000164038,SLC9B2,0.02072452313585969,0,0.4015749770600294,2
ENSG00000164047,CAMP,0,0,0,0
ENSG00000164049,FBXW12,0.007296721440041249,0,0.21160492176119622,1
ENSG00000164076,CAMKV,0.015286340442607732,0,0.4433038728356243,1
ENSG00000164082,GRM2,0.04154223900620994,0,1.2047249311800883,1
ENSG00000164089,ETNPPL,0.030572680885215465,0,0.8866077456712486,1
ENSG00000164100,NDST3,0,0,0,0
ENSG00000164112,SMIM43,0,0,0,0
ENSG00000164113,ADAD1,0,0,0,0
ENSG00000164116,GUCY1A1,0.08841621547176576,0,2.1639143479422795,2
ENSG00000164128,NPY1R,0,0,0,0
ENSG00000164129,NPY5R,0,0,0,0
ENSG00000164142,FHIP1A,0,0,0,0
ENSG00000164175,SLC45A2,0.08624164599315813,0,1.8502414565100747,2
ENSG00000164197,RNF180,0.010157139892418825,0,0.2945570568801459,1
ENSG00000164256,PRDM9,0.023768893997827792,0,0.6892979259370058,1
ENSG00000164265,SCGB3A2,0,0,0,0
ENSG00000164283,ESM1,0.02069771900373765,0,0.6002338511083918,1
ENSG00000164299,SPZ1,0,0,0,0
ENSG00000164318,EGFLAM,0.06744431441273717,0,1.7558071675999147,2
ENSG00000164325,TMEM174,0,0,0,0
ENSG00000164326,CARTPT,0.09485737872053625,0,2.750863982895551,1
ENSG00000164330,EBF1,0.03781445923823582,0,0.896541367539375,2
ENSG00000164334,FAM170A,0,0,0,0
ENSG00000164344,KLKB1,0.0438662061622463,0,1.0720420283356789,2
ENSG00000164363,SLC6A18,0,0,0,0
ENSG00000164399,IL3,0.012925972348837507,0,0.3748531981162877,1
ENSG00000164434,FABP7,0,0,0,0
ENSG00000164438,TLX3,0,0,0,0
ENSG00000164451,CALHM4,0.0689923966791255,0,2.0007795036946394,1
ENSG00000164458,TBXT,0,0,0,0
ENSG00000164483,SAMD3,0.029001236610085888,0,0.4438481098506318,2
ENSG00000164484,TMEM200A,0.21464104025452507,0,4.443703356985121,2
ENSG00000164485,IL22RA2,0,0,0,0
ENSG00000164488,DACT2,0.018654434033985173,0,0.5409785869855699,1
ENSG00000164500,SPMIP7,0,0,0,0
ENSG00000164508,H2AC1,0,0,0,0
ENSG00000164509,IL31RA,0.027694826004139955,0,0.8031499541200589,1
ENSG00000164520,RAET1E,0.03652383560256227,0,0.8597550385944037,2
ENSG00000164530,PI16,0.060883973436176284,0,1.7656352296491118,1
ENSG00000164542,MATCAP2,0.07124964254456326,0,1.6229357609567099,2
ENSG00000164588,HCN1,0.03449619833956275,0,1.0003897518473197,1
ENSG00000164600,NEUROD6,0,0,0,0
ENSG00000164619,BMPER,0,0,0,0
ENSG00000164645,TEX47,0,0,0,0
ENSG00000164694,FNDC1,0.06811320908792773,0,1.9752830635499041,1
ENSG00000164695,CHMP4C,0,0,0,0
ENSG00000164708,PGAM2,0,0,0,0
ENSG00000164729,SLC35G3,0,0,0,0
ENSG00000164749,HNF4G,0.025360593380956586,0,0.5360210141678394,2
ENSG00000164794,KCNV1,0,0,0,0
ENSG00000164796,CSMD3,0.006899239667912551,0,0.20007795036946394,1
ENSG00000164816,DEFA5,0,0,0,0
ENSG00000164821,DEFA4,0,0,0,0
ENSG00000164822,DEFA6,0,0,0,0
ENSG00000164825,DEFB1,0.09841311693319867,0,2.4120945637552773,2
ENSG00000164853,UNCX,0.02069771900373765,0,0.6002338511083918,1
ENSG00000164855,TMEM184A,0,0,0,0
ENSG00000164871,SPAG11B,0,0,0,0
ENSG00000164879,CA3,0.05130793347619502,0,0.8876962197012636,2
ENSG00000164893,SLC7A13,0,0,0,0
ENSG00000164900,GBX1,0,0,0,0
ENSG00000165023,DIRAS2,0,0,0,0
ENSG00000165059,PRKACG,0,0,0,0
ENSG00000165061,ZMAT4,0,0,0,0
ENSG00000165066,NKX6-3,0.027596958671650205,0,0.8003118014778557,1
ENSG00000165072,MAMDC2,0,0,0,0
ENSG00000165078,CPA6,0,0,0,0
ENSG00000165084,C8orf34,0,0,0,0
ENSG00000165091,TMC1,0.07384835137728557,0,1.6006236029557115,2
ENSG00000165105,RASEF,0.01842069213184602,0,0.3446489629685029,2
ENSG00000165120,SSMEM1,0.05100499744182755,0,1.0819571739711398,2
ENSG00000165125,TRPV6,0.05596330210195551,0,1.6229357609567099,1
ENSG00000165131,LLCFC1,0,0,0,0
ENSG00000165168,CYBB,0.14730875236378857,0,2.6713302155941574,2
ENSG00000165186,PTCHD1,0.1178564985290524,0,2.8010913051724953,2
ENSG00000165188,RNF183,0.027596958671650205,0,0.8003118014778557,1
ENSG00000165192,ASB11,0,0,0,0
ENSG00000165194,PCDH19,0,0,0,0
ENSG00000165202,OR1Q1,0,0,0,0
ENSG00000165238,WNK2,0.06582094534136677,0,1.6080630425035183,2
ENSG00000165269,AQP7,0,0,0,0
ENSG00000165323,FAT3,0.058006587071707985,0,1.0819571739711398,2
ENSG00000165325,DEUP1,0,0,0,0
ENSG00000165349,SLC7A3,0,0,0,0
ENSG00000165370,GPR101,0,0,0,0
ENSG00000165376,CLDN2,0,0,0,0
ENSG00000165383,LRRC18,0.07960420331777603,0,1.7675433092299344,2
ENSG00000165443,PHYHIPL,0,0,0,0
ENSG00000165449,SLC16A9,0.04418597820176004,0,1.0819571739711398,2
ENSG00000165462,PHOX2A,0,0,0,0
ENSG00000165471,MBL2,0,0,0,0
ENSG00000165478,HEPACAM,0,0,0,0
ENSG00000165495,PKNOX2,0,0,0,0
ENSG00000165496,RPL10L,0,0,0,0
ENSG00000165509,MAGEC3,0,0,0,0
ENSG00000165521,EML5,0.01037049559986612,0,0.3007443723961176,1
ENSG00000165553,NGB,0,0,0,0
ENSG00000165556,CDX2,0,0,0,0
ENSG00000165566,AMER2,0,0,0,0
ENSG00000165584,SSX3,0.006899239667912551,0,0.20007795036946394,1
ENSG00000165588,OTX2,0,0,0,0
ENSG00000165606,DRGX,0,0,0,0
ENSG00000165617,DACT1,0.015136268686206164,0,0.4389517918999787,1
ENSG00000165621,OXGR1,0,0,0,0
ENSG00000165623,UCMA,0,0,0,0
ENSG00000165643,SOHLH1,0,0,0,0
ENSG00000165682,CLEC1B,0,0,0,0
ENSG00000165685,TMEM52B,0,0,0,0
ENSG00000165694,FRMD7,0,0,0,0
ENSG00000165695,AK8,0.015457609785161636,0,0.4482706837696875,1
ENSG00000165762,OR4K2,0.006899239667912551,0,0.20007795036946394,1
ENSG00000165794,SLC39A2,0,0,0,0
ENSG00000165799,RNASE7,0.015457609785161636,0,0.4482706837696875,1
ENSG00000165805,C12orf50,0.04242332803181297,0,0.6892979259370058,2
ENSG00000165810,BTNL9,0.04448692204050612,0,1.2901207391746774,1
ENSG00000165816,VWA2,0.13062769953124834,0,2.9284482478117986,2
ENSG00000165821,SALL2,0,0,0,0
ENSG00000165828,PRAP1,0.018654434033985173,0,0.5409785869855699,1
ENSG00000165841,CYP2C19,0,0,0,0
ENSG00000165863,SPMIP5,0,0,0,0
ENSG00000165887,ANKRD2,0,0,0,0
ENSG00000165895,ARHGAP42,0,0,0,0
ENSG00000165905,LARGE2,0,0,0,0
ENSG00000165935,SMCO2,0,0,0,0
ENSG00000165953,SERPINA12,0.006899239667912551,0,0.20007795036946394,1
ENSG00000165966,PDZRN4,0,0,0,0
ENSG00000165970,SLC6A5,0.006899239667912551,0,0.20007795036946394,1
ENSG00000165972,CCDC38,0.04196486218201438,0,0.6167471521700248,2
ENSG00000165973,NELL1,0,0,0,0
ENSG00000166006,KCNC2,0,0,0,0
ENSG00000166049,PASD1,0,0,0,0
ENSG00000166069,TMCO5A,0.01217679468723525,0,0.35312704592982236,1
ENSG00000166090,IL25,0.013798479335825103,0,0.40015590073892787,1
ENSG00000166091,CMTM5,0.006899239667912551,0,0.20007795036946394,1
ENSG00000166105,GLB1L3,0,0,0,0
ENSG00000166106,ADAMTS15,0,0,0,0
ENSG00000166111,SVOP,0.03435249002979316,0,0.8003118014778557,2
ENSG00000166118,SPATA19,0,0,0,0
ENSG00000166126,AMN,0.05183982406349218,0,0.8866077456712486,2
ENSG00000166143,PPP1R14D,0.021267143178276722,0,0.6167471521700248,1
ENSG00000166148,AVPR1A,0,0,0,0
ENSG00000166152,C16orf78,0.029133753444677706,0,0.4433038728356243,2
ENSG00000166159,LRTM2,0.018363489519157714,0,0.5325411960555738,1
ENSG00000166160,OPN1MW2,0,0,0,0
ENSG00000166211,SPIC,0.006899239667912551,0,0.20007795036946394,1
ENSG00000166220,TBATA,0.0365722504145054,0,0.6167471521700248,2
ENSG00000166265,CYYR1,0.029646725468772533,0,0.8597550385944037,1
ENSG00000166292,TMEM100,0,0,0,0
ENSG00000166317,SYNPO2L,0.018363489519157714,0,0.5325411960555738,1
ENSG00000166329,CCDC182,0,0,0,0
ENSG00000166342,NETO1,0,0,0,0
ENSG00000166351,POTED,0,0,0,0
ENSG00000166363,OR10A5,0.01307249026586425,0,0.37910221771006336,1
ENSG00000166368,OR2D2,0,0,0,0
ENSG00000166391,MOGAT2,0,0,0,0
ENSG00000166396,SERPINB7,0.5696163451658934,0,15.812619917951263,2
ENSG00000166407,LMO1,0,0,0,0
ENSG00000166415,WDR72,0.006899239667912551,0,0.20007795036946394,1
ENSG00000166426,CRABP1,0,0,0,0
ENSG00000166428,PLD4,0.0243535893744705,0,0.7062540918596447,1
ENSG00000166450,PRTG,0.013798479335825103,0,0.40015590073892787,1
ENSG00000166455,C16orf46,0,0,0,0
ENSG00000166482,MFAP4,0,0,0,0
ENSG00000166509,CLEC3A,0.01037049559986612,0,0.3007443723961176,1
ENSG00000166558,SLC38A8,0,0,0,0
ENSG00000166569,CPLX4,0.026024207689305228,0,0.4015749770600294,2
ENSG00000166573,GALR1,0,0,0,0
ENSG00000166589,CDH16,0,0,0,0
ENSG00000166603,MC4R,0,0,0,0
ENSG00000166634,SERPINB12,0.06140046391016401,0,1.3804575526558278,2
ENSG00000166670,MMP10,0.015237442320947715,0,0.4418858273074836,1
ENSG00000166689,PLEKHA7,0.02712188931986161,0,0.4418858273074836,2
ENSG00000166736,HTR3A,0.058006587071707985,0,1.0819571739711398,2
ENSG00000166813,KIF7,0.015237442320947715,0,0.4418858273074836,1
ENSG00000166823,MESP1,0,0,0,0
ENSG00000166828,SCNN1G,0,0,0,0
ENSG00000166831,RBPMS2,0,0,0,0
ENSG00000166862,CACNG2,0,0,0,0
ENSG00000166863,TAC3,0.03785156088042153,0,0.5651540694766504,2
ENSG00000166869,CHP2,0.03047488464189543,0,0.8837716546149672,1
ENSG00000166884,OR4D6,0,0,0,0
ENSG00000166897,ELFN2,0.015457609785161636,0,0.4482706837696875,1
ENSG00000166924,NYAP1,0,0,0,0
ENSG00000166928,MS4A14,0,0,0,0
ENSG00000166930,MS4A5,0.027022125432571868,0,0.7836416375445843,1
ENSG00000166948,TGM6,0,0,0,0
ENSG00000166960,CCDC178,0,0,0,0
ENSG00000167011,NAT16,0.054044250865143736,0,1.5672832750891685,1
ENSG00000167014,TERB2,0,0,0,0
ENSG00000167037,SGSM1,0.043008023408455685,0,0.7062540918596447,2
ENSG00000167080,B4GALNT2,0,0,0,0
ENSG00000167083,GNGT2,0,0,0,0
ENSG00000167098,SUN5,0,0,0,0
ENSG00000167104,BPIFB6,0,0,0,0
ENSG00000167105,TMEM92,0.024479183944531153,0,0.4418858273074836,2
ENSG00000167131,CCDC103,0,0,0,0
ENSG00000167139,TBC1D21,0,0,0,0
ENSG00000167165,UGT1A6,0.007676236251707346,0,0.2226108512995131,1
ENSG00000167191,GPRC5B,0.14552536402166413,0,4.020157606258795,2
ENSG00000167194,C16orf92,0,0,0,0
ENSG00000167195,GOLGA6C,0,0,0,0
ENSG00000167207,NOD2,0.05519391734330041,0,1.6006236029557115,1
ENSG00000167210,LOXHD1,0,0,0,0
ENSG00000167244,IGF2,0.028670775736456242,0,0.42987751929720186,2
ENSG00000167281,RBFOX3,0.023133846036868987,0,0.4482706837696875,2
ENSG00000167286,CD3D,0,0,0,0
ENSG00000167332,OR51E2,0,0,0,0
ENSG00000167346,MMP26,0,0,0,0
ENSG00000167359,OR51I1,0.038976142722527626,0,1.1303081389533007,1
ENSG00000167419,LPO,0.00924174162358344,0,0.2680105070839197,1
ENSG00000167531,LALBA,0.013696129373857202,0,0.3971877518418589,1
ENSG00000167600,CYP2S1,0.10014928030371553,0,2.70489293492785,2
ENSG00000167612,ANKRD33,0.01217679468723525,0,0.35312704592982236,1
ENSG00000167617,CDC42EP5,0.0459290294624181,0,0.8836711706404378,2
ENSG00000167618,LAIR2,0.05733963224168534,0,1.1303081389533007,2
ENSG00000167633,KIR3DL1,0,0,0,0
ENSG00000167634,NLRP7,0.03730886806797035,0,1.0819571739711398,1
ENSG00000167641,PPP1R14A,0,0,0,0
ENSG00000167654,ATCAY,0.013798479335825103,0,0.40015590073892787,1
ENSG00000167664,TMIGD2,0,0,0,0
ENSG00000167741,GGT6,0.027392258747714403,0,0.7943755036837178,1
ENSG00000167749,KLK4,0.024916237603021175,0,0.3971877518418589,2
ENSG00000167754,KLK5,0,0,0,0
ENSG00000167755,KLK6,0.09241741623583437,0,2.6801050708391974,1
ENSG00000167767,KRT80,0,0,0,0
ENSG00000167769,ACER1,0,0,0,0
ENSG00000167771,RCOR2,0,0,0,0
ENSG00000167774,,0,0,0,0
ENSG00000167780,SOAT2,0,0,0,0
ENSG00000167791,CABP2,0,0,0,0
ENSG00000167800,TBX10,0,0,0,0
ENSG00000167822,OR8J3,0,0,0,0
ENSG00000167825,OR5I1,0,0,0,0
ENSG00000167889,MGAT5B,0,0,0,0
ENSG00000167910,CYP7A1,0.018363489519157714,0,0.5325411960555738,1
ENSG00000167916,KRT24,0.01217679468723525,0,0.35312704592982236,1
ENSG00000167941,SOST,0,0,0,0
ENSG00000168060,NAALADL1,0.022704403029309247,0,0.6584276878499681,1
ENSG00000168065,SLC22A11,0.03459406567205252,0,0.8031499541200589,2
ENSG00000168070,MAJIN,0.034066959007358996,0,0.6348147652835887,2
ENSG00000168079,SCARA5,0.09327217016992584,0,2.70489293492785,1
ENSG00000168131,OR2B2,0.00924174162358344,0,0.2680105070839197,1
ENSG00000168135,KCNJ4,0,0,0,0
ENSG00000168143,FAM83B,0,0,0,0
ENSG00000168229,PTGDR,0,0,0,0
ENSG00000168267,PTF1A,0,0,0,0
ENSG00000168269,FOXI1,0,0,0,0
ENSG00000168306,ACOX2,0.049801305575791426,0,1.0003897518473197,2
ENSG00000168309,FAM107A,0.05519391734330041,0,1.6006236029557115,1
ENSG00000168314,MOBP,0.041792919779604004,0,1.0003897518473197,2
ENSG00000168333,PPDPFL,0,0,0,0
ENSG00000168348,INSM2,0,0,0,0
ENSG00000168398,BDKRB2,0.03154012249711445,0,0.6678325538985393,2
ENSG00000168418,KCNG4,0,0,0,0
ENSG00000168427,KLHL30,0,0,0,0
ENSG00000168447,SCNN1B,0.12189953856758172,0,3.535086618459869,1
ENSG00000168481,LGI3,0.03377765679071482,0,0.9795520469307304,1
ENSG00000168484,SFTPC,0.006899239667912551,0,0.20007795036946394,1
ENSG00000168490,PHYHIP,0.015237442320947715,0,0.4418858273074836,1
ENSG00000168491,CCDC110,0.042534286356553444,0,1.2334943043400497,1
ENSG00000168505,GBX2,0,0,0,0
ENSG00000168509,HJV,0.006899239667912551,0,0.20007795036946394,1
ENSG00000168515,SCGB1D1,0,0,0,0
ENSG00000168530,MYL1,0.015305107236228677,0,0.4438481098506318,1
ENSG00000168539,CHRM1,0,0,0,0
ENSG00000168582,CRYGA,0,0,0,0
ENSG00000168619,ADAM18,0.02069771900373765,0,0.6002338511083918,1
ENSG00000168621,GDNF,0.018654434033985173,0,0.5409785869855699,1
ENSG00000168631,MUCL3,0,0,0,0
ENSG00000168634,WFDC13,0,0,0,0
ENSG00000168658,VWA3B,0.0763576117357499,0,1.5976235881667216,2
ENSG00000168671,UGT3A2,0.031664866048499066,0,0.5651540694766504,2
ENSG00000168703,WFDC12,0,0,0,0
ENSG00000168743,NPNT,0.05596330210195551,0,1.6229357609567099,1
ENSG00000168754,FAM178B,0,0,0,0
ENSG00000168757,TSPY2,0,0,0,0
ENSG00000168828,OR13J1,0,0,0,0
ENSG00000168830,HTR1E,0,0,0,0
ENSG00000168874,ATOH8,0.19985813630569846,0,4.020493513462728,2
ENSG00000168875,SOX14,0,0,0,0
ENSG00000168903,BTNL3,0,0,0,0
ENSG00000168916,ZNF608,0.013847413002069977,0,0.4015749770600294,1
ENSG00000168925,CTRB1,0,0,0,0
ENSG00000168928,CTRB2,0.025828105385027757,0,0.4482706837696875,2
ENSG00000168930,TRIM49,0,0,0,0
ENSG00000168955,TM4SF20,0.021377248121582794,0,0.32538313864575535,2
ENSG00000168959,GRM5,0.01037049559986612,0,0.3007443723961176,1
ENSG00000169006,NTSR2,0,0,0,0
ENSG00000169035,KLK7,0.025067521231233954,0,0.4015749770600294,2
ENSG00000169059,VCX3A,0.01702282748398482,0,0.4936619970355597,1
ENSG00000169067,ACTBL2,0.13189619363279909,0,2.9284482478117986,2
ENSG00000169071,ROR2,0,0,0,0
ENSG00000169181,GSG1L,0.025553673701897726,0,0.5409785869855699,2
ENSG00000169208,OR10G3,0,0,0,0
ENSG00000169218,RSPO1,0.07393393298866752,0,2.1440840566713577,1
ENSG00000169271,HSPB3,0,0,0,0
ENSG00000169297,NR0B1,0,0,0,0
ENSG00000169302,STK32A,0.015136268686206164,0,0.4389517918999787,1
ENSG00000169313,P2RY12,0,0,0,0
ENSG00000169314,C22orf15,0.03389187635493289,0,0.5409785869855699,2
ENSG00000169327,OR5AU1,0.029646725468772533,0,0.8597550385944037,1
ENSG00000169340,PDILT,0.024146080578001473,0,0.3748531981162877,2
ENSG00000169344,UMOD,0,0,0,0
ENSG00000169385,RNASE2,0,0,0,0
ENSG00000169393,ELSPBP1,0,0,0,0
ENSG00000169402,RSPH10B2,0.018654434033985173,0,0.5409785869855699,1
ENSG00000169418,NPR1,0,0,0,0
ENSG00000169432,SCN9A,0.01037049559986612,0,0.3007443723961176,1
ENSG00000169435,RASSF6,0,0,0,0
ENSG00000169436,COL22A1,0.01217679468723525,0,0.35312704592982236,1
ENSG00000169439,SDC2,0.1315081304375657,0,2.580241478349355,2
ENSG00000169469,SPRR1B,0.1201426411065847,0,3.484136592090956,1
ENSG00000169474,SPRR1A,0.023768893997827792,0,0.6892979259370058,1
ENSG00000169484,OR4K14,0,0,0,0
ENSG00000169488,OR4K15,0,0,0,0
ENSG00000169509,CRCT1,0.09142465392568627,0,2.6513149638449014,1
ENSG00000169515,CCDC8,0,0,0,0
ENSG00000169548,ZNF280A,0.05671766141694397,0,0.8866077456712486,2
ENSG00000169562,GJB1,0,0,0,0
ENSG00000169575,VPREB1,0,0,0,0
ENSG00000169583,CLIC3,0.04418597820176004,0,1.0819571739711398,2
ENSG00000169594,BNC1,0.2859976091760126,0,6.968273184181912,2
ENSG00000169605,GKN1,0,0,0,0
ENSG00000169676,DRD5,0,0,0,0
ENSG00000169688,MT1B,0,0,0,0
ENSG00000169704,GP9,0,0,0,0
ENSG00000169717,ACTRT2,0,0,0,0
ENSG00000169760,NLGN1,0.0145754759196199,0,0.2226108512995131,2
ENSG00000169777,TAS2R1,0,0,0,0
ENSG00000169789,PRY,0,0,0,0
ENSG00000169800,RBMY1F,0,0,0,0
ENSG00000169807,PRY2,0,0,0,0
ENSG00000169836,TACR3,0,0,0,0
ENSG00000169840,GSX1,0,0,0,0
ENSG00000169856,ONECUT1,0,0,0,0
ENSG00000169862,CTNND2,0.040533188148857834,0,1.1754624563168765,1
ENSG00000169876,MUC17,0.0952039691486778,0,2.7609151053116556,1
ENSG00000169877,AHSP,0.013754220267579415,0,0.39887238775980305,1
ENSG00000169885,CALML6,0.022440216458327965,0,0.6507662772915107,1
ENSG00000169900,PYDC1,0,0,0,0
ENSG00000169903,TM4SF4,0,0,0,0
ENSG00000169906,S100G,0.011220108229163982,0,0.32538313864575535,1
ENSG00000169933,FRMPD4,0,0,0,0
ENSG00000169953,HSFY2,0,0,0,0
ENSG00000169994,MYO7B,0,0,0,0
ENSG00000170054,SERPINA9,0,0,0,0
ENSG00000170099,SERPINA6,0,0,0,0
ENSG00000170128,GPR25,0,0,0,0
ENSG00000170153,RNF150,0.09181744759578855,0,2.6627059802778694,1
ENSG00000170162,VGLL2,0.01217679468723525,0,0.35312704592982236,1
ENSG00000170166,HOXD4,0,0,0,0
ENSG00000170178,HOXD12,0,0,0,0
ENSG00000170180,GYPA,0.021267143178276722,0,0.6167471521700248,1
ENSG00000170209,ANKK1,0.06456975574267122,0,1.3315443295518954,2
ENSG00000170214,ADRA1B,0,0,0,0
ENSG00000170231,FABP6,0.05034444447251019,0,0.8597550385944037,2
ENSG00000170255,MRGPRX1,0.013847413002069977,0,0.4015749770600294,2
ENSG00000170262,MRAP,0,0,0,0
ENSG00000170276,HSPB2,0,0,0,0
ENSG00000170279,C7orf33,0,0,0,0
ENSG00000170289,CNGB3,0,0,0,0
ENSG00000170290,SLN,0,0,0,0
ENSG00000170298,LGALS9B,0.013511062716285934,0,0.39182081877229213,1
ENSG00000170323,FABP4,0.04213532779948725,0,0.896541367539375,2
ENSG00000170324,FRMPD2,0.020595369041769753,0,0.3971877518418589,2
ENSG00000170367,CST5,0,0,0,0
ENSG00000170369,CST2,0.051852477999330654,0,1.503721861980588,1
ENSG00000170370,EMX2,0,0,0,0
ENSG00000170373,CST1,0,0,0,0
ENSG00000170374,SP7,0,0,0,0
ENSG00000170381,SEMA3E,0.2271226718290931,0,6.186401582304771,2
ENSG00000170390,DCLK2,0.022704403029309247,0,0.6584276878499681,1
ENSG00000170419,VSTM2A,0.024004552894488797,0,0.4015749770600294,2
ENSG00000170423,KRT78,0,0,0,0
ENSG00000170426,SDR9C7,0,0,0,0
ENSG00000170439,TMT1B,0.029084855323017692,0,0.4418858273074836,2
ENSG00000170442,KRT86,0,0,0,0
ENSG00000170454,KRT75,0,0,0,0
ENSG00000170465,KRT6C,0,0,0,0
ENSG00000170484,KRT74,0,0,0,0
ENSG00000170486,KRT72,0.07601902053107586,0,1.3168553756999362,2
ENSG00000170498,KISS1,0.03672475296343835,0,0.6167471521700248,2
ENSG00000170523,KRT83,0,0,0,0
ENSG00000170537,TMC7,0.025851944697675013,0,0.7497063962325754,1
ENSG00000170549,IRX1,0.011220108229163982,0,0.32538313864575535,1
ENSG00000170561,IRX2,0.03211770978673714,0,0.5325411960555738,2
ENSG00000170571,EMB,0,0,0,0
ENSG00000170579,DLGAP1,0,0,0,0
ENSG00000170605,OR9K2,0,0,0,0
ENSG00000170613,GARIN3,0.01217679468723525,0,0.35312704592982236,1
ENSG00000170624,SGCD,0.027596958671650205,0,0.8003118014778557,1
ENSG00000170627,GTSF1,0,0,0,0
ENSG00000170667,RASA4B,0.013696129373857202,0,0.3971877518418589,1
ENSG00000170683,OR10A3,0.0413954380074753,0,1.2004677022167836,1
ENSG00000170748,RBMXL2,0,0,0,0
ENSG00000170777,TPD52L3,0,0,0,0
ENSG00000170782,OR10A4,0.06809130993593927,0,1.9746479881422387,1
ENSG00000170788,DYDC1,0.019488071361263813,0,0.5651540694766504,1
ENSG00000170807,LMOD2,0.027563315514470152,0,0.5877312281584383,2
ENSG00000170819,BFSP2,0.06924892907732573,0,1.6080630425035183,2
ENSG00000170820,FSHR,0,0,0,0
ENSG00000170835,CEL,0.034193115527114216,0,0.6167471521700248,2
ENSG00000170848,PSG6,0,0,0,0
ENSG00000170891,CYTL1,0,0,0,0
ENSG00000170893,TRH,0.01112173051012653,0,0.32253018479366935,1
ENSG00000170920,OR7G3,0,0,0,0
ENSG00000170923,OR7G2,0,0,0,0
ENSG00000170925,TEX13B,0,0,0,0
ENSG00000170927,PKHD1,0.04242032140603647,0,0.8003118014778557,2
ENSG00000170929,OR1M1,0.04315243578930159,0,0.8031499541200589,2
ENSG00000170935,NCBP2L,0,0,0,0
ENSG00000170948,MBD3L1,0,0,0,0
ENSG00000170950,PGK2,0,0,0,0
ENSG00000170954,ZNF415,0.09404483295018848,0,2.1947589594998935,2
ENSG00000170959,DCDC1,0,0,0,0
ENSG00000170961,HAS2,0.02224346102025306,0,0.6450603695873387,1
ENSG00000170965,PLAC1,0,0,0,0
ENSG00000171004,HS6ST2,0.09241741623583437,0,2.6801050708391974,1
ENSG00000171014,OR4D5,0.0243535893744705,0,0.7062540918596447,1
ENSG00000171016,PYGO1,0.0243535893744705,0,0.7062540918596447,1
ENSG00000171049,FPR2,0.08559933313847433,0,1.79308273507875,2
ENSG00000171053,PATE1,0.006899239667912551,0,0.20007795036946394,1
ENSG00000171054,OR13H1,0.05280535425691053,0,1.1782282275205835,2
ENSG00000171060,C8orf74,0,0,0,0
ENSG00000171094,ALK,0.022752804339869377,0,0.39182081877229213,2
ENSG00000171102,OBP2B,0,0,0,0
ENSG00000171116,HSFX1,0.025851944697675013,0,0.7497063962325754,1
ENSG00000171126,KCNG3,0.018654434033985173,0,0.5409785869855699,1
ENSG00000171133,OR2K2,0,0,0,0
ENSG00000171136,RLN3,0,0,0,0
ENSG00000171180,OR2M4,0,0,0,0
ENSG00000171195,MUC7,0,0,0,0
ENSG00000171199,OPRPN,0,0,0,0
ENSG00000171201,SMR3B,0.023768893997827792,0,0.6892979259370058,1
ENSG00000171209,CSN3,0,0,0,0
ENSG00000171227,TMEM37,0.018363489519157714,0,0.5325411960555738,1
ENSG00000171234,UGT2B7,0,0,0,0
ENSG00000171303,KCNK3,0.08220998253278966,0,1.7673423412808755,2
ENSG00000171360,KRT38,0,0,0,0
ENSG00000171396,KRTAP4-4,0,0,0,0
ENSG00000171402,XAGE3,0,0,0,0
ENSG00000171403,KRT9,0,0,0,0
ENSG00000171405,XAGE5,0,0,0,0
ENSG00000171431,KRT20,0,0,0,0
ENSG00000171446,KRT27,0,0,0,0
ENSG00000171459,OR1L6,0.05441873335546733,0,1.2334943043400497,2
ENSG00000171476,HOPX,0.007568134343103082,0,0.21947589594998934,1
ENSG00000171478,SPACA5B,0,0,0,0
ENSG00000171481,OR1L3,0,0,0,0
ENSG00000171487,NLRP5,0.08799752623903588,0,1.9351811087620163,2
ENSG00000171489,SPACA5,0.030533890200270752,0,0.4936619970355597,2
ENSG00000171495,MROH2B,0.02069771900373765,0,0.6002338511083918,1
ENSG00000171501,OR1N2,0.04448692204050612,0,1.2901207391746774,1
ENSG00000171502,COL24A1,0.07130668199348336,0,2.067893777811017,1
ENSG00000171509,RXFP1,0.006899239667912551,0,0.20007795036946394,1
ENSG00000171517,LPAR3,0.006877110133789707,0,0.19943619387990152,1
ENSG00000171533,MAP6,0.10342931006234468,0,2.70489293492785,2
ENSG00000171540,OTP,0.048009105788977595,0,0.8031499541200589,2
ENSG00000171551,ECEL1,0,0,0,0
ENSG00000171557,FGG,0,0,0,0
ENSG00000171560,FGA,0,0,0,0
ENSG00000171564,FGB,0.0413954380074753,0,1.2004677022167836,1
ENSG00000171570,RAB4B-EGLN2,0,0,0,0
ENSG00000171587,DSCAM,0.006899239667912551,0,0.20007795036946394,1
ENSG00000171631,P2RY6,0,0,0,0
ENSG00000171695,LKAAEAR1,0.010157139892418825,0,0.2945570568801459,1
ENSG00000171711,DEFB4A,0.009241741623583441,0,0.2680105070839197,3
ENSG00000171722,SPATA46,0,0,0,0
ENSG00000171759,PAH,0.03366032468749195,0,0.9761494159372661,1
ENSG00000171772,SYCE1,0,0,0,0
ENSG00000171773,NXNL1,0,0,0,0
ENSG00000171786,NHLH1,0.058265092337390544,0,1.0003897518473197,2
ENSG00000171790,SLFNL1,0.03404565496796964,0,0.9873239940711194,1
ENSG00000171794,UTF1,0,0,0,0
ENSG00000171804,WDR87,0.027645892337895075,0,0.4015749770600294,2
ENSG00000171815,PCDHB1,0.02526272918707026,0,0.5325411960555738,2
ENSG00000171819,ANGPTL7,0,0,0,0
ENSG00000171864,PRND,0.01217679468723525,0,0.35312704592982236,1
ENSG00000171873,ADRA1D,0,0,0,0
ENSG00000171885,AQP4,0,0,0,0
ENSG00000171903,CYP4F11,0,0,0,0
ENSG00000171916,LGALS9C,0.032165496750271104,0,0.5409785869855699,4
ENSG00000171936,OR10H3,0,0,0,0
ENSG00000171942,OR10H2,0.08106637629771567,0,2.350924912633753,1
ENSG00000171944,OR52A5,0,0,0,0
ENSG00000171954,CYP4F22,0,0,0,0
ENSG00000171956,FOXB1,0,0,0,0
ENSG00000171989,LDHAL6B,0.02074099119973224,0,0.6014887447922352,1
ENSG00000172000,ZNF556,0.025951155474026415,0,0.5409785869855699,2
ENSG00000172005,MAL,0,0,0,0
ENSG00000172016,REG3A,0,0,0,0
ENSG00000172020,GAP43,0.013696129373857202,0,0.3971877518418589,1
ENSG00000172023,REG1B,0,0,0,0
ENSG00000172031,EPHX4,0,0,0,0
ENSG00000172061,LRRC15,0,0,0,0
ENSG00000172073,SPMIP9,0.010157139892418825,0,0.2945570568801459,1
ENSG00000172116,CD8B,0,0,0,0
ENSG00000172139,SLC9C1,0.018654434033985173,0,0.5409785869855699,1
ENSG00000172146,OR1A1,0.027392258747714403,0,0.7943755036837178,1
ENSG00000172150,OR1A2,0,0,0,0
ENSG00000172154,OR8I2,0,0,0,0
ENSG00000172155,LCE1D,0,0,0,0
ENSG00000172156,CCL11,0.012925972348837507,0,0.3748531981162877,1
ENSG00000172164,SNTB1,0.04941139649034315,0,1.2334943043400497,2
ENSG00000172179,PRL,0,0,0,0
ENSG00000172188,OR4C11,0,0,0,0
ENSG00000172197,MBOAT1,0.03730886806797035,0,1.0819571739711398,1
ENSG00000172199,OR8U1,0,0,0,0
ENSG00000172215,CXCR6,0.03111148679959837,0,0.9022331171883529,1
ENSG00000172288,CDY1,0,0,0,0
ENSG00000172318,B3GALT1,0.03935215303772282,0,0.6002338511083918,2
ENSG00000172320,OR5A1,0,0,0,0
ENSG00000172322,CLEC12A,0,0,0,0
ENSG00000172324,OR5A2,0,0,0,0
ENSG00000172346,CSDC2,0.018363489519157714,0,0.5325411960555738,1
ENSG00000172348,RCAN2,0,0,0,0
ENSG00000172352,CDY1B,0,0,0,0
ENSG00000172367,NHERF4,0.013798479335825103,0,0.40015590073892787,1
ENSG00000172377,OR9I1,0.018363489519157714,0,0.5325411960555738,1
ENSG00000172379,ARNT2,0,0,0,0
ENSG00000172399,MYOZ2,0.026784792801305045,0,0.5651540694766504,2
ENSG00000172404,DNAJB7,0.00924174162358344,0,0.2680105070839197,1
ENSG00000172410,INSL5,0,0,0,0
ENSG00000172421,EFCAB3,0,0,0,0
ENSG00000172425,TTC36,0,0,0,0
ENSG00000172457,OR9G4,0,0,0,0
ENSG00000172461,FUT9,0,0,0,0
ENSG00000172464,OR5AP2,0,0,0,0
ENSG00000172468,HSFY1,0,0,0,0
ENSG00000172478,MAB21L4,0.05596330210195551,0,1.6229357609567099,1
ENSG00000172482,AGXT,0.02380099228716945,0,0.6902287763279139,1
ENSG00000172487,OR8J1,0,0,0,0
ENSG00000172489,OR5T3,0,0,0,0
ENSG00000172548,NIPAL4,0,0,0,0
ENSG00000172554,SNTG2,0.030572680885215465,0,0.8866077456712486,1
ENSG00000172650,AGAP5,0.022334719918951345,0,0.4482706837696875,2
ENSG00000172673,THEMIS,0.02602431649419593,0,0.5651540694766504,2
ENSG00000172680,MOS,0,0,0,0
ENSG00000172689,MS4A10,0,0,0,0
ENSG00000172724,CCL19,0,0,0,0
ENSG00000172752,COL6A5,0.03934402565258382,0,0.8464196870447849,2
ENSG00000172769,OR5B3,0.06755531358142965,0,1.9591040938614608,1
ENSG00000172772,OR10W1,0,0,0,0
ENSG00000172789,HOXC5,0,0,0,0
ENSG00000172817,CYP7B1,0.006899239667912551,0,0.20007795036946394,1
ENSG00000172818,OVOL1,0.03540146112245766,0,0.8040315212517591,2
ENSG00000172824,CES4A,0.1241420549541802,0,3.201247205911423,2
ENSG00000172867,KRT2,0.09913098397343104,0,2.580241478349355,2
ENSG00000172935,MRGPRF,0,0,0,0
ENSG00000172938,MRGPRD,0,0,0,0
ENSG00000172969,FRG2C,0.011884446998913896,0,0.3446489629685029,1
ENSG00000172985,SH3RF3,0.056100541145819874,0,1.626915693228777,1
ENSG00000172986,GXYLT2,0.03389187635493289,0,0.5409785869855699,2
ENSG00000172987,HPSE2,0.02481041934775139,0,0.3748531981162877,2
ENSG00000172995,ARPP21,0,0,0,0
ENSG00000173093,CCDC63,0,0,0,0
ENSG00000173124,ACSM6,0.018654434033985173,0,0.5409785869855699,1
ENSG00000173212,MAB21L3,0,0,0,0
ENSG00000173239,LIPM,0,0,0,0
ENSG00000173253,DMRT2,0.019488071361263813,0,0.5651540694766504,1
ENSG00000173258,ZNF483,0.025553673701897726,0,0.5409785869855699,2
ENSG00000173285,OR10K1,0.033443937865511975,0,0.6167471521700248,2
ENSG00000173335,CST9,0,0,0,0
ENSG00000173349,SFT2D3,0,0,0,0
ENSG00000173369,C1QB,0.00851141374199241,0,0.24683099851777984,1
ENSG00000173372,C1QA,0,0,0,0
ENSG00000173376,NDNF,0,0,0,0
ENSG00000173389,IQCF1,0,0,0,0
ENSG00000173404,INSM1,0,0,0,0
ENSG00000173406,DAB1,0.029199885505484666,0,0.4452217025990262,2
ENSG00000173431,RNASE8,0,0,0,0
ENSG00000173452,TMEM196,0.018654434033985173,0,0.5409785869855699,1
ENSG00000173464,RNASE11,0,0,0,0
ENSG00000173557,CIMIP2C,0.006899239667912551,0,0.20007795036946394,1
ENSG00000173578,XCR1,0.030471419677256462,0,0.8836711706404378,1
ENSG00000173585,CCR9,0.014823362734386267,0,0.42987751929720186,1
ENSG00000173597,SULT1B1,0.027022125432571868,0,0.7836416375445843,1
ENSG00000173610,UGT2A1,0.03730886806797035,0,1.0819571739711398,1
ENSG00000173612,GPRC6A,0.041823520156007814,0,0.8597550385944037,2
ENSG00000173626,TRAPPC3L,0,0,0,0
ENSG00000173641,HSPB7,0.006899239667912551,0,0.20007795036946394,1
ENSG00000173662,TAS1R1,0.06266258118575203,0,1.2004677022167836,2
ENSG00000173673,HES3,0,0,0,0
ENSG00000173679,OR1L1,0,0,0,0
ENSG00000173699,SPATA3,0.06122065002422534,0,1.4005456525862476,2
ENSG00000173705,SUSD5,0,0,0,0
ENSG00000173714,WFIKKN2,0,0,0,0
ENSG00000173762,CD7,0.030915219570323272,0,0.896541367539375,1
ENSG00000173769,TOPAZ1,0.019825212016750055,0,0.3748531981162877,2
ENSG00000173838,MARCHF10,0.02069771900373765,0,0.6002338511083918,1
ENSG00000173908,KRT28,0,0,0,0
ENSG00000173918,C1QTNF1,0.006899239667912551,0,0.20007795036946394,1
ENSG00000173976,RAX2,0,0,0,0
ENSG00000174015,CBY2,0.03672697903831543,0,1.0650823921111476,1
ENSG00000174016,TENT5D,0,0,0,0
ENSG00000174059,CD34,0.006877110133789707,0,0.19943619387990152,1
ENSG00000174099,MSRB3,0.011220108229163982,0,0.32538313864575535,1
ENSG00000174123,TLR10,0.013798479335825103,0,0.40015590073892787,1
ENSG00000174125,TLR1,0.17163675997516284,0,4.288168113342715,2
ENSG00000174145,NWD2,0,0,0,0
ENSG00000174156,GSTA3,0.027596958671650205,0,0.8003118014778557,1
ENSG00000174226,SNX31,0.03935215303772282,0,0.6002338511083918,2
ENSG00000174236,REP15,0,0,0,0
ENSG00000174255,ZNF80,0,0,0,0
ENSG00000174279,EVX2,0,0,0,0
ENSG00000174326,SLC16A11,0.013847413002069977,0,0.4015749770600294,1
ENSG00000174339,OR2Y1,0,0,0,0
ENSG00000174348,PODN,0.015457609785161636,0,0.4482706837696875,1
ENSG00000174358,SLC6A19,0,0,0,0
ENSG00000174417,TRHR,0.08026393584045373,0,2.3276541393731587,1
ENSG00000174429,ABRA,0.015457609785161636,0,0.4482706837696875,1
ENSG00000174450,GOLGA6L2,0.018654434033985173,0,0.5409785869855699,1
ENSG00000174453,VWC2L,0,0,0,0
ENSG00000174460,ZCCHC12,0,0,0,0
ENSG00000174498,IGDCC3,0.013696129373857202,0,0.3971877518418589,1
ENSG00000174502,SLC26A9,0,0,0,0
ENSG00000174562,KLK15,0,0,0,0
ENSG00000174567,GOLT1A,0,0,0,0
ENSG00000174576,NPAS4,0.02380099228716945,0,0.6902287763279139,1
ENSG00000174599,TRAM1L1,0,0,0,0
ENSG00000174600,CMKLR1,0.025975274023060345,0,0.40015590073892787,2
ENSG00000174607,UGT8,0,0,0,0
ENSG00000174640,SLCO2A1,0.02069771900373765,0,0.6002338511083918,1
ENSG00000174667,OR7D4,0.025119020877300693,0,0.5325411960555738,2
ENSG00000174697,LEP,0.030915219570323272,0,0.896541367539375,1
ENSG00000174776,WDR49,0.03389187635493289,0,0.5409785869855699,2
ENSG00000174792,ODAPH,0.046208708117917184,0,1.3400525354195987,1
ENSG00000174807,CD248,0.015286340442607732,0,0.4433038728356243,1
ENSG00000174808,BTC,0.06286254176986807,0,1.6229357609567099,2
ENSG00000174876,AMY1B,0,0,0,0
ENSG00000174885,NLRP6,0,0,0,0
ENSG00000174914,OR9G1,0,0,0,0
ENSG00000174937,OR5M3,0,0,0,0
ENSG00000174950,CD164L2,0.032400600912671884,0,0.6450603695873387,2
ENSG00000174957,OR5J2,0,0,0,0
ENSG00000174963,ZIC4,0.1523744232094771,0,4.418858273074836,1
ENSG00000174970,OR10AG1,0,0,0,0
ENSG00000174982,OR4S2,0,0,0,0
ENSG00000174990,CA5A,0.026024207689305228,0,0.4015749770600294,2
ENSG00000174992,ZG16,0,0,0,0
ENSG00000175018,TEX36,0,0,0,0
ENSG00000175065,DSG4,0,0,0,0
ENSG00000175077,RTP1,0.007296721440041249,0,0.21160492176119622,1
ENSG00000175084,DES,0.03772655690093569,0,0.6507662772915107,2
ENSG00000175093,SPSB4,0.011884446998913896,0,0.3446489629685029,1
ENSG00000175097,RAG2,0,0,0,0
ENSG00000175121,WFDC5,0.011220108229163982,0,0.32538313864575535,1
ENSG00000175143,OR2T1,0,0,0,0
ENSG00000175164,ABO,0.02374885606294012,0,0.4418858273074836,2
ENSG00000175189,INHBC,0.11258196164639625,0,2.0618993981610214,2
ENSG00000175264,CHST1,0,0,0,0
ENSG00000175311,ANKS4B,0.015457609785161636,0,0.4482706837696875,1
ENSG00000175325,PROP1,0.030915219570323272,0,0.896541367539375,1
ENSG00000175329,ISX,0,0,0,0
ENSG00000175398,OR10P1,0,0,0,0
ENSG00000175445,LPL,0.011884446998913896,0,0.3446489629685029,1
ENSG00000175463,TBC1D10C,0.030915219570323272,0,0.896541367539375,1
ENSG00000175485,OR52W1,0,0,0,0
ENSG00000175489,LRRC25,0.028670775736456242,0,0.42987751929720186,2
ENSG00000175497,DPP10,0,0,0,0
ENSG00000175513,TSGA10IP,0,0,0,0
ENSG00000175514,GPR152,0.026773385350907484,0,0.4015749770600294,2
ENSG00000175535,PNLIP,0.013798479335825103,0,0.40015590073892787,1
ENSG00000175591,P2RY2,0.11999135049891159,0,2.1440840566713577,2
ENSG00000175619,OR4B1,0,0,0,0
ENSG00000175646,PRM1,0,0,0,0
ENSG00000175664,TEX26,0.037137917281152046,0,0.5409785869855699,2
ENSG00000175707,KDF1,0,0,0,0
ENSG00000175718,RBMXL3,0,0,0,0
ENSG00000175745,NR2F1,0.011884446998913896,0,0.3446489629685029,1
ENSG00000175766,EIF4E1B,0,0,0,0
ENSG00000175785,PRIMA1,0,0,0,0
ENSG00000175809,CBLL2,0,0,0,0
ENSG00000175877,TMEM270,0.021267143178276722,0,0.6167471521700248,1
ENSG00000175894,TSPEAR,0.0243535893744705,0,0.7062540918596447,1
ENSG00000175920,DOK7,0,0,0,0
ENSG00000175928,LRRN1,0.018654434033985173,0,0.5409785869855699,1
ENSG00000175946,KLHL38,0,0,0,0
ENSG00000176009,ASCL3,0.06005612111998719,0,1.3400525354195987,2
ENSG00000176020,AMIGO3,0,0,0,0
ENSG00000176083,ZNF683,0,0,0,0
ENSG00000176165,FOXG1,0,0,0,0
ENSG00000176194,CIDEA,0,0,0,0
ENSG00000176198,OR11H4,0.01217679468723525,0,0.35312704592982236,1
ENSG00000176200,OR4D11,0.07589163634703802,0,2.2008574540641033,1
ENSG00000176204,LRRTM4,0,0,0,0
ENSG00000176219,OR11H6,0.010157139892418825,0,0.2945570568801459,1
ENSG00000176230,OR4K17,0,0,0,0
ENSG00000176231,OR10H4,0,0,0,0
ENSG00000176239,OR51B6,0.019488071361263813,0,0.5651540694766504,1
ENSG00000176246,OR4L1,0,0,0,0
ENSG00000176253,OR4K13,0,0,0,0
ENSG00000176256,HMGB4,0,0,0,0
ENSG00000176269,OR4F21,0,0,0,0
ENSG00000176281,OR4K5,0,0,0,0
ENSG00000176294,OR4N2,0,0,0,0
ENSG00000176299,OR4M1,0,0,0,0
ENSG00000176302,FOXR1,0,0,0,0
ENSG00000176383,B3GNT4,0.03347779676837145,0,0.5409785869855699,2
ENSG00000176399,DMRTA1,0.018654434033985173,0,0.5409785869855699,1
ENSG00000176435,CLEC14A,0,0,0,0
ENSG00000176495,OR5AN1,0,0,0,0
ENSG00000176540,OR4C5,0,0,0,0
ENSG00000176547,OR4C3,0,0,0,0
ENSG00000176555,OR4S1,0,0,0,0
ENSG00000176566,DCAF4L2,0.018654434033985173,0,0.5409785869855699,1
ENSG00000176567,OR4X1,0,0,0,0
ENSG00000176571,CNBD1,0.018654434033985173,0,0.5409785869855699,1
ENSG00000176595,KBTBD11,0.015457609785161636,0,0.4482706837696875,1
ENSG00000176679,TGIF2LY,0,0,0,0
ENSG00000176692,FOXC2,0,0,0,0
ENSG00000176695,OR4F17,0,0,0,0
ENSG00000176742,OR51V1,0,0,0,0
ENSG00000176771,NCKAP5,0.015457609785161636,0,0.4482706837696875,1
ENSG00000176782,DEFB104A,0,0,0,0
ENSG00000176787,OR52E2,0,0,0,0
ENSG00000176797,DEFB103A,0,0,0,0
ENSG00000176798,OR51L1,0,0,0,0
ENSG00000176887,SOX11,0.015237442320947715,0,0.4418858273074836,1
ENSG00000176893,OR51G2,0.02069771900373765,0,0.6002338511083918,1
ENSG00000176895,OR51A7,0,0,0,0
ENSG00000176900,OR51T1,0,0,0,0
ENSG00000176922,OR51S1,0,0,0,0
ENSG00000176925,OR51F2,0,0,0,0
ENSG00000176956,LY6H,0,0,0,0
ENSG00000176971,FIBIN,0.10633571589138359,0,3.083735760850124,1
ENSG00000176979,TRIM60,0,0,0,0
ENSG00000176988,FMR1NB,0,0,0,0
ENSG00000177023,DEFB104B,0,0,0,0
ENSG00000177098,SCN4B,0,0,0,0
ENSG00000177103,DSCAML1,0.06694911170937302,0,1.4005456525862476,2
ENSG00000177108,ZDHHC22,0,0,0,0
ENSG00000177138,FAM9B,0,0,0,0
ENSG00000177143,CETN1,0,0,0,0
ENSG00000177151,OR2T35,0,0,0,0
ENSG00000177174,OR14C36,0,0,0,0
ENSG00000177182,CLVS1,0.06622054509857543,0,1.2696295305671774,2
ENSG00000177186,OR2M7,0,0,0,0
ENSG00000177201,OR2T12,0,0,0,0
ENSG00000177202,SPACA4,0.02031427978483765,0,0.5891141137602918,1
ENSG00000177212,OR2T33,0.02308915462565342,0,0.4015749770600294,2
ENSG00000177243,DEFB103B,0,0,0,0
ENSG00000177257,DEFB4B,0.009241741623583441,0,0.2680105070839197,3
ENSG00000177283,FZD8,0.010157139892418825,0,0.2945570568801459,1
ENSG00000177291,GJD4,0,0,0,0
ENSG00000177300,CLDN22,0,0,0,0
ENSG00000177301,KCNA2,0.019825212016750055,0,0.3748531981162877,2
ENSG00000177324,BEND2,0.006899239667912551,0,0.20007795036946394,1
ENSG00000177354,C10orf71,0.055672357587128046,0,1.0819571739711398,2
ENSG00000177363,LRRN4CL,0.023797754184600145,0,0.4433038728356243,2
ENSG00000177398,UMODL1,0.007676236251707346,0,0.2226108512995131,1
ENSG00000177414,UBE2U,0,0,0,0
ENSG00000177464,GPR4,0,0,0,0
ENSG00000177468,OLIG3,0,0,0,0
ENSG00000177494,ZBED2,0,0,0,0
ENSG00000177504,VCX2,0,0,0,0
ENSG00000177511,ST8SIA3,0,0,0,0
ENSG00000177519,RPRM,0.006899239667912551,0,0.20007795036946394,1
ENSG00000177535,OR2B11,0.05519391734330041,0,1.6006236029557115,1
ENSG00000177551,NHLH2,0.0476019845743389,0,1.3804575526558278,1
ENSG00000177558,FAM187B,0,0,0,0
ENSG00000177570,SAMD12,0,0,0,0
ENSG00000177575,CD163,0,0,0,0
ENSG00000177627,C12orf54,0,0,0,0
ENSG00000177673,TEX44,0.030471419677256462,0,0.8836711706404378,1
ENSG00000177675,CD163L1,0.09162085261917893,0,1.5976235881667216,2
ENSG00000177684,DEFB114,0,0,0,0
ENSG00000177689,MAGEB10,0,0,0,0
ENSG00000177693,OR4F4,0,0,0,0
ENSG00000177791,MYOZ1,0.02069771900373765,0,0.6002338511083918,1
ENSG00000177807,KCNJ10,0.015352472503414693,0,0.4452217025990262,1
ENSG00000177875,CCDC184,0.05042310841217262,0,1.0650823921111476,2
ENSG00000177938,CAPZA3,0,0,0,0
ENSG00000177947,CIMAP1A,0.00851141374199241,0,0.24683099851777984,1
ENSG00000177992,SPATA31E1,0,0,0,0
ENSG00000178021,TSPYL6,0.06094976928379086,0,1.7675433092299344,1
ENSG00000178031,ADAMTSL1,0,0,0,0
ENSG00000178033,CALHM5,0,0,0,0
ENSG00000178084,HTR3C,0,0,0,0
ENSG00000178115,GOLGA8Q,0,0,0,0
ENSG00000178125,PPP1R42,0.03389187635493289,0,0.5409785869855699,2
ENSG00000178150,ZNF114,0,0,0,0
ENSG00000178171,AMER3,0,0,0,0
ENSG00000178172,SPINK6,0,0,0,0
ENSG00000178175,ZNF366,0,0,0,0
ENSG00000178187,ZNF454,0.10348859501868822,0,3.001169255541959,1
ENSG00000178217,SH2D4B,0.13515614766979112,0,2.5926705204387197,2
ENSG00000178233,TMEM151B,0,0,0,0
ENSG00000178235,SLITRK1,0,0,0,0
ENSG00000178257,PRM3,0,0,0,0
ENSG00000178279,TNP2,0,0,0,0
ENSG00000178287,SPAG11A,0,0,0,0
ENSG00000178343,SHISA3,0,0,0,0
ENSG00000178358,OR2D3,0.0984986691813742,0,1.5164088708402534,2
ENSG00000178363,CALML3,0,0,0,0
ENSG00000178372,CALML5,0.013847413002069977,0,0.4015749770600294,1
ENSG00000178394,HTR1A,0,0,0,0
ENSG00000178395,CCDC185,0,0,0,0
ENSG00000178403,NEUROG2,0,0,0,0
ENSG00000178404,CEP295NL,0,0,0,0
ENSG00000178445,GLDC,0.03449619833956275,0,1.0003897518473197,1
ENSG00000178462,TUBAL3,0,0,0,0
ENSG00000178473,UCN3,0.015237442320947715,0,0.4418858273074836,1
ENSG00000178498,DTX3,0,0,0,0
ENSG00000178522,AMBN,0,0,0,0
ENSG00000178562,CD28,0.007676236251707346,0,0.2226108512995131,1
ENSG00000178568,ERBB4,0,0,0,0
ENSG00000178586,OR6B3,0,0,0,0
ENSG00000178591,DEFB125,0,0,0,0
ENSG00000178597,PSAPL1,0.011220108229163982,0,0.32538313864575535,1
ENSG00000178602,OTOS,0,0,0,0
ENSG00000178645,C10orf53,0,0,0,0
ENSG00000178690,DYNAP,0,0,0,0
ENSG00000178695,KCTD12,0.015237442320947715,0,0.4418858273074836,1
ENSG00000178732,GP5,0.045915321708686035,0,1.3315443295518954,1
ENSG00000178750,STX19,0.06923741687303926,0,1.3400525354195987,2
ENSG00000178752,ERFE,0.07693544497577333,0,1.3713728657030226,2
ENSG00000178772,CPN2,0,0,0,0
ENSG00000178776,C5orf46,0.013798479335825103,0,0.40015590073892787,1
ENSG00000178795,GDPD4,0,0,0,0
ENSG00000178796,RIIAD1,0.019488071361263813,0,0.5651540694766504,1
ENSG00000178804,H1-8,0,0,0,0
ENSG00000178828,RNF186,0,0,0,0
ENSG00000178860,MSC,0.06285041155966382,0,1.2901207391746774,2
ENSG00000178882,RFLNA,0.078288423678158775,0,1.8955110885503168,4
ENSG00000178919,FOXE1,0.018654434033985173,0,0.5409785869855699,1
ENSG00000178922,HYI,0,0,0,0
ENSG00000178928,TPRX1,0,0,0,0
ENSG00000179002,TAS1R2,0,0,0,0
ENSG00000179008,C14orf39,0.015305107236228677,0,0.4438481098506318,1
ENSG00000179023,KLHDC7A,0.013847413002069977,0,0.4015749770600294,1
ENSG00000179046,TRIML2,0.013847413002069977,0,0.4015749770600294,1
ENSG00000179055,OR13D1,0.03898629838388783,0,0.8837716546149672,2
ENSG00000179058,C9orf50,0.013696129373857202,0,0.3971877518418589,1
ENSG00000179059,ZFP42,0.018363489519157714,0,0.5325411960555738,1
ENSG00000179097,HTR1F,0,0,0,0
ENSG00000179104,TMTC2,0.05519391734330041,0,1.6006236029557115,1
ENSG00000179133,C10orf67,0.03158040638282268,0,0.5409785869855699,2
ENSG00000179144,GIMAP7,0,0,0,0
ENSG00000179165,PXT1,0.011884446998913896,0,0.3446489629685029,1
ENSG00000179172,HNRNPCL1,0.03472551368221152,0,0.5651540694766504,2
ENSG00000179213,SIGLECL1,0.021267143178276722,0,0.6167471521700248,1
ENSG00000179270,PCARE,0.013798479335825103,0,0.40015590073892787,1
ENSG00000179299,NSUN7,0.018654434033985173,0,0.5409785869855699,1
ENSG00000179300,RTL3,0,0,0,0
ENSG00000179304,FAM156B,0.015457609785161636,0,0.4482706837696875,2
ENSG00000179314,WSCD1,0.015305107236228677,0,0.4438481098506318,1
ENSG00000179363,TMEM31,0.015237442320947715,0,0.4418858273074836,1
ENSG00000179399,GPC5,0.013798479335825103,0,0.40015590073892787,1
ENSG00000179407,DNAJB8,0,0,0,0
ENSG00000179412,HNRNPCL4,0,0,0,0
ENSG00000179468,OR9A2,0,0,0,0
ENSG00000179477,ALOX12B,0.03268122566466064,0,0.9477555442751584,1
ENSG00000179520,SLC17A8,0.021267143178276722,0,0.6167471521700248,1
ENSG00000179542,SLITRK4,0,0,0,0
ENSG00000179546,HTR1D,0.046208708117917184,0,1.3400525354195987,1
ENSG00000179564,LSMEM2,0.033715962022572404,0,0.5325411960555738,2
ENSG00000179600,GPHB5,0,0,0,0
ENSG00000179603,GRM8,0,0,0,0
ENSG00000179615,OR2AP1,0,0,0,0
ENSG00000179626,OR6C4,0.006899239667912551,0,0.20007795036946394,1
ENSG00000179636,TPPP2,0,0,0,0
ENSG00000179673,RPRML,0.018654434033985173,0,0.5409785869855699,1
ENSG00000179674,ARL14,0,0,0,0
ENSG00000179695,OR6C2,0,0,0,0
ENSG00000179709,NLRP8,0.04919331506688424,0,1.0819571739711398,2
ENSG00000179751,SYCN,0,0,0,0
ENSG00000179772,FOXS1,0,0,0,0
ENSG00000179774,ATOH7,0,0,0,0
ENSG00000179776,CDH5,0.006899239667912551,0,0.20007795036946394,1
ENSG00000179796,LRRC3B,0.023768893997827792,0,0.6892979259370058,1
ENSG00000179817,MRGPRX4,0,0,0,0
ENSG00000179826,MRGPRX3,0,0,0,0
ENSG00000179855,GIPC3,0,0,0,0
ENSG00000179869,ABCA13,0.05028208653603133,0,1.058024608805981,2
ENSG00000179873,NLRP11,0.06114536177043093,0,1.7732154913424971,1
ENSG00000179914,ITLN1,0.07026891108315654,0,1.3315443295518954,2
ENSG00000179915,NRXN1,0.013696129373857202,0,0.3971877518418589,1
ENSG00000179919,OR10A7,0,0,0,0
ENSG00000179938,GOLGA8J,0,0,0,0
ENSG00000180016,OR1E1,0,0,0,0
ENSG00000180043,GARIN5B,0,0,0,0
ENSG00000180044,C3orf80,0,0,0,0
ENSG00000180053,NKX2-6,0,0,0,0
ENSG00000180061,TMEM150B,0,0,0,0
ENSG00000180071,ANKRD18A,0.01811934789707652,0,0.32538313864575535,4
ENSG00000180083,WFDC11,0,0,0,0
ENSG00000180090,OR3A1,0.012925972348837507,0,0.3748531981162877,1
ENSG00000180113,TDRD6,0,0,0,0
ENSG00000180116,C12orf40,0.015457609785161636,0,0.4482706837696875,1
ENSG00000180138,CSNK1A1L,0.011884446998913896,0,0.3446489629685029,1
ENSG00000180176,TH,0.015286340442607732,0,0.4433038728356243,1
ENSG00000180205,WFDC9,0,0,0,0
ENSG00000180210,F2,0,0,0,0
ENSG00000180219,GARIN6,0,0,0,0
ENSG00000180251,SLC9A4,0,0,0,0
ENSG00000180263,FGD6,0.01863997835705685,0,0.3446489629685029,2
ENSG00000180264,ADGRD2,0,0,0,0
ENSG00000180269,GPR139,0,0,0,0
ENSG00000180287,PLD5,0,0,0,0
ENSG00000180316,PNPLA1,0.015286340442607732,0,0.4433038728356243,1
ENSG00000180318,ALX1,0,0,0,0
ENSG00000180332,KCTD4,0,0,0,0
ENSG00000180347,ITPRID1,0,0,0,0
ENSG00000180383,DEFB124,0,0,0,0
ENSG00000180386,KRTAP9-7,0,0,0,0
ENSG00000180424,DEFB123,0,0,0,0
ENSG00000180432,CYP8B1,0.031664866048499066,0,0.5651540694766504,2
ENSG00000180433,OR6K6,0,0,0,0
ENSG00000180440,SERTM1,0,0,0,0
ENSG00000180475,OR10Q1,0,0,0,0
ENSG00000180509,KCNE1,0.063430946361594,0,1.4005456525862476,2
ENSG00000180535,BHLHA15,0.011884446998913896,0,0.3446489629685029,1
ENSG00000180537,RNF182,0,0,0,0
ENSG00000180549,FUT7,0,0,0,0
ENSG00000180592,SKIDA1,0.021267143178276722,0,0.6167471521700248,1
ENSG00000180613,GSX2,0,0,0,0
ENSG00000180638,SLC47A2,0.018654434033985173,0,0.5409785869855699,1
ENSG00000180658,OR2A4,0.03287451369097291,0,0.6002338511083918,2
ENSG00000180697,C3orf22,0,0,0,0
ENSG00000180708,OR10K2,0,0,0,0
ENSG00000180730,SHISA2,0.04978253878217049,0,1.0003897518473197,2
ENSG00000180739,S1PR5,0,0,0,0
ENSG00000180745,CLRN3,0,0,0,0
ENSG00000180767,CHST13,0,0,0,0
ENSG00000180772,AGTR2,0,0,0,0
ENSG00000180785,OR51E1,0,0,0,0
ENSG00000180787,ZFP3,0.03565334099674168,0,1.0339468889055086,1
ENSG00000180801,ARSJ,0.013847413002069977,0,0.4015749770600294,1
ENSG00000180828,BHLHE22,0,0,0,0
ENSG00000180872,DEFB112,0,0,0,0
ENSG00000180875,GREM2,0.06148835414371399,0,1.5363312716499253,2
ENSG00000180878,C11orf42,0.04810132249196091,0,1.1754624563168765,2
ENSG00000180919,OR56B4,0,0,0,0
ENSG00000180934,OR56A1,0,0,0,0
ENSG00000180974,OR52E4,0,0,0,0
ENSG00000181036,FCRL6,0.05116115274554219,0,0.7943755036837178,2
ENSG00000181072,CHRM2,0,0,0,0
ENSG00000181085,MAPK15,0.08216491905398786,0,1.8502414565100747,2
ENSG00000181092,ADIPOQ,0.00924174162358344,0,0.2680105070839197,1
ENSG00000181195,PENK,0,0,0,0
ENSG00000181215,C4orf50,0,0,0,0
ENSG00000181234,TMEM132C,0,0,0,0
ENSG00000181273,OR5AK2,0,0,0,0
ENSG00000181291,TMEM132E,0.011220108229163982,0,0.32538313864575535,1
ENSG00000181323,SPEM1,0,0,0,0
ENSG00000181371,OR5M8,0,0,0,0
ENSG00000181408,UTS2R,0,0,0,0
ENSG00000181433,SAGE1,0.2402852822131694,0,6.968273184181912,1
ENSG00000181499,OR6T1,0,0,0,0
ENSG00000181518,OR8D4,0.013798479335825103,0,0.40015590073892787,1
ENSG00000181541,MAB21L2,0,0,0,0
ENSG00000181552,EDDM3B,0,0,0,0
ENSG00000181562,EDDM3A,0,0,0,0
ENSG00000181585,TMIE,0,0,0,0
ENSG00000181609,OR52D1,0.015305107236228677,0,0.4438481098506318,1
ENSG00000181616,OR52H1,0.06530006646551421,0,1.0339468889055086,2
ENSG00000181617,FDCSP,0,0,0,0
ENSG00000181626,ANKRD62,0,0,0,0
ENSG00000181631,P2RY13,0,0,0,0
ENSG00000181634,TNFSF15,0,0,0,0
ENSG00000181656,GPR88,0.019488071361263813,0,0.5651540694766504,1
ENSG00000181693,OR8H1,0.015305107236228677,0,0.4438481098506318,1
ENSG00000181698,OR5T1,0,0,0,0
ENSG00000181718,OR5T2,0,0,0,0
ENSG00000181733,OR2Z1,0,0,0,0
ENSG00000181752,OR8K5,0,0,0,0
ENSG00000181761,OR8H3,0,0,0,0
ENSG00000181767,OR8H2,0,0,0,0
ENSG00000181778,TMEM252,0,0,0,0
ENSG00000181785,OR5AS1,0.018654434033985173,0,0.5409785869855699,1
ENSG00000181786,ACTL9,0,0,0,0
ENSG00000181803,OR6S1,0,0,0,0
ENSG00000181867,FTMT,0,0,0,0
ENSG00000181903,OR4C6,0,0,0,0
ENSG00000181927,OR4P4,0,0,0,0
ENSG00000181939,OR4C15,0,0,0,0
ENSG00000181958,OR4A15,0,0,0,0
ENSG00000181961,OR4A16,0,0,0,0
ENSG00000181963,OR52K2,0.06353054148332729,0,1.4125081837192894,2
ENSG00000181965,NEUROG1,0,0,0,0
ENSG00000182013,PNMA8A,0.03730886806797035,0,1.0819571739711398,1
ENSG00000182035,ADIG,0,0,0,0
ENSG00000182050,MGAT4C,0.0413954380074753,0,1.2004677022167836,1
ENSG00000182053,TRIM49B,0,0,0,0
ENSG00000182070,OR52A1,0.028519492108243488,0,0.42987751929720186,2
ENSG00000182077,PTCHD3,0.006899239667912551,0,0.20007795036946394,1
ENSG00000182083,OR6B2,0,0,0,0
ENSG00000182103,FAM181B,0.00851141374199241,0,0.24683099851777984,1
ENSG00000182107,TMEM30B,0.015237442320947715,0,0.4418858273074836,1
ENSG00000182108,DEXI,0.01307249026586425,0,0.37910221771006336,1
ENSG00000182156,ENPP7,0.03655348362088446,0,0.6167471521700248,2
ENSG00000182162,P2RY8,0.03701792355314289,0,0.5409785869855699,2
ENSG00000182168,UNC5C,0,0,0,0
ENSG00000182170,MRGPRG,0,0,0,0
ENSG00000182177,ASB18,0.06148790045553873,0,0.896541367539375,2
ENSG00000182183,SHISAL2A,0.006899239667912551,0,0.20007795036946394,1
ENSG00000182187,CRYGB,0,0,0,0
ENSG00000182223,ZAR1,0,0,0,0
ENSG00000182253,SYNM,0.01112173051012653,0,0.32253018479366935,1
ENSG00000182255,KCNA4,0,0,0,0
ENSG00000182256,GABRG3,0.019053904821024963,0,0.35312704592982236,2
ENSG00000182261,NLRP10,0.06120166215129379,0,1.3315443295518954,2
ENSG00000182263,FIGN,0.07589163634703802,0,2.2008574540641033,1
ENSG00000182315,MBD3L3,0,0,0,0
ENSG00000182330,PRAMEF8,0,0,0,0
ENSG00000182333,LIPF,0,0,0,0
ENSG00000182334,OR5P3,0,0,0,0
ENSG00000182346,DAOA,0.013847413002069977,0,0.4015749770600294,1
ENSG00000182348,ZNF804B,0.010157139892418825,0,0.2945570568801459,1
ENSG00000182415,CDY2A,0,0,0,0
ENSG00000182447,OTOL1,0,0,0,0
ENSG00000182450,KCNK4,0,0,0,0
ENSG00000182492,BGN,0.015352472503414693,0,0.4452217025990262,1
ENSG00000182508,LHFPL1,0.03268122566466064,0,0.9477555442751584,1
ENSG00000182521,TBPL2,0.015305107236228677,0,0.4438481098506318,1
ENSG00000182533,CAV3,0,0,0,0
ENSG00000182545,RNASE10,0.015136268686206164,0,0.4389517918999787,1
ENSG00000182557,SPNS3,0,0,0,0
ENSG00000182566,CLEC4G,0,0,0,0
ENSG00000182575,NXPH3,0,0,0,0
ENSG00000182583,VCX,0.006899239667912551,0,0.20007795036946394,1
ENSG00000182585,EPGN,0.029646725468772533,0,0.8597550385944037,1
ENSG00000182591,KRTAP11-1,0,0,0,0
ENSG00000182601,HS3ST4,0,0,0,0
ENSG00000182613,OR2V2,0,0,0,0
ENSG00000182631,RXFP3,0.015457609785161636,0,0.4482706837696875,1
ENSG00000182634,OR10G7,0,0,0,0
ENSG00000182645,CCDC172,0,0,0,0
ENSG00000182652,OR4Q3,0,0,0,0
ENSG00000182674,KCNB2,0,0,0,0
ENSG00000182698,RESP18,0,0,0,0
ENSG00000182712,CMC4,0,0,0,0
ENSG00000182732,RGS6,0.03258216600265155,0,0.6002338511083918,2
ENSG00000182747,SLC35D3,0,0,0,0
ENSG00000182759,MAFA,0,0,0,0
ENSG00000182771,GRID1,0.055672357587128046,0,1.0819571739711398,2
ENSG00000182783,OR2T29,0.006899239667912551,0,0.20007795036946394,2
ENSG00000182793,GSTA5,0,0,0,0
ENSG00000182798,MAGEB17,0,0,0,0
ENSG00000182816,KRTAP13-2,0.006899239667912551,0,0.20007795036946394,1
ENSG00000182836,PLCXD3,0.02069771900373765,0,0.6002338511083918,1
ENSG00000182854,OR4F15,0,0,0,0
ENSG00000182866,LCK,0,0,0,0
ENSG00000182870,GALNT9,0.017756353362096106,0,0.32538313864575535,2
ENSG00000182885,ADGRG3,0.06469219136508408,0,1.876073549587438,1
ENSG00000182896,TMEM95,0.02069771900373765,0,0.6002338511083918,1
ENSG00000182898,TCHHL1,0,0,0,0
ENSG00000182901,RGS7,0.16505064321095303,0,4.786468653117637,1
ENSG00000182916,TCEAL7,0.015237442320947715,0,0.4418858273074836,1
ENSG00000182931,WFDC10B,0,0,0,0
ENSG00000182938,OTOP3,0.09241741623583437,0,2.6801050708391974,1
ENSG00000182968,SOX1,0.011220108229163982,0,0.32538313864575535,1
ENSG00000182974,OR4M2B,0,0,0,0
ENSG00000182983,ZNF662,0.018654434033985173,0,0.5409785869855699,1
ENSG00000183024,OR1G1,0,0,0,0
ENSG00000183032,SLC25A21,0,0,0,0
ENSG00000183034,OTOP2,0,0,0,0
ENSG00000183035,CYLC1,0,0,0,0
ENSG00000183036,PCP4,0,0,0,0
ENSG00000183054,RGPD6,0,0,0,0
ENSG00000183067,IGSF5,0.02069771900373765,0,0.6002338511083918,1
ENSG00000183090,FREM3,0.013798479335825103,0,0.40015590073892787,1
ENSG00000183098,GPC6,0,0,0,0
ENSG00000183114,FAM43B,0.022440216458327965,0,0.6507662772915107,1
ENSG00000183128,CALHM3,0,0,0,0
ENSG00000183134,PTGDR2,0,0,0,0
ENSG00000183145,RIPPLY3,0.021267143178276722,0,0.6167471521700248,1
ENSG00000183166,CALN1,0.022937870997440636,0,0.3971877518418589,2
ENSG00000183185,GABRR3,0.09432734173240938,0,1.9351811087620163,2
ENSG00000183206,POTEC,0.018363489519157714,0,0.5325411960555738,1
ENSG00000183230,CTNNA3,0,0,0,0
ENSG00000183246,RIMBP3C,0,0,0,0
ENSG00000183251,OR51B4,0.0378406717155154,0,1.0973794797499468,1
ENSG00000183260,ABHD16B,0,0,0,0
ENSG00000183269,OR52E8,0,0,0,0
ENSG00000183281,PLGLB1,0.030610214472457355,0,0.8876962197012636,1
ENSG00000183303,OR5P2,0,0,0,0
ENSG00000183304,FAM9A,0,0,0,0
ENSG00000183305,MAGEA2B,0,0,0,0
ENSG00000183310,OR2T34,0,0,0,0
ENSG00000183313,OR52L1,0,0,0,0
ENSG00000183317,EPHA10,0,0,0,0
ENSG00000183336,BOLA2,0.007676236251707346,0,0.2226108512995131,1
ENSG00000183378,OVCH2,0,0,0,0
ENSG00000183389,OR56A4,0,0,0,0
ENSG00000183395,PMCH,0,0,0,0
ENSG00000183396,TMEM89,0,0,0,0
ENSG00000183421,RIPK4,0.04529824737628169,0,0.8837716546149672,2
ENSG00000183423,LRIT3,0.02031427978483765,0,0.5891141137602918,1
ENSG00000183434,TFDP3,0,0,0,0
ENSG00000183439,TRIM61,0,0,0,0
ENSG00000183463,URAD,0,0,0,0
ENSG00000183476,SH2D7,0.006899239667912551,0,0.20007795036946394,1
ENSG00000183542,KLRC4,0,0,0,0
ENSG00000183549,ACSM5,0.006899239667912551,0,0.20007795036946394,1
ENSG00000183559,C10orf120,0.013798479335825103,0,0.40015590073892787,1
ENSG00000183560,IZUMO1R,0,0,0,0
ENSG00000183571,PGPEP1L,0,0,0,0
ENSG00000183578,TNFAIP8L3,0.027725224870750315,0,0.8040315212517591,1
ENSG00000183580,FBXL7,0.02746313512984298,0,0.4433038728356243,2
ENSG00000183607,GKN2,0.07646106052157713,0,1.6006236029557115,2
ENSG00000183615,FAM167B,0.01217679468723525,0,0.35312704592982236,1
ENSG00000183628,DGCR6,0.006899239667912551,0,0.20007795036946394,1
ENSG00000183629,GOLGA8G,0.006899239667912551,0,0.20007795036946394,2
ENSG00000183631,PRR32,0,0,0,0
ENSG00000183632,TP53TG3,0,0,0,0
ENSG00000183638,RP1L1,0.02568292633473899,0,0.40015590073892787,2
ENSG00000183640,KRTAP8-1,0,0,0,0
ENSG00000183644,HOATZ,0.018654434033985173,0,0.5409785869855699,1
ENSG00000183668,PSG9,0.02930502278723161,0,0.4482706837696875,2
ENSG00000183671,CMKLR2,0.06214381815940522,0,1.2696295305671774,2
ENSG00000183691,NOG,0.00851141374199241,0,0.24683099851777984,1
ENSG00000183706,OR4N4,0,0,0,0
ENSG00000183715,OPCML,0.040533188148857834,0,1.1754624563168765,1
ENSG00000183733,FIGLA,0,0,0,0
ENSG00000183734,ASCL2,0,0,0,0
ENSG00000183747,ACSM2A,0.030743950227769365,0,0.4482706837696875,2
ENSG00000183753,BPY2,0,0,0,0
ENSG00000183780,SLC35F3,0.029583597748321696,0,0.5325411960555738,2
ENSG00000183783,KCTD8,0,0,0,0
ENSG00000183795,BPY2B,0,0,0,0
ENSG00000183807,FAM162B,0,0,0,0
ENSG00000183840,GPR39,0,0,0,0
ENSG00000183862,CNGA2,0,0,0,0
ENSG00000183876,ARSI,0.07728804892580819,0,2.2413534188484374,1
ENSG00000183888,SRARP,0.021523649253777328,0,0.4015749770600294,2
ENSG00000183908,LRRC55,0,0,0,0
ENSG00000183960,KCNH8,0.014823362734386267,0,0.42987751929720186,1
ENSG00000183979,NPB,0,0,0,0
ENSG00000184022,OR2T10,0,0,0,0
ENSG00000184032,KRTAP20-2,0,0,0,0
ENSG00000184033,CTAG1B,0,0,0,0
ENSG00000184058,TBX1,0.02406510435796971,0,0.42987751929720186,2
ENSG00000184108,TRIML1,0,0,0,0
ENSG00000184113,CLDN5,0,0,0,0
ENSG00000184140,OR4F6,0,0,0,0
ENSG00000184148,SPRR4,0,0,0,0
ENSG00000184155,OR10J5,0.0458590213278232,0,1.3299116185068727,1
ENSG00000184156,KCNQ3,0.018654434033985173,0,0.5409785869855699,1
ENSG00000184160,ADRA2C,0,0,0,0
ENSG00000184166,OR1D2,0.01217679468723525,0,0.35312704592982236,1
ENSG00000184185,KCNJ12,0,0,0,0
ENSG00000184194,GPR173,0,0,0,0
ENSG00000184210,DGAT2L6,0,0,0,0
ENSG00000184221,OLIG1,0,0,0,0
ENSG00000184261,KCNK12,0.03411275912066275,0,0.5891141137602918,2
ENSG00000184276,DEFB108B,0,0,0,0
ENSG00000184302,SIX6,0,0,0,0
ENSG00000184304,PRKD1,0.08048487317463172,0,1.79308273507875,2
ENSG00000184313,MROH7,0,0,0,0
ENSG00000184330,S100A7A,0.011220108229163982,0,0.32538313864575535,1
ENSG00000184345,IQCF2,0.0413954380074753,0,1.2004677022167836,1
ENSG00000184347,SLIT3,0,0,0,0
ENSG00000184350,MRGPRE,0,0,0,0
ENSG00000184351,KRTAP19-1,0,0,0,0
ENSG00000184363,PKP3,0.08643818674385094,0,1.6229357609567099,2
ENSG00000184374,COLEC10,0,0,0,0
ENSG00000184378,ACTRT3,0,0,0,0
ENSG00000184388,PABPC1L2B,0,0,0,0
ENSG00000184389,A3GALT2,0.037988596933388095,0,0.9022331171883529,2
ENSG00000184394,OR4N5,0,0,0,0
ENSG00000184408,KCND2,0,0,0,0
ENSG00000184451,CCR10,0,0,0,0
ENSG00000184454,NCMAP,0.08365812810609546,0,1.6229357609567099,2
ENSG00000184459,BPIFC,0,0,0,0
ENSG00000184471,C1QTNF8,0,0,0,0
ENSG00000184478,OR56A3,0.030700231955082005,0,0.6902287763279139,2
ENSG00000184486,POU3F2,0.013696129373857202,0,0.3971877518418589,1
ENSG00000184502,GAST,0,0,0,0
ENSG00000184507,NUTM1,0,0,0,0
ENSG00000184530,C6orf58,0,0,0,0
ENSG00000184544,DHRS7C,0,0,0,0
ENSG00000184560,SPEM2,0,0,0,0
ENSG00000184571,PIWIL3,0.025193858334252396,0,0.42987751929720186,2
ENSG00000184599,TAFA3,0.20631330401369122,0,5.983085816397046,1
ENSG00000184601,C14orf180,0,0,0,0
ENSG00000184647,PRSS55,0,0,0,0
ENSG00000184659,FOXD4L4,0,0,0,0
ENSG00000184672,RALYL,0,0,0,0
ENSG00000184709,LRRC26,0,0,0,0
ENSG00000184716,SERINC4,0,0,0,0
ENSG00000184719,RNLS,0,0,0,0
ENSG00000184724,KRTAP6-1,0,0,0,0
ENSG00000184731,FAM110C,0.015237442320947715,0,0.4418858273074836,1
ENSG00000184735,DDX53,0,0,0,0
ENSG00000184788,SATL1,0,0,0,0
ENSG00000184811,TRARG1,0,0,0,0
ENSG00000184814,PRR23B,0,0,0,0
ENSG00000184828,ZBTB7C,0.02568292633473899,0,0.40015590073892787,2
ENSG00000184838,PRR16,0.012925972348837507,0,0.3748531981162877,1
ENSG00000184845,DRD1,0,0,0,0
ENSG00000184895,SRY,0.013654771026055515,0,0.20007795036946394,2
ENSG00000184905,TCEAL2,0,0,0,0
ENSG00000184908,CLCNKB,0,0,0,0
ENSG00000184911,DMRTC1B,0,0,0,0
ENSG00000184933,OR6A2,0,0,0,0
ENSG00000184945,AQP12A,0,0,0,0
ENSG00000184954,OR6C70,0,0,0,0
ENSG00000184984,CHRM5,0,0,0,0
ENSG00000184985,SORCS2,0,0,0,0
ENSG00000184995,IFNE,0.07493852110276443,0,1.6080630425035183,2
ENSG00000185002,RFX6,0.04587538239044015,0,1.1303081389533007,2
ENSG00000185008,ROBO2,0.010157139892418825,0,0.2945570568801459,1
ENSG00000185013,NT5C1B,0.03730886806797035,0,1.0819571739711398,1
ENSG00000185028,LRRC14B,0,0,0,0
ENSG00000185038,MROH2A,0.03650458549922444,0,0.6167471521700248,2
ENSG00000185053,SGCZ,0,0,0,0
ENSG00000185069,KRT76,0,0,0,0
ENSG00000185105,MYADML2,0.0527285335138787,0,1.13730665313019,2
ENSG00000185155,MIXL1,0,0,0,0
ENSG00000185176,AQP12B,0.006755531358142967,0,0.19591040938614607,2
ENSG00000185177,ZNF479,0,0,0,0
ENSG00000185231,MC2R,0,0,0,0
ENSG00000185247,MAGEA11,0.015305107236228677,0,0.4438481098506318,1
ENSG00000185264,CIMIP4,0,0,0,0
ENSG00000185269,NOTUM,0.0746294837192693,0,1.1303081389533007,2
ENSG00000185274,GALNT17,0,0,0,0
ENSG00000185290,NUPR2,0.025851944697675013,0,0.7497063962325754,1
ENSG00000185294,SPPL2C,0,0,0,0
ENSG00000185303,SFTPA2,0.08608944006429857,0,1.4994127924651508,2
ENSG00000185306,C12orf56,0,0,0,0
ENSG00000185313,SCN10A,0.013798479335825103,0,0.40015590073892787,1
ENSG00000185352,HS6ST3,0.030572680885215465,0,0.8866077456712486,1
ENSG00000185372,OR2V1,0,0,0,0
ENSG00000185385,OR7A17,0,0,0,0
ENSG00000185436,IFNLR1,0.012925972348837507,0,0.3748531981162877,1
ENSG00000185448,FAM47A,0,0,0,0
ENSG00000185477,GPRIN3,0,0,0,0
ENSG00000185483,ROR1,0.006899239667912551,0,0.20007795036946394,1
ENSG00000185518,SV2B,0,0,0,0
ENSG00000185519,FAM131C,0.006877110133789707,0,0.19943619387990152,1
ENSG00000185532,PRKG1,0.02235684945307418,0,0.4482706837696875,2
ENSG00000185585,OLFML2A,0,0,0,0
ENSG00000185610,DBX2,0.048294677675387844,0,1.4005456525862476,1
ENSG00000185615,PDIA2,0,0,0,0
ENSG00000185640,KRT79,0.015286340442607732,0,0.4433038728356243,1
ENSG00000185652,NTF3,0,0,0,0
ENSG00000185662,SMIM23,0,0,0,0
ENSG00000185666,SYN3,0.006877110133789707,0,0.19943619387990152,1
ENSG00000185668,POU3F1,0.024061241686149145,0,0.35312704592982236,2
ENSG00000185737,NRG3,0.006899239667912551,0,0.20007795036946394,1
ENSG00000185739,SRL,0,0,0,0
ENSG00000185742,C11orf87,0,0,0,0
ENSG00000185758,CLDN24,0,0,0,0
ENSG00000185760,KCNQ5,0.03672697903831543,0,1.0650823921111476,1
ENSG00000185775,SPATA31A6,0.011220108229163982,0,0.32538313864575535,1
ENSG00000185792,NLRP9,0,0,0,0
ENSG00000185821,OR6C76,0,0,0,0
ENSG00000185823,NPAP1,0,0,0,0
ENSG00000185860,CCDC190,0.05276647785313197,0,1.0819571739711398,2
ENSG00000185863,TMEM210,0,0,0,0
ENSG00000185873,TMPRSS11B,0.013798479335825103,0,0.40015590073892787,1
ENSG00000185888,PRSS38,0.08074759104519812,0,1.8007015533251756,2
ENSG00000185894,BPY2C,0,0,0,0
ENSG00000185899,TAS2R60,0,0,0,0
ENSG00000185915,KLHL34,0,0,0,0
ENSG00000185926,OR4C46,0,0,0,0
ENSG00000185933,CALHM1,0,0,0,0
ENSG00000185940,KRTAP5-5,0,0,0,0
ENSG00000185942,NKAIN3,0,0,0,0
ENSG00000185960,SHOX,0.03730886806797035,0,1.0819571739711398,1
ENSG00000185962,LCE3A,0,0,0,0
ENSG00000185966,LCE3E,0,0,0,0
ENSG00000185982,DEFB128,0,0,0,0
ENSG00000185985,SLITRK2,0,0,0,0
ENSG00000185988,PLK5,0.012925972348837507,0,0.3748531981162877,1
ENSG00000186007,LEMD1,0,0,0,0
ENSG00000186009,ATP4B,0.01037049559986612,0,0.3007443723961176,1
ENSG00000186038,HTR3E,0.08290017553591437,0,1.5164088708402534,2
ENSG00000186047,DLEU7,0.04829467767538784,0,1.4005456525862476,2
ENSG00000186075,ZPBP2,0,0,0,0
ENSG00000186086,NBPF6,0,0,0,0
ENSG00000186090,HTR3D,0.010157139892418825,0,0.2945570568801459,1
ENSG00000186092,OR4F5,0,0,0,0
ENSG00000186103,ARGFX,0,0,0,0
ENSG00000186113,OR5D14,0,0,0,0
ENSG00000186119,OR5D18,0,0,0,0
ENSG00000186136,TAS2R42,0,0,0,0
ENSG00000186143,PRR30,0.006536245132932125,0,0.18955110885503168,1
ENSG00000186146,DEFB131A,0.03449619833956275,0,1.0003897518473197,1
ENSG00000186150,UBL4B,0.030471419677256462,0,0.8836711706404378,1
ENSG00000186188,FFAR4,0.026622101722694712,0,0.3971877518418589,2
ENSG00000186190,BPIFB3,0,0,0,0
ENSG00000186191,BPIFB4,0.013798479335825103,0,0.40015590073892787,1
ENSG00000186197,EDARADD,0.06652298790275482,0,1.3400525354195987,2
ENSG00000186198,SLC51B,0,0,0,0
ENSG00000186204,CYP4F12,0.041694992871059405,0,0.8837716546149672,2
ENSG00000186205,MTARC1,0.011884446998913896,0,0.3446489629685029,1
ENSG00000186207,LCE5A,0.01307249026586425,0,0.37910221771006336,1
ENSG00000186212,SOWAHB,0,0,0,0
ENSG00000186226,LCE1E,0,0,0,0
ENSG00000186288,PABPC1L2A,0,0,0,0
ENSG00000186306,OR10T2,0,0,0,0
ENSG00000186329,TMEM212,0.015237442320947715,0,0.4418858273074836,1
ENSG00000186367,MINAR2,0,0,0,0
ENSG00000186377,CYP4X1,0.06106479946625782,0,1.3256574819224507,2
ENSG00000186393,KRT26,0,0,0,0
ENSG00000186407,CD300E,0,0,0,0
ENSG00000186431,FCAR,0.007676236251707346,0,0.2226108512995131,1
ENSG00000186439,TRDN,0,0,0,0
ENSG00000186440,OR6P1,0,0,0,0
ENSG00000186442,KRT3,0,0,0,0
ENSG00000186452,TMPRSS12,0.03275118436558758,0,0.7497063962325754,2
ENSG00000186458,DEFB132,0,0,0,0
ENSG00000186474,KLK12,0,0,0,0
ENSG00000186479,RGS7BP,0,0,0,0
ENSG00000186487,MYT1L,0.011220108229163982,0,0.32538313864575535,1
ENSG00000186509,OR9Q1,0.02031427978483765,0,0.5891141137602918,1
ENSG00000186510,CLCNKA,0,0,0,0
ENSG00000186513,OR9Q2,0,0,0,0
ENSG00000186526,CYP4F8,0,0,0,0
ENSG00000186529,CYP4F3,0.023006177509040413,0,0.3446489629685029,2
ENSG00000186562,DEFB105A,0,0,0,0
ENSG00000186567,CEACAM19,0.12222861066405537,0,2.1440840566713577,2
ENSG00000186572,DEFB107A,0,0,0,0
ENSG00000186579,DEFB106A,0,0,0,0
ENSG00000186583,SPATC1,0.015237442320947715,0,0.4418858273074836,1
ENSG00000186599,DEFB105B,0,0,0,0
ENSG00000186675,MAGEE2,0.027694826004139955,0,0.8031499541200589,1
ENSG00000186684,CYP27C1,0,0,0,0
ENSG00000186714,CCDC73,0.016538463063624685,0,0.2680105070839197,2
ENSG00000186723,OR10H1,0.014823362734386267,0,0.42987751929720186,1
ENSG00000186732,MPPED1,0.03250184703605515,0,0.5409785869855699,2
ENSG00000186765,FSCN2,0,0,0,0
ENSG00000186766,FOXI2,0,0,0,0
ENSG00000186777,ZNF732,0,0,0,0
ENSG00000186790,FOXE3,0,0,0,0
ENSG00000186795,KCNK18,0.013847413002069977,0,0.4015749770600294,1
ENSG00000186803,IFNA10,0.03653038406170576,0,1.059381137789467,1
ENSG00000186832,KRT16,0.015237442320947715,0,0.4418858273074836,1
ENSG00000186844,LCE1A,0,0,0,0
ENSG00000186860,KRTAP17-1,0,0,0,0
ENSG00000186867,QRFPR,0.041602590316890134,0,0.7582044354201267,2
ENSG00000186881,OR13F1,0,0,0,0
ENSG00000186891,TNFRSF18,0.018654434033985173,0,0.5409785869855699,1
ENSG00000186895,FGF3,0,0,0,0
ENSG00000186897,C1QL4,0.056229516927689335,0,1.3299116185068727,2
ENSG00000186910,SERPINA11,0,0,0,0
ENSG00000186912,P2RY4,0.04587778812144414,0,0.8866077456712486,2
ENSG00000186924,KRTAP22-1,0,0,0,0
ENSG00000186925,KRTAP19-6,0,0,0,0
ENSG00000186930,KRTAP6-2,0,0,0,0
ENSG00000186943,OR13C8,0,0,0,0
ENSG00000186965,KRTAP19-2,0,0,0,0
ENSG00000186967,KRTAP19-4,0,0,0,0
ENSG00000186970,KRTAP15-1,0,0,0,0
ENSG00000186971,KRTAP13-4,0,0,0,0
ENSG00000186977,KRTAP19-5,0,0,0,0
ENSG00000186980,KRTAP23-1,0,0,0,0
ENSG00000186998,EMID1,0,0,0,0
ENSG00000187003,ACTL7A,0.04420810773588288,0,1.0819571739711398,2
ENSG00000187005,KRTAP21-1,0,0,0,0
ENSG00000187017,ESPN,0.026579340295288162,0,0.4482706837696875,2
ENSG00000187021,PNLIPRP1,0,0,0,0
ENSG00000187026,KRTAP21-2,0,0,0,0
ENSG00000187033,SAMD7,0.007676236251707346,0,0.2226108512995131,1
ENSG00000187048,CYP4A11,0,0,0,0
ENSG00000187054,TMPRSS11A,0.1443585442655389,0,3.5972836699403357,2
ENSG00000187080,OR2AK2,0.0707264187299554,0,1.3448120513090625,2
ENSG00000187082,DEFB106B,0,0,0,0
ENSG00000187094,CCK,0.011220108229163982,0,0.32538313864575535,1
ENSG00000187116,LILRA5,0.007296721440041249,0,0.21160492176119622,1
ENSG00000187123,LYPD6,0,0,0,0
ENSG00000187135,VSTM2B,0.02069771900373765,0,0.6002338511083918,1
ENSG00000187151,ANGPTL5,0,0,0,0
ENSG00000187166,H1-7,0,0,0,0
ENSG00000187170,LCE4A,0,0,0,0
ENSG00000187173,LCE2A,0,0,0,0
ENSG00000187175,KRTAP12-1,0,0,0,0
ENSG00000187180,LCE2C,0,0,0,0
ENSG00000187191,DAZ3,0,0,0,0
ENSG00000187223,LCE2D,0,0,0,0
ENSG00000187238,LCE3B,0,0,0,0
ENSG00000187242,KRT12,0.015457609785161636,0,0.4482706837696875,1
ENSG00000187243,MAGED4B,0,0,0,0
ENSG00000187244,BCAM,0.015286340442607732,0,0.4433038728356243,1
ENSG00000187258,NPSR1,0,0,0,0
ENSG00000187272,KRTAP9-8,0,0,0,0
ENSG00000187288,CIDEC,0.019488071361263813,0,0.5651540694766504,1
ENSG00000187323,DCC,0,0,0,0
ENSG00000187398,LUZP2,0,0,0,0
ENSG00000187416,LHFPL3,0,0,0,0
ENSG00000187474,FPR3,0.06401228598516968,0,1.4125081837192894,2
ENSG00000187475,H1-6,0.013696129373857202,0,0.3971877518418589,1
ENSG00000187479,C11orf96,0.07231162708586138,0,1.695462208429951,2
ENSG00000187486,KCNJ11,0,0,0,0
ENSG00000187510,PLEKHG7,0.09241741623583437,0,2.6801050708391974,1
ENSG00000187513,GJA4,0.05078569946209414,0,1.4727852844007296,1
ENSG00000187516,H2AP,0,0,0,0
ENSG00000187527,ATP13A5,0.018654434033985173,0,0.5409785869855699,1
ENSG00000187533,PRR27,0.015286340442607732,0,0.4433038728356243,1
ENSG00000187545,PRAMEF10,0.011884446998913896,0,0.3446489629685029,1
ENSG00000187546,AGMO,0.16052787168090746,0,4.655308278746317,1
ENSG00000187550,SBK2,0.013798479335825103,0,0.40015590073892787,1
ENSG00000187554,TLR5,0.015237442320947715,0,0.4418858273074836,1
ENSG00000187556,NANOS3,0.014823362734386267,0,0.42987751929720186,1
ENSG00000187559,FOXD4L3,0.006877110133789707,0,0.19943619387990152,1
ENSG00000187569,DPPA3,0,0,0,0
ENSG00000187581,COX8C,0.03655348362088446,0,0.6167471521700248,2
ENSG00000187612,OR5W2,0,0,0,0
ENSG00000187616,MYMK,0,0,0,0
ENSG00000187627,RGPD1,0.013696129373857202,0,0.3971877518418589,1
ENSG00000187658,C5orf52,0,0,0,0
ENSG00000187664,HAPLN4,0,0,0,0
ENSG00000187672,ERC2,0,0,0,0
ENSG00000187682,ERAS,0.015457609785161636,0,0.4482706837696875,1
ENSG00000187689,AMTN,0.006899239667912551,0,0.20007795036946394,1
ENSG00000187690,EZHIP,0,0,0,0
ENSG00000187701,OR2T27,0,0,0,0
ENSG00000187714,SLC18A3,0,0,0,0
ENSG00000187715,KBTBD12,0.05010242069965651,0,1.2334943043400497,2
ENSG00000187733,AMY1C,0.018654434033985173,0,0.5409785869855699,5
ENSG00000187747,OR52B6,0.2338217445488501,0,6.780830591916652,1
ENSG00000187753,C9orf153,0.047458804023317036,0,0.9761494159372661,2
ENSG00000187754,SSX7,0,0,0,0
ENSG00000187758,ADH1A,0.021890164320123747,0,0.6348147652835887,1
ENSG00000187766,KRTAP10-8,0.013798479335825103,0,0.40015590073892787,1
ENSG00000187772,LIN28B,0,0,0,0
ENSG00000187773,DIPK1C,0,0,0,0
ENSG00000187783,TMEM72,0,0,0,0
ENSG00000187806,TMEM202,0,0,0,0
ENSG00000187808,SOWAHD,0.01455334638549706,0,0.2226108512995131,2
ENSG00000187821,HELT,0.006899239667912551,0,0.20007795036946394,1
ENSG00000187823,RTL4,0,0,0,0
ENSG00000187833,C2orf78,0.0746177361359407,0,2.1639143479422795,1
ENSG00000187838,PLSCR3,0.027694826004139955,0,0.8031499541200589,1
ENSG00000187848,P2RX2,0,0,0,0
ENSG00000187855,ASCL4,0,0,0,0
ENSG00000187857,OR6C75,0,0,0,0
ENSG00000187862,TTC24,0,0,0,0
ENSG00000187867,PALM3,0,0,0,0
ENSG00000187871,GFRAL,0.012925972348837507,0,0.3748531981162877,1
ENSG00000187889,FYB2,0.025851944697675013,0,0.7497063962325754,1
ENSG00000187908,DMBT1,0,0,0,0
ENSG00000187912,CLEC17A,0.03555293451703663,0,0.5877312281584383,2
ENSG00000187918,OR51I2,0,0,0,0
ENSG00000187922,LCN10,0,0,0,0
ENSG00000187942,LDLRAD2,0,0,0,0
ENSG00000187950,OVCH1,0,0,0,0
ENSG00000187959,CPSF4L,0,0,0,0
ENSG00000187969,ZCCHC13,0,0,0,0
ENSG00000188000,OR7D2,0.01112173051012653,0,0.32253018479366935,1
ENSG00000188001,TPRG1,0.021267143178276722,0,0.6167471521700248,1
ENSG00000188011,RTP5,0,0,0,0
ENSG00000188037,CLCN1,0.04812248337229829,0,0.7062540918596447,2
ENSG00000188038,NRN1L,0,0,0,0
ENSG00000188050,RNF133,0,0,0,0
ENSG00000188051,TMEM221,0.03732296172047989,0,0.8597550385944037,2
ENSG00000188056,TREML4,0,0,0,0
ENSG00000188060,RAB42,0.08793733349253906,0,1.7558071675999147,2
ENSG00000188064,WNT7B,0.06486314215190236,0,1.3400525354195987,2
ENSG00000188076,SCGB1C1,0,0,0,0
ENSG00000188095,MESP2,0,0,0,0
ENSG00000188100,FAM25A,0,0,0,0
ENSG00000188120,DAZ1,0,0,0,0
ENSG00000188124,OR2AG2,0.019488071361263813,0,0.5651540694766504,1
ENSG00000188155,KRTAP10-6,0,0,0,0
ENSG00000188158,NHS,0.04019656982042405,0,0.9761494159372661,2
ENSG00000188162,OTOG,0,0,0,0
ENSG00000188163,CIMIP2A,0.08500647114992174,0,1.876073549587438,2
ENSG00000188263,IL17REL,0,0,0,0
ENSG00000188269,OR7A5,0.018654434033985173,0,0.5409785869855699,1
ENSG00000188293,IGFL1,0,0,0,0
ENSG00000188306,LRRIQ4,0.05428124995875629,0,1.1303081389533007,2
ENSG00000188316,ENO4,0.018654434033985173,0,0.5409785869855699,1
ENSG00000188324,OR6C6,0,0,0,0
ENSG00000188334,BSPH1,0,0,0,0
ENSG00000188338,SLC38A3,0.030915219570323272,0,0.896541367539375,1
ENSG00000188340,OR6N2,0,0,0,0
ENSG00000188373,GPR15LG,0,0,0,0
ENSG00000188389,PDCD1,0.0378406717155154,0,1.0973794797499468,1
ENSG00000188394,GPR21,0,0,0,0
ENSG00000188408,MAGEB5,0,0,0,0
ENSG00000188425,NANOS2,0,0,0,0
ENSG00000188467,SLC24A5,0,0,0,0
ENSG00000188487,INSC,0.03449619833956275,0,1.0003897518473197,1
ENSG00000188488,SERPINA5,0,0,0,0
ENSG00000188505,NCCRP1,0.4342706597085906,0,10.18439926918895,2
ENSG00000188517,COL25A1,0.04625139270563536,0,0.8003118014778557,2
ENSG00000188558,OR2G6,0.06188845708727715,0,1.0003897518473197,2
ENSG00000188580,NKAIN2,0,0,0,0
ENSG00000188581,KRTAP1-1,0,0,0,0
ENSG00000188582,PAQR9,0,0,0,0
ENSG00000188626,GOLGA8M,0,0,0,0
ENSG00000188629,ZNF177,0.028853978847033,0,0.5360210141678394,4
ENSG00000188655,RNASE9,0,0,0,0
ENSG00000188674,C2orf80,0,0,0,0
ENSG00000188676,IDO2,0,0,0,0
ENSG00000188691,OR56A5,0,0,0,0
ENSG00000188694,KRTAP24-1,0.02573186000098387,0,0.4015749770600294,2
ENSG00000188710,QRFP,0.07643170221303867,0,2.2165193641781213,1
ENSG00000188716,DUSP29,0,0,0,0
ENSG00000188729,OSTN,0.015286340442607732,0,0.4433038728356243,1
ENSG00000188730,VWC2,0,0,0,0
ENSG00000188770,OPTC,0,0,0,0
ENSG00000188771,PLET1,0.022440216458327965,0,0.6507662772915107,1
ENSG00000188782,CATSPER4,0,0,0,0
ENSG00000188784,PLA2G2E,0,0,0,0
ENSG00000188803,SHISA6,0,0,0,0
ENSG00000188816,HMX2,0,0,0,0
ENSG00000188820,CALHM6,0.019949600399653954,0,0.37910221771006336,2
ENSG00000188822,CNR2,0.09874922138002318,0,2.27461330626038,2
ENSG00000188848,BEND4,0.028144253312066426,0,0.6167471521700248,2
ENSG00000188883,KLRG2,0.045915321708686035,0,1.3315443295518954,1
ENSG00000188886,ASTL,0,0,0,0
ENSG00000188906,LRRK2,0,0,0,0
ENSG00000188909,BSX,0,0,0,0
ENSG00000188916,INSYN2A,0.027596958671650205,0,0.8003118014778557,1
ENSG00000188931,CFAP126,0,0,0,0
ENSG00000188937,NYX,0,0,0,0
ENSG00000188958,UTS2B,0.03672697903831543,0,1.0650823921111476,1
ENSG00000188984,AADACL3,0,0,0,0
ENSG00000188991,SLC15A5,0,0,0,0
ENSG00000188992,LIPI,0.018654434033985173,0,0.5409785869855699,1
ENSG00000188993,LRRC66,0.025614749677580453,0,0.4482706837696875,2
ENSG00000189001,SBSN,0,0,0,0
ENSG00000189023,MAGEB16,0.0406285595696753,0,1.1782282275205835,1
ENSG00000189030,VHLL,0,0,0,0
ENSG00000189037,DUSP21,0,0,0,0
ENSG00000189052,CGB5,0.01848348324716688,0,0.5360210141678394,1
ENSG00000189064,GAGE2A,0,0,0,0
ENSG00000189068,VSTM1,0,0,0,0
ENSG00000189090,FAM25G,0,0,0,0
ENSG00000189099,PRSS48,0,0,0,0
ENSG00000189108,IL1RAPL2,0,0,0,0
ENSG00000189127,ANKRD34B,0.04948712299177395,0,0.8003118014778557,2
ENSG00000189132,FAM47B,0,0,0,0
ENSG00000189134,NKAPL,0,0,0,0
ENSG00000189139,FSCB,0,0,0,0
ENSG00000189152,GRAPL,0,0,0,0
ENSG00000189167,ZAR1L,0.030060805055333983,0,0.4418858273074836,2
ENSG00000189169,KRTAP10-12,0,0,0,0
ENSG00000189181,OR14I1,0.015352472503414693,0,0.4452217025990262,1
ENSG00000189182,KRT77,0,0,0,0
ENSG00000189184,PCDH18,0,0,0,0
ENSG00000189186,DCAF8L2,0,0,0,0
ENSG00000189195,BTBD8,0,0,0,0
ENSG00000189233,NUGGC,0.06219102434370271,0,1.0003897518473197,2
ENSG00000189252,SPANXN3,0,0,0,0
ENSG00000189253,TRIM64B,0.027596958671650205,0,0.8003118014778557,1
ENSG00000189299,FOXR2,0,0,0,0
ENSG00000189320,FAM180A,0,0,0,0
ENSG00000189325,BNIP5,0.03814250539524897,0,0.5651540694766504,2
ENSG00000189326,SPANXN4,0,0,0,0
ENSG00000189367,KIAA0408,0,0,0,0
ENSG00000189401,OTUD6A,0.01217679468723525,0,0.35312704592982236,1
ENSG00000189409,MMP23B,0,0,0,0
ENSG00000189430,NCR1,0,0,0,0
ENSG00000189431,RASSF10,0,0,0,0
ENSG00000196098,OR5K4,0,0,0,0
ENSG00000196099,OR6M1,0,0,0,0
ENSG00000196131,VN1R2,0.02069771900373765,0,0.6002338511083918,1
ENSG00000196132,MYT1,0.007296721440041249,0,0.21160492176119622,1
ENSG00000196136,SERPINA3,0,0,0,0
ENSG00000196156,KRTAP4-3,0,0,0,0
ENSG00000196159,FAT4,0.08506857271310689,0,2.4669886086800994,1
ENSG00000196169,KIF19,0.011220108229163982,0,0.32538313864575535,1
ENSG00000196171,OR6K2,0,0,0,0
ENSG00000196184,OR10J1,0,0,0,0
ENSG00000196196,HRCT1,0,0,0,0
ENSG00000196209,SIRPB2,0,0,0,0
ENSG00000196224,KRTAP5-3,0,0,0,0
ENSG00000196228,SULT1C3,0,0,0,0
ENSG00000196240,OR2T2,0,0,0,0
ENSG00000196248,OR10S1,0,0,0,0
ENSG00000196260,SFTA2,0,0,0,0
ENSG00000196266,OR10J3,0.021267143178276722,0,0.6167471521700248,1
ENSG00000196277,GRM7,0.03315159017719062,0,0.6167471521700248,2
ENSG00000196335,STK31,0.11427281760557478,0,2.2008574540641033,2
ENSG00000196337,CGB7,0,0,0,0
ENSG00000196361,ELAVL3,0,0,0,0
ENSG00000196406,SPANXD,0,0,0,0
ENSG00000196408,NOXO1,0.00851141374199241,0,0.24683099851777984,1
ENSG00000196427,NBPF4,0,0,0,0
ENSG00000196433,ASMT,0.0689923966791255,0,2.0007795036946394,1
ENSG00000196436,NPIPB15,0.011884446998913894,0,0.3446489629685029,3
ENSG00000196460,RFX8,0,0,0,0
ENSG00000196468,FGF16,0,0,0,0
ENSG00000196475,GK2,0,0,0,0
ENSG00000196482,ESRRG,0.058006587071707985,0,1.0819571739711398,2
ENSG00000196517,SLC6A9,0.06469219136508408,0,1.876073549587438,1
ENSG00000196539,OR2T3,0,0,0,0
ENSG00000196542,SPTSSB,0,0,0,0
ENSG00000196570,PFN3,0,0,0,0
ENSG00000196578,OR5AC2,0,0,0,0
ENSG00000196616,ADH1B,0,0,0,0
ENSG00000196620,UGT2B15,0.07589163634703802,0,2.2008574540641033,1
ENSG00000196664,TLR7,0.013696129373857202,0,0.3971877518418589,1
ENSG00000196711,ALKAL1,0.00924174162358344,0,0.2680105070839197,1
ENSG00000196748,CLPSL2,0,0,0,0
ENSG00000196767,POU3F4,0,0,0,0
ENSG00000196772,OR14A16,0.013511062716285934,0,0.39182081877229213,1
ENSG00000196778,OR52K1,0.1530378765407033,0,2.6627059802778694,2
ENSG00000196800,SPINK14,0.021267143178276722,0,0.6167471521700248,1
ENSG00000196805,SPRR2B,0.023028708755122047,0,0.6678325538985393,1
ENSG00000196826,,0,0,0,0
ENSG00000196832,OR11G2,0.00851141374199241,0,0.24683099851777984,1
ENSG00000196859,KRT39,0.039658696610699186,0,0.7062540918596447,2
ENSG00000196862,RGPD4,0.025851944697675013,0,0.7497063962325754,1
ENSG00000196866,H2AC7,0,0,0,0
ENSG00000196872,CRACDL,0.006877110133789707,0,0.19943619387990152,1
ENSG00000196900,SPMIP10,0,0,0,0
ENSG00000196917,HCAR1,0.013696129373857202,0,0.3971877518418589,1
ENSG00000196932,TMEM26,0.038976142722527626,0,1.1303081389533007,1
ENSG00000196944,OR2T4,0.01217679468723525,0,0.35312704592982236,1
ENSG00000196946,ZNF705A,0,0,0,0
ENSG00000196990,FAM163B,0.011220108229163982,0,0.32538313864575535,1
ENSG00000197057,DTHD1,0,0,0,0
ENSG00000197079,KRT35,0.018654434033985173,0,0.5409785869855699,1
ENSG00000197084,LCE1C,0.04126266080273826,0,1.1966171632794091,1
ENSG00000197093,GAL3ST4,0.16169418014500958,0,4.310029006495213,2
ENSG00000197106,SLC6A17,0.014823362734386267,0,0.42987751929720186,1
ENSG00000197123,ZNF679,0,0,0,0
ENSG00000197140,ADAM32,0.006899239667912551,0,0.20007795036946394,1
ENSG00000197172,MAGEA6,0,0,0,0
ENSG00000197177,ADGRA1,0,0,0,0
ENSG00000197181,PIWIL2,0.011884446998913896,0,0.3446489629685029,1
ENSG00000197213,ZSCAN5B,0.027634404472396883,0,0.4482706837696875,2
ENSG00000197233,OR1J2,0,0,0,0
ENSG00000197241,SLC2A7,0.011220108229163982,0,0.32538313864575535,1
ENSG00000197245,FAM110D,0.03565334099674168,0,1.0339468889055086,1
ENSG00000197272,IL27,0.006755531358142967,0,0.19591040938614607,1
ENSG00000197273,GUCA2A,0,0,0,0
ENSG00000197309,OR10D3,0.02069771900373765,0,0.6002338511083918,1
ENSG00000197385,ZNF860,0.11090089948300126,0,3.2161260850070366,1
ENSG00000197403,OR6N1,0,0,0,0
ENSG00000197406,DIO3,0,0,0,0
ENSG00000197408,CYP2B6,0.013798479335825103,0,0.40015590073892787,1
ENSG00000197409,H3C4,0,0,0,0
ENSG00000197410,DCHS2,0,0,0,0
ENSG00000197416,FABP12,0,0,0,0
ENSG00000197428,OR51D1,0.013847413002069977,0,0.4015749770600294,1
ENSG00000197430,OPALIN,0,0,0,0
ENSG00000197461,PDGFA,0,0,0,0
ENSG00000197465,GYPE,0.01217679468723525,0,0.35312704592982236,1
ENSG00000197472,ZNF695,0.3558341216927119,0,6.771357496358279,2
ENSG00000197487,GALP,0,0,0,0
ENSG00000197532,OR6Y1,0,0,0,0
ENSG00000197540,GZMM,0.010157139892418825,0,0.2945570568801459,1
ENSG00000197561,ELANE,0,0,0,0
ENSG00000197614,MFAP5,0.027596958671650205,0,0.8003118014778557,1
ENSG00000197616,MYH6,0.039921577212261895,0,0.6167471521700248,2
ENSG00000197629,MPEG1,0,0,0,0
ENSG00000197646,PDCD1LG2,0,0,0,0
ENSG00000197651,CCER1,0,0,0,0
ENSG00000197683,KRTAP26-1,0,0,0,0
ENSG00000197705,KLHL14,0,0,0,0
ENSG00000197706,OR6C74,0,0,0,0
ENSG00000197745,SCGB1D4,0,0,0,0
ENSG00000197753,LHFPL5,0.019488071361263813,0,0.5651540694766504,1
ENSG00000197768,STPG3,0,0,0,0
ENSG00000197769,MAP1LC3C,0,0,0,0
ENSG00000197790,OR52M1,0,0,0,0
ENSG00000197838,CYP2A13,0,0,0,0
ENSG00000197849,OR8G1,0.10727505738095024,0,2.6627059802778694,2
ENSG00000197859,ADAMTSL2,0.015237442320947715,0,0.4418858273074836,1
ENSG00000197870,PRB3,0,0,0,0
ENSG00000197887,OR1S2,0,0,0,0
ENSG00000197888,UGT2B17,0.01848348324716688,0,0.5360210141678394,1
ENSG00000197891,SLC22A12,0.01037049559986612,0,0.3007443723961176,1
ENSG00000197901,SLC22A6,0,0,0,0
ENSG00000197915,HRNR,0.006755531358142967,0,0.19591040938614607,1
ENSG00000197919,IFNA1,0.03330684598155315,0,0.5360210141678394,2
ENSG00000197921,HES5,0.021267143178276722,0,0.6167471521700248,1
ENSG00000197938,OR5H2,0,0,0,0
ENSG00000197953,AADACL2,0,0,0,0
ENSG00000197991,,0,0,0,0
ENSG00000197992,CLEC9A,0,0,0,0
ENSG00000198021,SPANXA1,0,0,0,0
ENSG00000198033,TUBA3C,0.08052886239658427,0,1.9351811087620163,2
ENSG00000198062,POTEH,0,0,0,0
ENSG00000198074,AKR1B10,0.6355447364139696,0,18.23071940563565,2
ENSG00000198075,SULT1C4,0.013798479335825103,0,0.40015590073892787,1
ENSG00000198077,CYP2A7,0.011884446998913896,0,0.3446489629685029,1
ENSG00000198083,KRTAP9-9,0,0,0,0
ENSG00000198090,KRTAP4-6,0,0,0,0
ENSG00000198092,TMPRSS11F,0.06266258118575203,0,1.2004677022167836,2
ENSG00000198099,ADH4,0.023104555228077875,0,0.3446489629685029,2
ENSG00000198104,OR2T6,0.0413954380074753,0,1.2004677022167836,1
ENSG00000198108,CHSY3,0,0,0,0
ENSG00000198125,MB,0.02816341466978521,0,0.4418858273074836,2
ENSG00000198129,DEFB107B,0,0,0,0
ENSG00000198173,FAM47C,0,0,0,0
ENSG00000198185,ZNF334,0.006899239667912551,0,0.20007795036946394,1
ENSG00000198211,,0,0,0,0
ENSG00000198271,KRTAP4-5,0,0,0,0
ENSG00000198283,OR5B21,0.01217679468723525,0,0.35312704592982236,1
ENSG00000198286,CARD11,0.015286340442607732,0,0.4433038728356243,1
ENSG00000198326,TMEM239,0.01217679468723525,0,0.35312704592982236,1
ENSG00000198390,KRTAP13-1,0,0,0,0
ENSG00000198398,TMEM207,0,0,0,0
ENSG00000198443,KRTAP4-1,0,0,0,0
ENSG00000198445,CCT8L2,0,0,0,0
ENSG00000198471,RTP2,0.011884446998913896,0,0.3446489629685029,1
ENSG00000198515,CNGA1,0.030915219570323272,0,0.896541367539375,1
ENSG00000198523,PLN,0,0,0,0
ENSG00000198535,C2CD4A,0.042534286356553444,0,1.2334943043400497,1
ENSG00000198573,SPANXC,0,0,0,0
ENSG00000198574,SH2D1B,0.11443298281880683,0,2.0850621974053487,2
ENSG00000198597,ZNF536,0.0689923966791255,0,2.0007795036946394,1
ENSG00000198598,MMP17,0.10016278963724765,0,2.1550145032476067,2
ENSG00000198601,OR2M2,0.05162710221849293,0,0.8464196870447849,2
ENSG00000198610,AKR1C4,0,0,0,0
ENSG00000198643,FAM3D,0.07960420331777603,0,1.7675433092299344,2
ENSG00000198650,TAT,0.027596958671650205,0,0.8003118014778557,1
ENSG00000198670,LPA,0.042534286356553444,0,1.2334943043400497,1
ENSG00000198674,OR10G6,0,0,0,0
ENSG00000198691,ABCA4,0.03737412430980797,0,0.8837716546149672,2
ENSG00000198704,GPX6,0,0,0,0
ENSG00000198729,PPP1R14C,0.05596330210195551,0,1.6229357609567099,1
ENSG00000198739,LRRTM3,0.03366032468749195,0,0.9761494159372661,1
ENSG00000198754,OXCT2,0,0,0,0
ENSG00000198758,EPS8L3,0.011884446998913896,0,0.3446489629685029,1
ENSG00000198759,EGFL6,0.022114552454737414,0,0.4418858273074836,2
ENSG00000198765,SYCP1,0,0,0,0
ENSG00000198774,RASSF9,0,0,0,0
ENSG00000198796,ALPK2,0.026506448671771713,0,0.4433038728356243,2
ENSG00000198797,BRINP2,0.013798479335825103,0,0.40015590073892787,1
ENSG00000198798,MAGEB3,0,0,0,0
ENSG00000198812,LRRC10,0.06775667407784688,0,1.7753924394025271,2
ENSG00000198842,STYXL2,0.03449619833956275,0,1.0003897518473197,1
ENSG00000198844,ARHGEF15,0,0,0,0
ENSG00000198848,CES1,0.06989902048164501,0,1.626915693228777,2
ENSG00000198851,CD3E,0,0,0,0
ENSG00000198854,KPLCE,0,0,0,0
ENSG00000198865,CCDC152,0,0,0,0
ENSG00000198883,PNMA5,0,0,0,0
ENSG00000198885,ITPRIPL1,0.006755531358142967,0,0.19591040938614607,1
ENSG00000198889,DCAF12L1,0.018363489519157714,0,0.5325411960555738,1
ENSG00000198914,POU3F3,0,0,0,0
ENSG00000198929,NOS1AP,0.08969011568286317,0,2.6010133548030314,1
ENSG00000198944,SOWAHA,0.04298116644674769,0,0.8031499541200589,2
ENSG00000198965,OR10R2,0,0,0,0
ENSG00000198967,OR10Z1,0,0,0,0
ENSG00000203618,GP1BB,0,0,0,0
ENSG00000203661,OR2T5,0,0,0,0
ENSG00000203685,STUM,0,0,0,0
ENSG00000203727,SAMD5,0,0,0,0
ENSG00000203730,TEDDM1,0,0,0,0
ENSG00000203733,GJE1,0,0,0,0
ENSG00000203737,GPR52,0,0,0,0
ENSG00000203740,NTMT2,0.034269368881504114,0,0.7943755036837178,2
ENSG00000203747,FCGR3A,0,0,0,0
ENSG00000203756,TMEM244,0,0,0,0
ENSG00000203757,OR6K3,0,0,0,0
ENSG00000203782,LORICRIN,0,0,0,0
ENSG00000203783,PRR9,0,0,0,0
ENSG00000203784,LELP1,0,0,0,0
ENSG00000203785,SPRR2E,0.023768893997827792,0,0.6892979259370058,1
ENSG00000203786,KPRP,0.018654434033985173,0,0.5409785869855699,1
ENSG00000203795,FAM24A,0,0,0,0
ENSG00000203805,PLPP4,0,0,0,0
ENSG00000203811,H3C14,0,0,0,0
ENSG00000203837,PNLIPRP3,0,0,0,0
ENSG00000203852,H3C15,0,0,0,0
ENSG00000203857,HSD3B1,0.011884446998913896,0,0.3446489629685029,1
ENSG00000203859,HSD3B2,0,0,0,0
ENSG00000203870,SMIM9,0.011220108229163982,0,0.32538313864575535,1
ENSG00000203877,RIPPLY2,0,0,0,0
ENSG00000203883,SOX18,0,0,0,0
ENSG00000203907,OOEP,0.020266594074428917,0,0.5877312281584383,1
ENSG00000203908,KHDC3L,0,0,0,0
ENSG00000203909,DPPA5,0,0,0,0
ENSG00000203923,SPANXN1,0,0,0,0
ENSG00000203926,SPANXA2,0.010157139892418825,0,0.2945570568801459,1
ENSG00000203933,CXorf66,0.03730886806797035,0,1.0819571739711398,1
ENSG00000203942,C10orf62,0,0,0,0
ENSG00000203952,CCDC160,0.018654434033985173,0,0.5409785869855699,1
ENSG00000203970,DEFB110,0,0,0,0
ENSG00000203972,GLYATL3,0,0,0,0
ENSG00000203989,RHOXF2B,0,0,0,0
ENSG00000204001,LCN8,0.01112173051012653,0,0.32253018479366935,1
ENSG00000204006,C1orf185,0,0,0,0
ENSG00000204007,GLT6D1,0,0,0,0
ENSG00000204019,CT83,0,0,0,0
ENSG00000204021,LIPK,0,0,0,0
ENSG00000204022,LIPJ,0,0,0,0
ENSG00000204033,LRIT2,0.006899239667912551,0,0.20007795036946394,1
ENSG00000204060,FOXO6,0,0,0,0
ENSG00000204065,TCEAL5,0,0,0,0
ENSG00000204071,TCEAL6,0,0,0,0
ENSG00000204140,CLPSL1,0,0,0,0
ENSG00000204174,NPY4R,0,0,0,0
ENSG00000204175,GPRIN2,0,0,0,0
ENSG00000204179,PTPN20,0,0,0,0
ENSG00000204193,TXNDC8,0.010157139892418825,0,0.2945570568801459,1
ENSG00000204195,AWAT1,0,0,0,0
ENSG00000204246,OR13C3,0,0,0,0
ENSG00000204252,HLA-DOA,0.037351994775685134,0,0.8837716546149672,2
ENSG00000204278,TMEM235,0,0,0,0
ENSG00000204279,PAGE3,0,0,0,0
ENSG00000204290,BTNL2,0,0,0,0
ENSG00000204300,TMEM225,0,0,0,0
ENSG00000204334,ERICH2,0.010157139892418825,0,0.2945570568801459,1
ENSG00000204335,SP5,0,0,0,0
ENSG00000204345,CD300LD,0.05596330210195551,0,1.6229357609567099,1
ENSG00000204361,NXPE2,0,0,0,0
ENSG00000204363,SPANXN5,0,0,0,0
ENSG00000204366,ZBTB12,0.03540122703640968,0,0.6348147652835887,2
ENSG00000204379,XAGE1A,0,0,0,0
ENSG00000204382,XAGE1B,0,0,0,0
ENSG00000204414,CSHL1,0,0,0,0
ENSG00000204424,LY6G6F,0,0,0,0
ENSG00000204442,NALF1,0.03377765679071482,0,0.9795520469307304,1
ENSG00000204449,TRIM49C,0.05478451749542881,0,1.5887510073674356,1
ENSG00000204450,TRIM64,0,0,0,0
ENSG00000204475,NCR3,0,0,0,0
ENSG00000204478,PRAMEF20,0,0,0,0
ENSG00000204479,PRAMEF17,0,0,0,0
ENSG00000204480,PRAMEF19,0,0,0,0
ENSG00000204481,PRAMEF14,0,0,0,0
ENSG00000204501,PRAMEF15,0,0,0,0
ENSG00000204505,PRAMEF9,0,0,0,0
ENSG00000204510,PRAMEF7,0,0,0,0
ENSG00000204511,MCCD1,0,0,0,0
ENSG00000204518,AADACL4,0,0,0,0
ENSG00000204538,PSORS1C2,0.006536245132932125,0,0.18955110885503168,1
ENSG00000204539,CDSN,0,0,0,0
ENSG00000204542,C6orf15,0,0,0,0
ENSG00000204544,MUC21,0,0,0,0
ENSG00000204548,DEFB121,0.018654434033985173,0,0.5409785869855699,1
ENSG00000204571,KRTAP5-11,0,0,0,0
ENSG00000204583,LRCOL1,0,0,0,0
ENSG00000204595,DPRX,0.08716404898022605,0,1.9591040938614608,2
ENSG00000204610,TRIM15,0,0,0,0
ENSG00000204612,FOXB2,0,0,0,0
ENSG00000204613,TRIM10,0.018654434033985173,0,0.5409785869855699,1
ENSG00000204614,TRIM40,0.015352472503414693,0,0.4452217025990262,1
ENSG00000204624,DISP3,0.019488071361263813,0,0.5651540694766504,1
ENSG00000204644,ZFP57,0,0,0,0
ENSG00000204653,ASPDH,0.015457609785161636,0,0.4482706837696875,1
ENSG00000204655,MOG,0,0,0,0
ENSG00000204669,C9orf57,0,0,0,0
ENSG00000204671,IL31,0,0,0,0
ENSG00000204695,OR14J1,0,0,0,0
ENSG00000204700,OR2J2,0,0,0,0
ENSG00000204701,OR2J3,0,0,0,0
ENSG00000204703,OR2B3,0,0,0,0
ENSG00000204704,OR2W1,0,0,0,0
ENSG00000204711,CFAP95,0.13745814837168588,0,3.7868501088989897,2
ENSG00000204740,MALRD1,0.011884446998913896,0,0.3446489629685029,1
ENSG00000204764,RANBP17,0.05315063237354793,0,1.0003897518473197,2
ENSG00000204779,FOXD4L5,0.006755531358142967,0,0.19591040938614607,1
ENSG00000204849,SPATA31A1,0,0,0,0
ENSG00000204851,PNMA8B,0,0,0,0
ENSG00000204873,KRTAP9-3,0,0,0,0
ENSG00000204880,KRTAP4-8,0,0,0,0
ENSG00000204882,GPR20,0,0,0,0
ENSG00000204887,KRTAP1-4,0,0,0,0
ENSG00000204889,KRT40,0.12133526859953266,0,3.1740738264179433,2
ENSG00000204897,KRT25,0,0,0,0
ENSG00000204909,SPINK9,0.01217679468723525,0,0.35312704592982236,1
ENSG00000204918,PRR20B,0,0,0,0
ENSG00000204919,PRR20A,0,0,0,0
ENSG00000204928,GRXCR2,0.015457609785161636,0,0.4482706837696875,1
ENSG00000204930,FAM221B,0.05218236274859999,0,0.896541367539375,2
ENSG00000204936,CD177,0.018654434033985173,0,0.5409785869855699,1
ENSG00000204941,PSG5,0.05290907448841703,0,1.3448120513090625,2
ENSG00000204962,PCDHA8,0.030915219570323272,0,0.896541367539375,1
ENSG00000204963,PCDHA7,0.10348859501868822,0,3.001169255541959,1
ENSG00000204965,PCDHA5,0,0,0,0
ENSG00000204967,PCDHA4,0.05130696993459252,0,1.058024608805981,2
ENSG00000204978,ERICH4,0,0,0,0
ENSG00000204979,MS4A13,0,0,0,0
ENSG00000204983,PRSS1,0,0,0,0
ENSG00000205029,OR5D16,0,0,0,0
ENSG00000205030,OR5L2,0,0,0,0
ENSG00000205038,PKHD1L1,0.07691651974559922,0,1.8007015533251756,2
ENSG00000205076,LGALS7,0,0,0,0
ENSG00000205097,FRG2,0,0,0,0
ENSG00000205108,SPATA31F1,0,0,0,0
ENSG00000205111,CDKL4,0.007568134343103082,0,0.21947589594998934,1
ENSG00000205116,TMEM88B,0,0,0,0
ENSG00000205126,ACCSL,0.0413954380074753,0,1.2004677022167836,1
ENSG00000205143,ARID3C,0.025614749677580453,0,0.4482706837696875,2
ENSG00000205177,C11orf91,0,0,0,0
ENSG00000205186,FABP9,0,0,0,0
ENSG00000205221,VIT,0,0,0,0
ENSG00000205279,CTXN3,0,0,0,0
ENSG00000205301,MGAT4D,0.03429149841562696,0,0.7943755036837178,2
ENSG00000205307,SAP25,0,0,0,0
ENSG00000205327,OR6C68,0,0,0,0
ENSG00000205328,OR6C65,0,0,0,0
ENSG00000205329,OR6C3,0,0,0,0
ENSG00000205330,OR6C1,0,0,0,0
ENSG00000205358,MT1H,0,0,0,0
ENSG00000205359,SLCO6A1,0,0,0,0
ENSG00000205363,INSYN1,0,0,0,0
ENSG00000205364,MT1M,0,0,0,0
ENSG00000205403,CFI,0.03395954127021386,0,0.5409785869855699,2
ENSG00000205409,OR52E6,0,0,0,0
ENSG00000205426,KRT81,0,0,0,0
ENSG00000205436,EXOC3L4,0.011884446998913896,0,0.3446489629685029,1
ENSG00000205439,KRTAP12-3,0,0,0,0
ENSG00000205442,IZUMO3,0,0,0,0
ENSG00000205445,KRTAP10-2,0,0,0,0
ENSG00000205457,TP53TG3C,0,0,0,0
ENSG00000205495,OR52J3,0,0,0,0
ENSG00000205496,OR51A2,0,0,0,0
ENSG00000205497,OR51A4,0,0,0,0
ENSG00000205502,C2CD4B,0,0,0,0
ENSG00000205517,RGL3,0,0,0,0
ENSG00000205642,VCX3B,0,0,0,0
ENSG00000205667,ARSH,0,0,0,0
ENSG00000205669,ACOT6,0,0,0,0
ENSG00000205670,SMIM11,0,0,0,0
ENSG00000205678,TECRL,0,0,0,0
ENSG00000205693,MANSC4,0,0,0,0
ENSG00000205718,MBD3L4,0,0,0,0
ENSG00000205777,GAGE1,0,0,0,0
ENSG00000205784,ARRDC5,0.05928299360366045,0,1.1782282275205835,2
ENSG00000205795,CYS1,0,0,0,0
ENSG00000205809,KLRC2,0,0,0,0
ENSG00000205810,KLRC3,0,0,0,0
ENSG00000205832,C16orf96,0,0,0,0
ENSG00000205835,GMNC,0.020675589469614803,0,0.40015590073892787,2
ENSG00000205857,NANOGNB,0,0,0,0
ENSG00000205858,LRRC72,0,0,0,0
ENSG00000205864,KRTAP5-6,0.01217679468723525,0,0.35312704592982236,1
ENSG00000205867,KRTAP5-2,0,0,0,0
ENSG00000205882,DEFB134,0,0,0,0
ENSG00000205883,DEFB135,0,0,0,0
ENSG00000205884,DEFB136,0,0,0,0
ENSG00000205899,BHLHA9,0,0,0,0
ENSG00000205916,DAZ4,0,0,0,0
ENSG00000205922,ONECUT3,0,0,0,0
ENSG00000205923,CEMP1,0,0,0,0
ENSG00000205927,OLIG2,0,0,0,0
ENSG00000205944,DAZ2,0,0,0,0
ENSG00000205978,NYNRIN,0,0,0,0
ENSG00000206013,IFITM5,0,0,0,0
ENSG00000206026,SMIM21,0,0,0,0
ENSG00000206043,C18orf63,0,0,0,0
ENSG00000206047,DEFA1,0,0,0,0
ENSG00000206069,LHFPL7,0.01217679468723525,0,0.35312704592982236,1
ENSG00000206072,SERPINB11,0.00924174162358344,0,0.2680105070839197,1
ENSG00000206102,KRTAP19-8,0,0,0,0
ENSG00000206104,KRTAP20-3,0,0,0,0
ENSG00000206105,KRTAP20-4,0,0,0,0
ENSG00000206106,KRTAP22-2,0,0,0,0
ENSG00000206107,KRTAP27-1,0,0,0,0
ENSG00000206127,GOLGA8O,0.013511062716285934,0,0.39182081877229213,1
ENSG00000206150,RNASE13,0,0,0,0
ENSG00000206172,HBA1,0,0,0,0
ENSG00000206177,HBM,0,0,0,0
ENSG00000206181,ELOA2,0,0,0,0
ENSG00000206203,TSSK2,0,0,0,0
ENSG00000206260,PRR23A,0,0,0,0
ENSG00000206262,FOXL2NB,0.0682255182413255,0,1.1782282275205835,2
ENSG00000206422,LRRC30,0,0,0,0
ENSG00000206432,TMEM200C,0,0,0,0
ENSG00000206531,CD200R1L,0,0,0,0
ENSG00000206536,OR5K3,0,0,0,0
ENSG00000206538,VGLL3,0,0,0,0
ENSG00000206549,,0,0,0,0
ENSG00000206557,TRIM71,0,0,0,0
ENSG00000206579,XKR4,0.02539458221336653,0,0.4418858273074836,2
ENSG00000211448,DIO2,0.0272135194527502,0,0.5891141137602918,2
ENSG00000212122,TSSK1B,0,0,0,0
ENSG00000212128,TAS2R13,0.03921747079759277,0,1.13730665313019,1
ENSG00000212657,KRTAP16-1,0,0,0,0
ENSG00000212658,KRTAP29-1,0,0,0,0
ENSG00000212659,KRTAP9-6,0,0,0,0
ENSG00000212710,CTAGE1,0,0,0,0
ENSG00000212721,KRTAP4-11,0,0,0,0
ENSG00000212722,KRTAP4-9,0.012925972348837507,0,0.3748531981162877,1
ENSG00000212724,KRTAP2-3,0.11485763269416234,0,2.6801050708391974,2
ENSG00000212725,KRTAP2-1,0,0,0,0
ENSG00000212807,OR2A42,0,0,0,0
ENSG00000212899,KRTAP3-3,0,0,0,0
ENSG00000212900,KRTAP3-2,0,0,0,0
ENSG00000212901,KRTAP3-1,0,0,0,0
ENSG00000212933,KRTAP12-4,0,0,0,0
ENSG00000212935,KRTAP10-3,0,0,0,0
ENSG00000212938,KRTAP6-3,0,0,0,0
ENSG00000212993,POU5F1B,0.018654434033985173,0,0.5409785869855699,1
ENSG00000213022,KLK9,0,0,0,0
ENSG00000213030,CGB8,0.01848348324716688,0,0.5360210141678394,1
ENSG00000213088,ACKR1,0,0,0,0
ENSG00000213145,CRIP1,0.03389187635493289,0,0.5409785869855699,2
ENSG00000213171,LINGO4,0,0,0,0
ENSG00000213214,ARHGEF35,0,0,0,0
ENSG00000213218,CSH2,0.06451707464522607,0,0.9873239940711194,2
ENSG00000213231,TCL1B,0,0,0,0
ENSG00000213265,TSGA13,0.011220108229163982,0,0.32538313864575535,1
ENSG00000213297,ZNF625-ZNF20,0,0,0,0
ENSG00000213402,PTPRCAP,0,0,0,0
ENSG00000213413,PVRIG,0,0,0,0
ENSG00000213416,KRTAP4-12,0,0,0,0
ENSG00000213417,KRTAP2-4,0,0,0,0
ENSG00000213424,KRT222,0.018363489519157714,0,0.5325411960555738,1
ENSG00000213578,CPLX3,0,0,0,0
ENSG00000213588,ZBTB9,0,0,0,0
ENSG00000213648,SULT1A4,0,0,0,0
ENSG00000213689,TREX1,0,0,0,0
ENSG00000213694,S1PR3,0.00851141374199241,0,0.24683099851777984,1
ENSG00000213759,UGT2B11,0.014823362734386267,0,0.42987751929720186,1
ENSG00000213780,GTF2H4,0.020602944360212948,0,0.4015749770600294,2
ENSG00000213809,KLRK1,0,0,0,0
ENSG00000213822,CEACAM18,0.02852062941157656,0,0.5325411960555738,2
ENSG00000213886,UBD,0,0,0,0
ENSG00000213892,CEACAM16,0,0,0,0
ENSG00000213921,LEUTX,0,0,0,0
ENSG00000213927,CCL27,0,0,0,0
ENSG00000213934,HBG1,0,0,0,0
ENSG00000213973,ZNF99,0.025443480335026553,0,0.4433038728356243,2
ENSG00000213996,TM6SF2,0,0,0,0
ENSG00000214097,SMCO1,0.011884446998913896,0,0.3446489629685029,1
ENSG00000214107,MAGEB1,0,0,0,0
ENSG00000214140,PRCD,0.01037049559986612,0,0.3007443723961176,1
ENSG00000214216,IQCJ,0.013798479335825103,0,0.40015590073892787,1
ENSG00000214265,,0,0,0,0
ENSG00000214285,NPS,0,0,0,0
ENSG00000214290,POU2AF3,0,0,0,0
ENSG00000214324,PRR23E,0,0,0,0
ENSG00000214336,FOXI3,0,0,0,0
ENSG00000214338,SOGA3,0,0,0,0
ENSG00000214360,EFCAB9,0,0,0,0
ENSG00000214376,VSTM5,0.2699786932815261,0,7.82938210516426,1
ENSG00000214402,LCNL1,0,0,0,0
ENSG00000214414,TRIM77,0,0,0,0
ENSG00000214415,GNAT3,0,0,0,0
ENSG00000214435,AS3MT,0,0,0,0
ENSG00000214447,FAM187A,0,0,0,0
ENSG00000214491,SEC14L6,0,0,0,0
ENSG00000214510,SPINK13,0,0,0,0
ENSG00000214513,NOTO,0.006899239667912551,0,0.20007795036946394,1
ENSG00000214518,KRTAP2-2,0,0,0,0
ENSG00000214642,DEFB113,0,0,0,0
ENSG00000214652,ZNF727,0.017938629942969204,0,0.3007443723961176,2
ENSG00000214681,IQCF5,0,0,0,0
ENSG00000214686,IQCF6,0.01217679468723525,0,0.35312704592982236,1
ENSG00000214688,C10orf105,0,0,0,0
ENSG00000214694,ARHGEF33,0.06755531358142965,0,1.9591040938614608,1
ENSG00000214700,C12orf71,0,0,0,0
ENSG00000214736,TOMM6,0,0,0,0
ENSG00000214782,MS4A18,0,0,0,0
ENSG00000214814,FER1L6,0.10722647772163751,0,1.876073549587438,2
ENSG00000214819,CDRT15L2,0,0,0,0
ENSG00000214842,RAD51AP2,0,0,0,0
ENSG00000214860,EVPLL,0,0,0,0
ENSG00000214866,DCDC2C,0.015305107236228677,0,0.4438481098506318,1
ENSG00000214891,TRIM64C,0,0,0,0
ENSG00000214929,SPATA31D1,0.013696129373857202,0,0.3971877518418589,1
ENSG00000214940,NPIPA8,0,0,0,0
ENSG00000214943,GPR33,0.020746652669982525,0,0.4015749770600294,2
ENSG00000214946,TBC1D26,0.006755531358142967,0,0.19591040938614607,1
ENSG00000214967,NPIPA7,0,0,0,0
ENSG00000215009,ACSM4,0.04149330533996505,0,0.8031499541200589,2
ENSG00000215029,TCP11X2,0,0,0,0
ENSG00000215113,CXorf49B,0,0,0,0
ENSG00000215115,CXorf49,0,0,0,0
ENSG00000215131,C16orf90,0.013847413002069977,0,0.4015749770600294,1
ENSG00000215182,MUC5AC,0.037137917281152046,0,0.5409785869855699,2
ENSG00000215183,MSMP,0,0,0,0
ENSG00000215186,GOLGA6B,0,0,0,0
ENSG00000215187,CIMIP2B,0.006877110133789707,0,0.19943619387990152,1
ENSG00000215203,GRXCR1,0,0,0,0
ENSG00000215262,KCNU1,0.03024793651807161,0,0.5325411960555738,2
ENSG00000215269,GAGE12G,0,0,0,0
ENSG00000215274,GAGE10,0,0,0,0
ENSG00000215343,ZNF705D,0,0,0,0
ENSG00000215356,ZNF705B,0,0,0,0
ENSG00000215372,ZNF705G,0.030915219570323272,0,0.896541367539375,2
ENSG00000215397,SCRT2,0,0,0,0
ENSG00000215454,KRTAP10-4,0,0,0,0
ENSG00000215455,KRTAP10-1,0,0,0,0
ENSG00000215472,RPL17-C18orf32,0,0,0,0
ENSG00000215474,SKOR2,0,0,0,0
ENSG00000215475,SIAH3,0.05124552801399043,0,1.1915632555255766,2
ENSG00000215545,DEFB116,0,0,0,0
ENSG00000215547,DEFB115,0,0,0,0
ENSG00000215568,GAB4,0,0,0,0
ENSG00000215612,HMX1,0.02604347096355025,0,0.42987751929720186,2
ENSG00000215644,GCGR,0.006899239667912551,0,0.20007795036946394,1
ENSG00000215695,RSC1A1,0,0,0,0
ENSG00000215853,RPTN,0,0,0,0
ENSG00000215906,LACTBL1,0,0,0,0
ENSG00000216588,IGSF23,0,0,0,0
ENSG00000216649,GAGE12E,0,0,0,0
ENSG00000217236,SP9,0,0,0,0
ENSG00000218336,TENM3,0,0,0,0
ENSG00000218819,TDRD15,0.10111029760280053,0,1.8502414565100747,2
ENSG00000218823,PAPOLB,0,0,0,0
ENSG00000219073,CELA3B,0.02069771900373765,0,0.6002338511083918,1
ENSG00000219435,CATSPERZ,0,0,0,0
ENSG00000219607,PPP1R3G,0,0,0,0
ENSG00000220201,ZGLP1,0.04269736598394309,0,0.7943755036837178,2
ENSG00000221813,OR6B1,0,0,0,0
ENSG00000221818,EBF2,0,0,0,0
ENSG00000221826,PSG3,0.05146372000196774,0,0.8031499541200589,2
ENSG00000221836,OR2A5,0,0,0,0
ENSG00000221837,KRTAP10-9,0,0,0,0
ENSG00000221840,OR4A5,0,0,0,0
ENSG00000221852,KRTAP1-5,0.21489380366506322,0,5.783649622517144,2
ENSG00000221855,TAS2R41,0,0,0,0
ENSG00000221858,OR2A12,0,0,0,0
ENSG00000221859,KRTAP10-10,0,0,0,0
ENSG00000221864,KRTAP12-2,0,0,0,0
ENSG00000221867,MAGEA3,0.08869789749656669,0,2.2776819705202875,4
ENSG00000221874,ZNF816-ZNF321P,0,0,0,0
ENSG00000221878,PSG7,0.01112173051012653,0,0.32253018479366935,1
ENSG00000221880,KRTAP1-3,0,0,0,0
ENSG00000221882,OR3A2,0.018654434033985173,0,0.5409785869855699,1
ENSG00000221887,HMSD,0.03047488464189543,0,0.8837716546149672,1
ENSG00000221890,NPTXR,0.05269142624897226,0,1.2334943043400497,2
ENSG00000221900,POM121L12,0,0,0,0
ENSG00000221910,OR2F2,0,0,0,0
ENSG00000221931,OR6X1,0,0,0,0
ENSG00000221932,HEPN1,0,0,0,0
ENSG00000221933,OR2A25,0,0,0,0
ENSG00000221937,TAS2R40,0,0,0,0
ENSG00000221938,OR2A14,0.006899239667912551,0,0.20007795036946394,1
ENSG00000221954,OR4C12,0,0,0,0
ENSG00000221970,OR2A1,0,0,0,0
ENSG00000221977,OR4E2,0,0,0,0
ENSG00000221989,OR2A2,0,0,0,0
ENSG00000222018,C21orf140,0,0,0,0
ENSG00000222028,PSMB11,0,0,0,0
ENSG00000222036,POTEM,0,0,0,0
ENSG00000223417,TRIM49D1,0,0,0,0
ENSG00000223443,USP17L2,0,0,0,0
ENSG00000223569,USP17L15,0,0,0,0
ENSG00000223572,CKMT1A,0.03047488464189543,0,0.8837716546149672,2
ENSG00000223601,EBLN1,0,0,0,0
ENSG00000223614,ZNF735,0.021267143178276722,0,0.6167471521700248,1
ENSG00000223638,RFPL4A,0,0,0,0
ENSG00000223953,C1QTNF5,0,0,0,0
ENSG00000224089,CT47A10,0,0,0,0
ENSG00000224389,C4B,0,0,0,0
ENSG00000224586,GPX5,0,0,0,0
ENSG00000224659,GAGE12J,0,0,0,0
ENSG00000224902,GAGE12H,0,0,0,0
ENSG00000224916,APOC4-APOC2,0,0,0,0
ENSG00000224940,PRRT4,0,0,0,0
ENSG00000225327,USP17L3,0,0,0,0
ENSG00000225614,ZNF469,0.011220108229163982,0,0.32538313864575535,1
ENSG00000225781,OR6V1,0.021267143178276722,0,0.6167471521700248,1
ENSG00000225899,FRG2B,0.042534286356553444,0,1.2334943043400497,1
ENSG00000226023,CT47A6,0,0,0,0
ENSG00000226288,OR52I2,0,0,0,0
ENSG00000226372,DCAF8L1,0,0,0,0
ENSG00000226430,USP17L7,0.030704945006829385,0,0.8904434051980524,1
ENSG00000226600,CT47A9,0,0,0,0
ENSG00000226685,CT47A12,0,0,0,0
ENSG00000226761,TAS2R46,0.014823362734386267,0,0.42987751929720186,1
ENSG00000226929,CT47A11,0,0,0,0
ENSG00000226941,RBMY1J,0,0,0,0
ENSG00000227059,ANHX,0,0,0,0
ENSG00000227140,USP17L5,0,0,0,0
ENSG00000227151,PRR20D,0,0,0,0
ENSG00000227152,OR2T7,0,0,0,0
ENSG00000227234,SPANXB1,0,0,0,0
ENSG00000227471,AKR1B15,0,0,0,0
ENSG00000227488,GAGE12D,0,0,0,0
ENSG00000227551,USP17L12,0,0,0,0
ENSG00000227729,RD3L,0,0,0,0
ENSG00000227868,TEX46,0.039921577212261895,0,0.6167471521700248,2
ENSG00000228075,BOD1L2,0,0,0,0
ENSG00000228083,IFNA14,0.015457609785161636,0,0.4482706837696875,1
ENSG00000228198,OR2M3,0,0,0,0
ENSG00000228517,CT47A7,0,0,0,0
ENSG00000228567,VN1R4,0,0,0,0
ENSG00000228570,NUTM2E,0.012925972348837507,0,0.3748531981162877,1
ENSG00000228607,CLDN25,0,0,0,0
ENSG00000228727,SAPCD1,0.007296721440041249,0,0.21160492176119622,1
ENSG00000228836,CT45A5,0,0,0,0
ENSG00000228856,USP17L30,0,0,0,0
ENSG00000228927,TSPY3,0,0,0,0
ENSG00000229183,PGA4,0,0,0,0
ENSG00000229292,RFPL4AL1,0.027481901923463926,0,0.4438481098506318,2
ENSG00000229314,ORM1,0.015457609785161636,0,0.4482706837696875,1
ENSG00000229453,SPINK8,0.013798479335825103,0,0.40015590073892787,1
ENSG00000229544,NKX1-2,0,0,0,0
ENSG00000229549,TSPY8,0,0,0,0
ENSG00000229571,PRAMEF25,0.006899239667912551,0,0.20007795036946394,2
ENSG00000229579,USP17L26,0,0,0,0
ENSG00000229637,PRAC2,0.011884446998913896,0,0.3446489629685029,1
ENSG00000229665,PRR20C,0,0,0,0
ENSG00000229859,PGA3,0,0,0,0
ENSG00000229924,FAM90A26,0,0,0,0
ENSG00000229937,PRPS1L1,0,0,0,0
ENSG00000229972,IQCF3,0.06536245132932128,0,1.8955110885503168,1
ENSG00000230031,POTEB2,0,0,0,0
ENSG00000230062,ANKRD66,0.03730886806797035,0,1.0819571739711398,1
ENSG00000230178,OR4F3,0,0,0,0
ENSG00000230301,OR5H6,0,0,0,0
ENSG00000230347,CT47A8,0,0,0,0
ENSG00000230430,USP17L25,0,0,0,0
ENSG00000230522,MBD3L2,0,0,0,0
ENSG00000230549,USP17L1,0.007676236251707347,0,0.2226108512995131,2
ENSG00000230594,CT47A4,0,0,0,0
ENSG00000230657,PRB4,0,0,0,0
ENSG00000230667,SETSIP,0.011220108229163982,0,0.32538313864575535,1
ENSG00000230873,STMND1,0,0,0,0
ENSG00000231051,USP17L28,0,0,0,0
ENSG00000231068,KRTAP21-3,0,0,0,0
ENSG00000231192,OR5H1,0,0,0,0
ENSG00000231213,PLSCR5,0.01217679468723525,0,0.35312704592982236,1
ENSG00000231256,CFAP97D1,0.027392258747714403,0,0.7943755036837178,1
ENSG00000231274,SBK3,0,0,0,0
ENSG00000231396,USP17L10,0,0,0,0
ENSG00000231637,USP17L29,0,0,0,0
ENSG00000231738,TSPAN19,0.13058103823789616,0,3.7868501088989897,1
ENSG00000231852,CYP21A2,0,0,0,0
ENSG00000231861,OR5K2,0.04334285484262973,0,0.8597550385944037,2
ENSG00000231924,PSG1,0,0,0,0
ENSG00000232040,SCAND3,0.01037049559986612,0,0.3007443723961176,1
ENSG00000232125,DYTN,0.05078569946209414,0,1.4727852844007296,1
ENSG00000232258,TMEM114,0.03935215303772282,0,0.6002338511083918,2
ENSG00000232263,KRTAP25-1,0,0,0,0
ENSG00000232264,USP17L24,0,0,0,0
ENSG00000232268,OR52I1,0.028519492108243488,0,0.42987751929720186,2
ENSG00000232382,OR5K1,0,0,0,0
ENSG00000232399,USP17L13,0,0,0,0
ENSG00000232423,PRAMEF6,0,0,0,0
ENSG00000232629,HLA-DQB2,0.12189953856758172,0,3.535086618459869,1
ENSG00000232948,DEFB130A,0,0,0,0
ENSG00000233041,PHGR1,0,0,0,0
ENSG00000233050,DEFB130B,0,0,0,0
ENSG00000233136,USP17L11,0,0,0,0
ENSG00000233232,NPIPB7,0,0,0,0
ENSG00000233412,OR5H15,0,0,0,0
ENSG00000233670,PIRT,0,0,0,0
ENSG00000233701,PRR23C,0,0,0,0
ENSG00000233802,TRIM49D2,0,0,0,0
ENSG00000233803,TSPY4,0,0,0,0
ENSG00000233816,IFNA13,0.03921747079759277,0,1.13730665313019,1
ENSG00000233917,POTEB,0,0,0,0
ENSG00000233932,CTXN2,0,0,0,0
ENSG00000234068,PAGE2,0,0,0,0
ENSG00000234224,TMEM229A,0.04488043291665593,0,1.3015325545830214,1
ENSG00000234278,PRR20E,0,0,0,0
ENSG00000234289,H2BC12L,0,0,0,0
ENSG00000234414,RBMY1A1,0,0,0,0
ENSG00000234438,KBTBD13,0,0,0,0
ENSG00000234560,OR10G8,0,0,0,0
ENSG00000234602,MCIDAS,0,0,0,0
ENSG00000234776,FREY1,0.026051617590269954,0,0.5360210141678394,2
ENSG00000234829,IFNA17,0.042548587605136585,0,0.8040315212517591,2
ENSG00000234857,HNRNPUL2-BSCL2,0.006536245132932125,0,0.18955110885503168,1
ENSG00000234906,APOC2,0,0,0,0
ENSG00000235098,ANKRD65,0.10014928030371553,0,2.70489293492785,2
ENSG00000235169,SMIM1,0,0,0,0
ENSG00000235268,KDM4E,0,0,0,0
ENSG00000235376,RPEL1,0.025443480335026553,0,0.4433038728356243,2
ENSG00000235608,NKX1-1,0.014823362734386267,0,0.42987751929720186,1
ENSG00000235631,RNF148,0,0,0,0
ENSG00000235711,ANKRD34C,0,0,0,0
ENSG00000235718,MFRP,0,0,0,0
ENSG00000235780,USP17L27,0,0,0,0
ENSG00000235942,LCE6A,0,0,0,0
ENSG00000236027,PATE3,0,0,0,0
ENSG00000236032,OR5H14,0.013847413002069977,0,0.4015749770600294,1
ENSG00000236125,USP17L4,0,0,0,0
ENSG00000236126,CT47A3,0,0,0,0
ENSG00000236279,CLEC2L,0.013847413002069977,0,0.4015749770600294,1
ENSG00000236334,PPIAL4G,0.028144253312066426,0,0.6167471521700248,2
ENSG00000236362,GAGE12F,0,0,0,0
ENSG00000236371,CT47A1,0,0,0,0
ENSG00000236396,SLC35G4,0,0,0,0
ENSG00000236398,TAS2R39,0.019488071361263813,0,0.5651540694766504,1
ENSG00000236424,TSPY10,0,0,0,0
ENSG00000236446,CT47B1,0,0,0,0
ENSG00000236609,ZNF853,0.011884446998913896,0,0.3446489629685029,1
ENSG00000236637,IFNA4,0,0,0,0
ENSG00000236737,GAGE12B,0,0,0,0
ENSG00000236761,CTAGE9,0,0,0,0
ENSG00000236980,C3orf84,0.018654434033985173,0,0.5409785869855699,1
ENSG00000236981,OR10G9,0,0,0,0
ENSG00000237038,USP17L8,0,0,0,0
ENSG00000237110,TAAR9,0,0,0,0
ENSG00000237136,C4orf51,0,0,0,0
ENSG00000237247,MBD3L5,0,0,0,0
ENSG00000237289,CKMT1B,0.07393393298866752,0,2.1440840566713577,2
ENSG00000237330,RNF223,0,0,0,0
ENSG00000237353,PATE4,0.03336519153037959,0,0.9675905543810082,1
ENSG00000237388,OR4A47,0,0,0,0
ENSG00000237521,OR7E24,0.013798479335825103,0,0.40015590073892787,1
ENSG00000237671,GAGE12C,0,0,0,0
ENSG00000237763,AMY1A,0,0,0,0
ENSG00000237957,CT47A5,0,0,0,0
ENSG00000238074,TSPY9,0,0,0,0
ENSG00000238269,PAGE2B,0,0,0,0
ENSG00000239389,PCDHA13,0.08284165402403744,0,1.9591040938614608,2
ENSG00000239605,STPG4,0.015286340442607732,0,0.4433038728356243,1
ENSG00000239810,PRAMEF11,0,0,0,0
ENSG00000239839,DEFA3,0,0,0,0
ENSG00000239886,KRTAP9-2,0,0,0,0
ENSG00000239887,C1orf226,0.09457743901400156,0,2.7427457314060453,1
ENSG00000239961,LILRA4,0,0,0,0
ENSG00000240247,DEFA1B,0,0,0,0
ENSG00000240386,LCE1F,0.019488071361263813,0,0.5651540694766504,1
ENSG00000240403,KIR3DL2,0.03449619833956275,0,1.0003897518473197,1
ENSG00000240432,KRTAP13-3,0,0,0,0
ENSG00000240505,TNFRSF13B,0,0,0,0
ENSG00000240542,KRTAP9-1,0.011220108229163982,0,0.32538313864575535,1
ENSG00000240563,L1TD1,0.010157139892418825,0,0.2945570568801459,1
ENSG00000240654,C1QTNF9,0,0,0,0
ENSG00000240747,KRBOX1,0,0,0,0
ENSG00000240764,PCDHGC5,0.07463896872837014,0,1.7673423412808755,2
ENSG00000240871,KRTAP4-7,0,0,0,0
ENSG00000241119,UGT1A9,0,0,0,0
ENSG00000241123,KRTAP10-5,0,0,0,0
ENSG00000241186,TDGF1,0.011884446998913896,0,0.3446489629685029,1
ENSG00000241233,KRTAP5-8,0.0352933592138534,0,0.8040315212517591,2
ENSG00000241241,KRTAP4-16,0,0,0,0
ENSG00000241322,FBXW10B,0.07479025235658296,0,1.7673423412808755,2
ENSG00000241399,CD302,0.03235056340784238,0,0.5409785869855699,2
ENSG00000241476,SSX2,0,0,0,0
ENSG00000241595,KRTAP9-4,0,0,0,0
ENSG00000241598,KRTAP5-4,0,0,0,0
ENSG00000241635,UGT1A1,0,0,0,0
ENSG00000241644,INMT,0,0,0,0
ENSG00000241697,TMEFF1,0,0,0,0
ENSG00000241794,SPRR2A,0.05809315511683108,0,1.3400525354195987,2
ENSG00000242019,KIR3DL3,0,0,0,0
ENSG00000242173,ARHGDIG,0.020527635492284948,0,0.3007443723961176,2
ENSG00000242221,PSG2,0.08097052924071237,0,1.2901207391746774,2
ENSG00000242265,PEG10,0,0,0,0
ENSG00000242362,CT47A2,0,0,0,0
ENSG00000242366,UGT1A8,0,0,0,0
ENSG00000242389,RBMY1E,0,0,0,0
ENSG00000242419,PCDHGC4,0,0,0,0
ENSG00000242441,GTF2A1L,0,0,0,0
ENSG00000242498,ARPIN,0.06909026401161526,0,1.2004677022167836,2
ENSG00000242515,UGT1A10,0.01037049559986612,0,0.3007443723961176,1
ENSG00000242550,SERPINB10,0.05857601124624707,0,1.0819571739711398,2
ENSG00000242866,STRC,0.015305107236228677,0,0.4438481098506318,1
ENSG00000242875,RBMY1B,0,0,0,0
ENSG00000243073,PRAMEF4,0,0,0,0
ENSG00000243130,PSG11,0,0,0,0
ENSG00000243207,PPAN-P2RY11,0,0,0,0
ENSG00000243232,PCDHAC2,0.027596958671650205,0,0.8003118014778557,1
ENSG00000243414,TICAM2,0.007676236251707346,0,0.2226108512995131,1
ENSG00000243489,KRTAP10-11,0,0,0,0
ENSG00000243509,TNFRSF6B,0,0,0,0
ENSG00000243543,WFDC6,0.04638064533847665,0,1.0003897518473197,2
ENSG00000243729,OR5V1,0,0,0,0
ENSG00000243749,TMEM35B,0,0,0,0
ENSG00000243772,KIR2DL3,0,0,0,0
ENSG00000243896,OR2A7,0,0,0,0
ENSG00000244020,MT1HL1,0.02069771900373765,0,0.6002338511083918,1
ENSG00000244025,KRTAP19-3,0,0,0,0
ENSG00000244057,LCE3C,0,0,0,0
ENSG00000244067,GSTA2,0,0,0,0
ENSG00000244094,SPRR2F,0,0,0,0
ENSG00000244115,DNAJC25-GNG10,0,0,0,0
ENSG00000244122,UGT1A7,0,0,0,0
ENSG00000244355,LY6G6D,0,0,0,0
ENSG00000244362,KRTAP19-7,0,0,0,0
ENSG00000244395,RBMY1D,0,0,0,0
ENSG00000244411,KRTAP5-7,0,0,0,0
ENSG00000244474,UGT1A4,0,0,0,0
ENSG00000244537,KRTAP4-2,0,0,0,0
ENSG00000244623,OR2AE1,0,0,0,0
ENSG00000244624,KRTAP20-1,0,0,0,0
ENSG00000244752,CRYBB2,0,0,0,0
ENSG00000248167,TRIM39-RPP21,0,0,0,0
ENSG00000248329,APELA,0,0,0,0
ENSG00000248383,PCDHAC1,0,0,0,0
ENSG00000248385,TARM1,0,0,0,0
ENSG00000248405,PRR5-ARHGAP8,0.013696129373857202,0,0.3971877518418589,1
ENSG00000248485,PCP4L1,0.11074781959738432,0,1.6229357609567099,2
ENSG00000248672,LY75-CD302,0,0,0,0
ENSG00000248746,ACTN3,0.013847413002069977,0,0.4015749770600294,1
ENSG00000248871,TNFSF12-TNFSF13,0,0,0,0
ENSG00000248920,USP17L19,0,0,0,0
ENSG00000248933,USP17L22,0,0,0,0
ENSG00000249104,USP17L17,0,0,0,0
ENSG00000249139,EPPIN-WFDC6,0,0,0,0
ENSG00000249158,PCDHA11,0.11102800901158857,0,2.603065109166043,2
ENSG00000249481,SPATS1,0,0,0,0
ENSG00000249581,CLRN2,0,0,0,0
ENSG00000249693,SPMAP2L,0.03479317859749249,0,0.5651540694766504,2
ENSG00000249751,ECSCR,0,0,0,0
ENSG00000249773,,0,0,0,0
ENSG00000249811,USP17L21,0,0,0,0
ENSG00000249853,HS3ST5,0,0,0,0
ENSG00000249861,LGALS16,0,0,0,0
ENSG00000249931,GOLGA8K,0,0,0,0
ENSG00000250021,ARPIN-AP3S2,0,0,0,0
ENSG00000250151,ARPC4-TTLL3,0.00851141374199241,0,0.24683099851777984,1
ENSG00000250254,PTTG2,0.036238036373384394,0,0.7062540918596447,2
ENSG00000250361,GYPB,0,0,0,0
ENSG00000250423,KIAA1210,0,0,0,0
ENSG00000250709,CCDC169-SOHLH2,0,0,0,0
ENSG00000250741,NT5C1B-RDH14,0,0,0,0
ENSG00000250745,USP17L20,0,0,0,0
ENSG00000250844,USP17L18,0,0,0,0
ENSG00000250913,USP17L23,0,0,0,0
ENSG00000251258,RFPL4B,0.40461686888188036,0,11.733889197574536,1
ENSG00000251349,MSANTD3-TMEFF1,0,0,0,0
ENSG00000251380,DCANP1,0,0,0,0
ENSG00000251655,PRB1,0,0,0,0
ENSG00000251664,PCDHA12,0.01893232604537822,0,0.35312704592982236,2
ENSG00000251692,PTX4,0,0,0,0
ENSG00000253117,OC90,0,0,0,0
ENSG00000253148,RGS21,0,0,0,0
ENSG00000253250,C8orf88,0,0,0,0
ENSG00000253304,TMEM200B,0.02344298586573038,0,0.37910221771006336,2
ENSG00000253313,C1orf210,0,0,0,0
ENSG00000253548,PYDC2,0,0,0,0
ENSG00000253831,ETV3L,0,0,0,0
ENSG00000254402,LRRC24,0,0,0,0
ENSG00000254413,CHKB-CPT1B,0.006536245132932125,0,0.18955110885503168,1
ENSG00000254440,PBOV1,0,0,0,0
ENSG00000254445,HSPB2-C11orf52,0,0,0,0
ENSG00000254466,OR4D10,0,0,0,0
ENSG00000254535,PABPC4L,0,0,0,0
ENSG00000254585,MAGEL2,0,0,0,0
ENSG00000254636,ARMS2,0,0,0,0
ENSG00000254647,INS,0,0,0,0
ENSG00000254656,RTL1,0,0,0,0
ENSG00000254692,,0,0,0,0
ENSG00000254709,IGLL5,0,0,0,0
ENSG00000254737,OR10G4,0,0,0,0
ENSG00000254772,EEF1G,0,0,0,0
ENSG00000254806,SYS1-DBNDD2,0.013696129373857202,0,0.3971877518418589,1
ENSG00000254834,OR5M10,0,0,0,0
ENSG00000254870,ATP6V1G2-DDX39B,0,0,0,0
ENSG00000254959,INMT-MINDY4,0,0,0,0
ENSG00000255009,UBTFL1,0,0,0,0
ENSG00000255012,OR5M1,0,0,0,0
ENSG00000255071,SAA2-SAA4,0,0,0,0
ENSG00000255072,PIGY,0,0,0,0
ENSG00000255073,ZFP91-CNTF,0,0,0,0
ENSG00000255104,ZNF286A-TBC1D26,0,0,0,0
ENSG00000255152,MSH5-SAPCD1,0,0,0,0
ENSG00000255181,CCDC166,0,0,0,0
ENSG00000255223,OR5M11,0,0,0,0
ENSG00000255245,FXYD6-FXYD2,0,0,0,0
ENSG00000255251,PRR23D1,0,0,0,0
ENSG00000255307,OR52B2,0,0,0,0
ENSG00000255359,CCDC179,0.021267143178276722,0,0.6167471521700248,1
ENSG00000255378,PRR23D2,0,0,0,0
ENSG00000255526,NEDD8-MDP1,0,0,0,0
ENSG00000255582,OR10G2,0,0,0,0
ENSG00000255690,TRIL,0.018654434033985173,0,0.5409785869855699,1
ENSG00000255713,OR4D2,0.02031427978483765,0,0.5891141137602918,1
ENSG00000255804,OR6J1,0,0,0,0
ENSG00000255819,KLRC4-KLRK1,0,0,0,0
ENSG00000255833,TIFAB,0.013798479335825103,0,0.40015590073892787,1
ENSG00000255837,TAS2R20,0.023768893997827792,0,0.6892979259370058,1
ENSG00000255974,CYP2A6,0.011884446998913896,0,0.3446489629685029,1
ENSG00000256162,SMLR1,0,0,0,0
ENSG00000256394,ASIC5,0,0,0,0
ENSG00000256453,DND1,0,0,0,0
ENSG00000256463,SALL3,0,0,0,0
ENSG00000256646,,0,0,0,0
ENSG00000256660,CLEC12B,0,0,0,0
ENSG00000256671,LIMS4,0,0,0,0
ENSG00000256713,PGA5,0.05357223269471054,0,1.2004677022167836,2
ENSG00000256762,STH,0,0,0,0
ENSG00000256797,KLRF2,0,0,0,0
ENSG00000256870,SLC5A8,0,0,0,0
ENSG00000256977,LIMS3,0,0,0,0
ENSG00000256980,KHDC1L,0,0,0,0
ENSG00000257115,OR11H12,0,0,0,0
ENSG00000257138,TAS2R38,0,0,0,0
ENSG00000257315,ZBED6,0.021359607867318404,0,0.42987751929720186,2
ENSG00000257341,,0,0,0,0
ENSG00000257446,ZNF878,0,0,0,0
ENSG00000257529,RPL36A-HNRNPH2,0,0,0,0
ENSG00000257949,TEN1,0,0,0,0
ENSG00000258083,OR9A4,0,0,0,0
ENSG00000258223,PRSS58,0,0,0,0
ENSG00000258227,CLEC5A,0.16432983810797572,0,3.7004829130201493,2
ENSG00000258417,,0,0,0,0
ENSG00000258436,RNASE12,0,0,0,0
ENSG00000258453,OR11H2,0.006755531358142967,0,0.19591040938614607,1
ENSG00000258484,SPESP1,0.021415547345173067,0,0.4015749770600294,2
ENSG00000258529,,0,0,0,0
ENSG00000258555,SPECC1L-ADORA2A,0.011884446998913896,0,0.3446489629685029,1
ENSG00000258588,TRIM6-TRIM34,0,0,0,0
ENSG00000258644,SYNJ2BP-COX16,0,0,0,0
ENSG00000258713,C20orf141,0,0,0,0
ENSG00000258790,,0.013413355266721839,0,0.19943619387990152,2
ENSG00000258817,OR4C13,0,0,0,0
ENSG00000258818,RNASE4,0.06089777587571115,0,1.2334943043400497,2
ENSG00000258873,DUXA,0,0,0,0
ENSG00000258992,TSPY1,0,0,0,0
ENSG00000259024,TVP23C-CDRT4,0,0,0,0
ENSG00000259040,BLOC1S5-TXNDC5,0,0,0,0
ENSG00000259060,,0,0,0,0
ENSG00000259112,NDUFC2-KCTD14,0,0,0,0
ENSG00000259120,SMIM6,0.030572680885215465,0,0.8866077456712486,1
ENSG00000259171,,0,0,0,0
ENSG00000259207,ITGB3,0.03730886806797035,0,1.0819571739711398,1
ENSG00000259288,BUB1B-PAK6,0,0,0,0
ENSG00000259332,ST20-MTHFS,0,0,0,0
ENSG00000259384,GH1,0.06088275184486969,0,0.8876962197012636,2
ENSG00000259399,TGIF2-RAB5IF,0,0,0,0
ENSG00000259571,BLID,0,0,0,0
ENSG00000259803,SLC22A31,0.04154223900620994,0,1.2047249311800883,1
ENSG00000260230,FRRS1L,0,0,0,0
ENSG00000260238,PMF1-BGLAP,0,0,0,0
ENSG00000260286,ARMH2,0,0,0,0
ENSG00000260287,TBC1D3G,0.011884446998913896,0,0.3446489629685029,1
ENSG00000260458,KCNJ18,0,0,0,0
ENSG00000260596,DUX4,0,0,0,0
ENSG00000260903,XKR7,0.0387779170465125,0,1.124559594348863,1
ENSG00000261052,SULT1A3,0.006877110133789707,0,0.19943619387990152,2
ENSG00000261210,CLEC19A,0,0,0,0
ENSG00000261247,GOLGA8T,0.006899239667912551,0,0.20007795036946394,2
ENSG00000261272,MUC22,0.03411275912066275,0,0.5891141137602918,2
ENSG00000261509,TP53TG3B,0,0,0,0
ENSG00000261587,TMEM249,0,0,0,0
ENSG00000261611,,0,0,0,0
ENSG00000261678,SCRT1,0.01112173051012653,0,0.32253018479366935,1
ENSG00000261739,GOLGA8S,0.006899239667912551,0,0.20007795036946394,1
ENSG00000261787,TCF24,0,0,0,0
ENSG00000261796,ISY1-RAB43,0,0,0,0
ENSG00000261857,MIA,0,0,0,0
ENSG00000261915,,0,0,0,0
ENSG00000261949,GFY,0.014593442880082498,0,0.42320984352239244,1
ENSG00000262304,,0,0,0,0
ENSG00000262406,MMP12,0.13862612435375155,0,4.020157606258795,1
ENSG00000262628,OR1D5,0,0,0,0
ENSG00000262655,SPON1,0.048294677675387844,0,1.4005456525862476,1
ENSG00000262664,OVCA2,0,0,0,0
ENSG00000262874,C19orf84,0,0,0,0
ENSG00000263155,MYZAP,0.0524320908247,0,0.9795520469307304,2
ENSG00000263809,,0.03600908459009383,0,0.7497063962325754,2
ENSG00000264058,,0,0,0,0
ENSG00000264424,MYH4,0.027596958671650205,0,0.8003118014778557,1
ENSG00000264668,,0,0,0,0
ENSG00000265107,GJA5,0,0,0,0
ENSG00000265203,RBP3,0.027596958671650205,0,0.8003118014778557,1
ENSG00000265818,EEF1E1-BLOC1S5,0,0,0,0
ENSG00000266524,GDF10,0,0,0,0
ENSG00000267022,,0,0,0,0
ENSG00000267059,,0,0,0,0
ENSG00000267206,LCN6,0.006899239667912551,0,0.20007795036946394,1
ENSG00000267228,,0,0,0,0
ENSG00000267368,UPK3BL1,0,0,0,0
ENSG00000267467,APOC4,0,0,0,0
ENSG00000267631,CGB1,0,0,0,0
ENSG00000267645,,0,0,0,0
ENSG00000267795,SMIM22,0.02540996539212813,0,0.5409785869855699,2
ENSG00000267909,CCDC177,0.012925972348837507,0,0.3748531981162877,1
ENSG00000268009,SSX4,0,0,0,0
ENSG00000268089,GABRQ,0,0,0,0
ENSG00000268173,,0,0,0,0
ENSG00000268221,OPN1MW,0,0,0,0
ENSG00000268223,ARL14EPL,0.03697914686741512,0,1.0723952591550383,1
ENSG00000268447,SSX2B,0,0,0,0
ENSG00000268500,SIGLEC5,0.019452581342016974,0,0.3446489629685029,2
ENSG00000268606,MAGEA2,0,0,0,0
ENSG00000268629,TEX13A,0,0,0,0
ENSG00000268651,CTAG1A,0,0,0,0
ENSG00000268674,,0,0,0,0
ENSG00000268738,HSFX2,0,0,0,0
ENSG00000268940,CT45A1,0,0,0,0
ENSG00000268964,ERVV-2,0,0,0,0
ENSG00000268975,MIA-RAB4B,0,0,0,0
ENSG00000268988,SPANXN2,0,0,0,0
ENSG00000269058,CALR3,0.0458590213278232,0,1.3299116185068727,1
ENSG00000269096,CT45A3,0,0,0,0
ENSG00000269405,NXF2,0,0,0,0
ENSG00000269437,NXF2B,0,0,0,0
ENSG00000269502,DMRTC1,0,0,0,0
ENSG00000269526,ERVV-1,0,0,0,0
ENSG00000269699,ZIM2,0,0,0,0
ENSG00000269741,,0,0,0,0
ENSG00000269791,SSX4B,0,0,0,0
ENSG00000269891,ARHGAP19-SLIT1,0.07794788497153025,0,1.7195100771888074,2
ENSG00000269897,COMMD3-BMI1,0,0,0,0
ENSG00000269955,FMC1-LUC7L2,0,0,0,0
ENSG00000269964,MEI4,0.019488071361263813,0,0.5651540694766504,1
ENSG00000270106,TSNAX-DISC1,0.010157139892418825,0,0.2945570568801459,1
ENSG00000270136,MICOS10-NBL1,0,0,0,0
ENSG00000270181,BIVM-ERCC5,0,0,0,0
ENSG00000270276,H4C15,0.017753155365575844,0,0.2680105070839197,2
ENSG00000270316,BORCS7-ASMT,0,0,0,0
ENSG00000270601,PRAMEF5,0,0,0,0
ENSG00000270617,URGCP-MRPS24,0,0,0,0
ENSG00000270757,HSPE1-MOB4,0,0,0,0
ENSG00000270765,GAS2L2,0.014823362734386267,0,0.42987751929720186,1
ENSG00000270800,RPS10-NUDT3,0,0,0,0
ENSG00000270806,C17orf50,0,0,0,0
ENSG00000270946,CT45A9,0,0,0,0
ENSG00000271079,CTAGE15,0.02063133040136913,0,0.5983085816397046,1
ENSG00000271271,UGT2A2,0,0,0,0
ENSG00000271321,CTAGE6,0.06189399120410736,0,1.7949257449191136,1
ENSG00000271449,CT45A2,0,0,0,0
ENSG00000271567,PPIAL4E,0.018363489519157714,0,0.5325411960555738,1
ENSG00000271698,,0,0,0,0
ENSG00000271723,MROH7-TTC4,0,0,0,0
ENSG00000272414,FAM47E-STBD1,0.010157139892418825,0,0.2945570568801459,1
ENSG00000272514,CFAP206,0.014864855783144325,0,0.21947589594998934,2
ENSG00000272573,MUSTN1,0.026707809733300163,0,0.42987751929720186,2
ENSG00000272636,DOC2B,0.013798479335825103,0,0.40015590073892787,1
ENSG00000272804,KRTAP10-7,0,0,0,0
ENSG00000272968,RBAK-RBAKDN,0,0,0,0
ENSG00000273003,ARL2-SNX15,0,0,0,0
ENSG00000273025,,0,0,0,0
ENSG00000273079,GRIN2B,0.05519391734330041,0,1.6006236029557115,1
ENSG00000273111,LYPD4,0.012925972348837507,0,0.3748531981162877,1
ENSG00000273259,,0.01217679468723525,0,0.35312704592982236,1
ENSG00000273274,ZBTB8B,0,0,0,0
ENSG00000273294,C1QTNF3-AMACR,0.013798479335825103,0,0.40015590073892787,1
ENSG00000273331,TM4SF19-DYNLT2B,0,0,0,0
ENSG00000273398,,0,0,0,0
ENSG00000273514,FOXD4L6,0,0,0,0
ENSG00000273777,CEACAM20,0.01037049559986612,0,0.3007443723961176,1
ENSG00000273976,GOLGA6L1,0,0,0,0
ENSG00000274049,INO80B-WBP1,0,0,0,0
ENSG00000274102,OR4M2,0,0,0,0
ENSG00000274183,H2AB1,0,0,0,0
ENSG00000274226,TBC1D3H,0,0,0,0
ENSG00000274252,GGTLC3,0,0,0,0
ENSG00000274274,GAGE13,0,0,0,0
ENSG00000274286,ADRA2B,0.0406285595696753,0,1.1782282275205835,1
ENSG00000274391,TPTE,0,0,0,0
ENSG00000274529,SEBOX,0,0,0,0
ENSG00000274588,DGKK,0,0,0,0
ENSG00000274600,RIMBP3B,0,0,0,0
ENSG00000274611,TBC1D3,0,0,0,0
ENSG00000274618,H4C6,0.10532851031207457,0,2.6627059802778694,2
ENSG00000274749,KRTAP7-1,0.07173408047999473,0,1.1966171632794091,2
ENSG00000274792,,0,0,0,0
ENSG00000274808,TBC1D3B,0.022937870997440636,0,0.3971877518418589,4
ENSG00000274810,NPHP3-ACAD11,0,0,0,0
ENSG00000275034,TP53TG3E,0,0,0,0
ENSG00000275113,GAGE2E,0,0,0,0
ENSG00000275126,H4C13,0.027056205704366895,0,0.5651540694766504,2
ENSG00000275152,CCL16,0.039921577212261895,0,0.6167471521700248,2
ENSG00000275163,,0,0,0,0
ENSG00000275221,H2AC15,0,0,0,0
ENSG00000275410,HNF1B,0.013847413002069977,0,0.4015749770600294,1
ENSG00000275572,GRIFIN,0,0,0,0
ENSG00000275663,H4C7,0.021890164320123747,0,0.6348147652835887,1
ENSG00000275688,CCL15-CCL14,0,0,0,0
ENSG00000275718,CCL15,0,0,0,0
ENSG00000275722,LYZL6,0,0,0,0
ENSG00000275793,RIMBP3,0,0,0,0
ENSG00000275896,PRSS2,0,0,0,0
ENSG00000275954,TBC1D3F,0,0,0,0
ENSG00000275969,SPATA31A3,0,0,0,0
ENSG00000276040,SPATA31A7,0.011220108229163982,0,0.32538313864575535,1
ENSG00000276119,OR13C2,0,0,0,0
ENSG00000276409,CCL14,0,0,0,0
ENSG00000276430,FAM25C,0,0,0,0
ENSG00000276581,SPATA31A5,0,0,0,0
ENSG00000276747,PADI6,0.021267143178276722,0,0.6167471521700248,1
ENSG00000276760,,0,0,0,0
ENSG00000277196,,0.025851944697675013,0,0.7497063962325754,1
ENSG00000277322,GOLGA6L6,0,0,0,0
ENSG00000277363,SRCIN1,0.006899239667912551,0,0.20007795036946394,1
ENSG00000277399,GPR179,0,0,0,0
ENSG00000277494,GPIHBP1,0,0,0,0
ENSG00000277556,OR13C5,0.018363489519157714,0,0.5325411960555738,1
ENSG00000277745,H2AB3,0,0,0,0
ENSG00000277775,H3C7,0.06338906403904389,0,1.2696295305671774,2
ENSG00000277858,H2AB2,0,0,0,0
ENSG00000277893,SRD5A2,0.08335556084966993,0,1.6229357609567099,2
ENSG00000277932,OR52E5,0,0,0,0
ENSG00000278057,TEX28,0,0,0,0
ENSG00000278289,CT45A6,0,0,0,0
ENSG00000278299,TBC1D3C,0,0,0,0
ENSG00000278463,H2AC4,0.030831228721220422,0,0.5409785869855699,2
ENSG00000278685,IQCA1L,0.030471419677256462,0,0.8836711706404378,1
ENSG00000278705,H4C2,0.026919903267934232,0,0.4015749770600294,2
ENSG00000278817,,0.018654434033985173,0,0.5409785869855699,1
ENSG00000278848,TP53TG3F,0,0,0,0
ENSG00000279686,,0,0,0,0
ENSG00000280165,PCDH20,0,0,0,0
