ensembl_gene_id,hgnc_symbol,mean.CPM,min.CPM,max.CPM,express.in.libs
ENSG00000000005,TNMD,0.0317841563954691,0,0.8246399106750049,2
ENSG00000004776,HSPB6,0.012607337293802279,0,0.4412568052830795,1
ENSG00000004846,ABCB5,0,0,0,0
ENSG00000004939,SLC4A1,0,0,0,0
ENSG00000004948,CALCR,0.014307676569248083,0,0.5007686799236829,1
ENSG00000005073,HOXA11,0.023561140305000144,0,0.8246399106750049,1
ENSG00000005102,MEOX1,0.013504093951762764,0,0.4726432883116969,1
ENSG00000005381,MPO,0.1130702833046924,0,2.2306265366657523,2
ENSG00000005471,ABCB4,0.13645430990349294,0,1.7732974039635325,6
ENSG00000005961,ITGA2B,0.045963283757096726,0,0.4966431886876601,4
ENSG00000006071,ABCC8,0,0,0,0
ENSG00000006116,CACNG3,0,0,0,0
ENSG00000006128,TAC1,0.042637735936436605,0,0.7490438922867393,3
ENSG00000006283,CACNA1G,0,0,0,0
ENSG00000006377,DLX6,0.028615353138496166,0,1.0015373598473658,1
ENSG00000006638,TBXA2R,0,0,0,0
ENSG00000006659,LGALS14,0,0,0,0
ENSG00000006788,MYH13,0,0,0,0
ENSG00000007129,CEACAM21,0,0,0,0
ENSG00000007312,CD79B,0,0,0,0
ENSG00000007314,SCN4A,0.014189805391076003,0,0.4966431886876601,1
ENSG00000007350,TKTL1,0,0,0,0
ENSG00000007372,PAX6,0.014307676569248083,0,0.5007686799236829,1
ENSG00000007908,SELE,0.028878329611783417,0,0.6808186163042442,2
ENSG00000008118,CAMK1G,0,0,0,0
ENSG00000008196,TFAP2B,0,0,0,0
ENSG00000008197,TFAP2D,0,0,0,0
ENSG00000008438,PGLYRP1,0.017332092405991522,0,0.3188176710432894,2
ENSG00000009694,TENM1,0,0,0,0
ENSG00000009709,PAX7,0.04394137429724011,0,1.5379481004034037,1
ENSG00000011052,NME1-NME2,0,0,0,0
ENSG00000011083,SLC6A7,0,0,0,0
ENSG00000011465,DCN,0.007946372475005382,0,0.27812303662518834,1
ENSG00000011600,TYROBP,0.024387907446302332,0,0.4412568052830795,2
ENSG00000012504,NR1H4,0.044922726228565676,0,1.0381934050494266,2
ENSG00000013293,SLC7A14,0.08584605941548851,0,3.004612079542097,1
ENSG00000015285,WAS,0.07577826442632381,0,0.8246399106750049,6
ENSG00000015413,DPEP1,0.01866248751362945,0,0.6531870629770307,1
ENSG00000015568,RGPD5,0,0,0,0
ENSG00000015592,STMN4,0,0,0,0
ENSG00000016490,CLCA1,0.03142056703911821,0,1.0997198463691376,1
ENSG00000018625,ATP1A2,0.0325258292002932,0,0.6376353420865788,2
ENSG00000019169,MARCO,0,0,0,0
ENSG00000019505,SYT13,0.07049565954270162,0,1.418637923170826,4
ENSG00000019991,HGF,0.04432563665805528,0,1.0015373598473658,2
ENSG00000021461,CYP3A43,0,0,0,0
ENSG00000021488,SLC7A9,0.06405380478458701,0,1.214100563949712,3
ENSG00000022355,GABRA1,0,0,0,0
ENSG00000027644,INSRR,0,0,0,0
ENSG00000027869,SH2D2A,0.04055879207625895,0,0.5147599699997889,4
ENSG00000029559,IBSP,0.019953287760335024,0,0.41055950844531175,2
ENSG00000030304,MUSK,0.08029862642140985,0,1.25005000200008,6
ENSG00000033122,LRRC7,0.1112136237498312,0,0.6598458402163503,10
ENSG00000034971,MYOC,0.014307676569248083,0,0.5007686799236829,1
ENSG00000036473,OTC,0,0,0,0
ENSG00000036565,SLC18A1,0.08584605941548851,0,3.004612079542097,1
ENSG00000036828,CASR,0.09943091383982738,0,2.50010000400016,4
ENSG00000037965,HOXC8,0,0,0,0
ENSG00000038945,MSR1,0.08176709067971352,0,2.0615997766875123,2
ENSG00000042304,NA,0,0,0,0
ENSG00000043355,ZIC2,0,0,0,0
ENSG00000043462,LCP2,0.036128386441693,0,0.4966431886876601,3
ENSG00000044012,GUCA2B,0,0,0,0
ENSG00000046774,MAGEC2,0,0,0,0
ENSG00000047662,FAM184B,0.0822773603795969,0,0.5562460732503767,9
ENSG00000048462,TNFRSF17,0,0,0,0
ENSG00000049247,UTS2,0.01013312802264875,0,0.3546594807927065,1
ENSG00000050555,LAMC3,0.10076049716569575,0,2.976757477614784,2
ENSG00000052850,ALX4,0,0,0,0
ENSG00000053328,METTL24,0,0,0,0
ENSG00000054356,PTPRN,0.009426369145947865,0,0.32992292010817514,1
ENSG00000054796,SPO11,0,0,0,0
ENSG00000054803,CBLN4,0,0,0,0
ENSG00000054938,CHRDL2,0.04339113711494706,0,0.8011530194255573,3
ENSG00000055813,CCDC85A,0,0,0,0
ENSG00000055955,ITIH4,0.04764220325398239,0,0.8385230925067061,4
ENSG00000056487,PHF21B,0,0,0,0
ENSG00000057468,MSH4,0.009109076315522557,0,0.3188176710432894,1
ENSG00000058673,ZC3H11A,0.01123372616395309,0,0.20591944266667325,2
ENSG00000059804,SLC2A3,0.14159247880222994,0,2.996175569146957,2
ENSG00000060566,CREB3L3,0,0,0,0
ENSG00000060709,RIMBP2,0.060023665292079954,0,1.7576549718896044,2
ENSG00000060718,COL11A1,0.006886870446638,0,0.2410404656323299,1
ENSG00000061492,WNT8A,0.007048778853691635,0,0.2467072598792072,1
ENSG00000063515,GSC2,0.039452719900838464,0,0.9641618625293196,2
ENSG00000064205,CCN5,0.05934706929947145,0,1.3937146257806543,3
ENSG00000064489,BORCS8-MEF2B,0,0,0,0
ENSG00000064835,POU1F1,0,0,0,0
ENSG00000065325,GLP2R,0.0421647927438102,0,1.4757677460333576,1
ENSG00000065371,ROPN1,0.09506950029753178,0,2.651445121955629,3
ENSG00000065609,SNAP91,0,0,0,0
ENSG00000066056,TIE1,0,0,0,0
ENSG00000066294,CD84,0,0,0,0
ENSG00000066336,SPI1,0.03282654884036793,0,0.5007686799236829,3
ENSG00000066735,KIF26A,0.018158938781679814,0,0.3404093081521221,2
ENSG00000066813,ACSM2B,0.014307676569248083,0,0.5007686799236829,1
ENSG00000067840,PDZD4,0.10052592250323214,0,1.25005000200008,6
ENSG00000068781,STON1-GTF2A1L,0,0,0,0
ENSG00000068831,RASGRP2,0.01965799008558193,0,0.5007686799236829,2
ENSG00000068976,PYGM,0.0631791706353884,0,1.5023060397710486,2
ENSG00000068985,PAGE1,0,0,0,0
ENSG00000069018,TRPC7,0,0,0,0
ENSG00000069206,ADAM7,0.03636515459921299,0,0.8333666680000533,2
ENSG00000069696,DRD4,0.05191184551063249,0,0.4394137429724011,6
ENSG00000069712,NA,0,0,0,0
ENSG00000070031,SCT,0,0,0,0
ENSG00000070193,FGF10,0,0,0,0
ENSG00000070388,FGF22,0.08263752538024816,0,0.9868290395168288,6
ENSG00000070601,FRMPD1,0.011978901321524371,0,0.41926154625335305,1
ENSG00000070669,ASNS,0.13628337178841726,0,2.0030747196947316,8
ENSG00000070748,CHAT,0,0,0,0
ENSG00000070808,CAMK2A,0.04263496001642571,0,1.214100563949712,2
ENSG00000070886,EPHA8,0,0,0,0
ENSG00000070915,SLC12A3,0.01866248751362945,0,0.6531870629770307,1
ENSG00000070985,TRPM5,0.029101910523781895,0,0.6018835343323397,2
ENSG00000071203,MS4A12,0.013504093951762764,0,0.4726432883116969,1
ENSG00000071677,PRLH,0,0,0,0
ENSG00000072080,SPP2,0,0,0,0
ENSG00000072182,ASIC4,0.011316439096848572,0,0.39607536838970014,1
ENSG00000072315,TRPC5,0.011978901321524371,0,0.41926154625335305,1
ENSG00000072657,TRHDE,0,0,0,0
ENSG00000072694,FCGR2B,0,0,0,0
ENSG00000073598,FNDC8,0.03418373696062679,0,0.4412568052830795,3
ENSG00000073670,ADAM11,0.04995418551439276,0,1.2757532046920501,2
ENSG00000073754,CD5L,0,0,0,0
ENSG00000073861,TBX21,0.007946372475005382,0,0.27812303662518834,1
ENSG00000074771,NOX3,0,0,0,0
ENSG00000074803,SLC12A1,0.02149648871695139,0,0.4645715419268848,2
ENSG00000075043,KCNQ2,0.0405422074797663,0,0.6591206144586016,3
ENSG00000075340,ADD2,0.04636667742302133,0,1.0015373598473658,3
ENSG00000075388,FGF4,0,0,0,0
ENSG00000075429,CACNG5,0,0,0,0
ENSG00000075891,PAX2,0,0,0,0
ENSG00000076344,RGS11,0.046842789370219746,0,0.8011530194255573,3
ENSG00000076662,ICAM3,0.037559362586925896,0,0.4726432883116969,3
ENSG00000077009,NMRK2,0.048840938690549444,0,1.3906151831259417,2
ENSG00000077080,ACTL6B,0,0,0,0
ENSG00000077420,APBB1IP,0.015242826611475436,0,0.5334989314016404,1
ENSG00000077498,TYR,0,0,0,0
ENSG00000077522,ACTN2,0.007621413305737718,0,0.2667494657008202,1
ENSG00000077943,ITGA8,0.19527786920001347,0,4.417949835652266,2
ENSG00000077984,CST7,0.03283483025673564,0,0.47656105914742275,3
ENSG00000078549,ADCYAP1R1,0,0,0,0
ENSG00000078589,P2RY10,0,0,0,0
ENSG00000079102,RUNX1T1,0.03888565712122899,0,0.7231213968969896,2
ENSG00000079112,CDH17,0.009331243756814725,0,0.32659353148851533,1
ENSG00000079557,AFM,0.027232060522709864,0,0.9531221182948455,1
ENSG00000079689,SCGN,0.0680954088776725,0,0.9897687603245254,4
ENSG00000079931,MOXD1,0.14117790333164418,0,2.515569277520118,5
ENSG00000080166,DCT,0.10285305471028439,0,1.881240427229701,5
ENSG00000080511,RDH8,0,0,0,0
ENSG00000080573,COL5A3,0.08351768861252871,0,1.1124921465007533,5
ENSG00000080618,CPB2,0.040970364377435356,0,0.4207571272049777,4
ENSG00000080644,CHRNA3,0.05974718019314608,0,1.257784638760059,2
ENSG00000080709,KCNN2,0,0,0,0
ENSG00000080910,CFHR2,0,0,0,0
ENSG00000081051,AFP,0,0,0,0
ENSG00000081237,PTPRC,0.030793351561563643,0,0.34606446834980886,4
ENSG00000081248,CACNA1S,0,0,0,0
ENSG00000081800,SLC13A1,0,0,0,0
ENSG00000082175,PGR,0,0,0,0
ENSG00000082293,COL19A1,0.05322646079411446,0,1.4462427937939792,2
ENSG00000082556,OPRK1,0,0,0,0
ENSG00000082684,SEMA5B,0.12450893719301273,0,2.996175569146957,2
ENSG00000083454,P2RX5,0.03848986643282933,0,0.8505021364613667,2
ENSG00000083782,EPYC,0,0,0,0
ENSG00000084628,NKAIN1,0,0,0,0
ENSG00000084734,GCKR,0.009426369145947865,0,0.32992292010817514,1
ENSG00000085265,FCN1,0.006277339185320012,0,0.21970687148620055,1
ENSG00000085563,ABCB1,0.03213453642746976,0,0.9531221182948455,2
ENSG00000086288,NME8,0,0,0,0
ENSG00000086967,MYBPC2,0.006010816102928255,0,0.21037856360248886,1
ENSG00000087116,ADAMTS2,0.011978901321524371,0,0.41926154625335305,1
ENSG00000087237,CETP,0,0,0,0
ENSG00000087258,GNAO1,0.023948719385376807,0,0.6018835343323397,2
ENSG00000088782,DEFB127,0,0,0,0
ENSG00000088827,SIGLEC1,0.006086066474209015,0,0.21301232659731553,1
ENSG00000089012,SIRPG,0,0,0,0
ENSG00000089116,LHX5,0,0,0,0
ENSG00000089169,RPH3A,0.014307676569248083,0,0.5007686799236829,1
ENSG00000089225,TBX5,0,0,0,0
ENSG00000089472,HEPH,0.08385230925067058,0,2.9348308237734715,1
ENSG00000090402,SI,0,0,0,0
ENSG00000090534,THPO,0.013273472626482418,0,0.4645715419268848,1
ENSG00000090539,CHRD,0.02897724256199548,0,0.6018835343323397,2
ENSG00000090554,FLT3LG,0.02241282148154496,0,0.4966431886876601,2
ENSG00000090659,CD209,0.008958287748712861,0,0.31354007120495014,1
ENSG00000091010,POU4F3,0,0,0,0
ENSG00000091664,SLC17A6,0,0,0,0
ENSG00000091704,CPA1,0.02732722894656766,0,0.9564530131298682,1
ENSG00000092009,CMA1,0.006010816102928255,0,0.21037856360248886,1
ENSG00000092051,JPH4,0.09300789113878653,0,2.2861547204196073,3
ENSG00000092054,MYH7,0,0,0,0
ENSG00000092067,CEBPE,0,0,0,0
ENSG00000092345,DAZL,0,0,0,0
ENSG00000092529,CAPN3,0.1288992944580701,0,2.503107329626695,6
ENSG00000092607,TBX15,0,0,0,0
ENSG00000094661,OR1I1,0,0,0,0
ENSG00000095110,NXPE1,0.04151401983394739,0,0.4645715419268848,4
ENSG00000095917,TPSD1,0.03526648122879001,0,0.9932863773753202,2
ENSG00000095932,SMIM24,0.014233719661574622,0,0.32659353148851533,2
ENSG00000095981,KCNK16,0,0,0,0
ENSG00000096264,NCR2,0,0,0,0
ENSG00000096395,MLN,0.026874863246138584,0,0.9406202136148505,1
ENSG00000099365,STX1B,0.018032448308784754,0,0.6311356908074666,1
ENSG00000099399,MAGEB2,0,0,0,0
ENSG00000099617,EFNA2,0,0,0,0
ENSG00000099715,PCDH11Y,0.009725980232917777,0,0.3404093081521221,2
ENSG00000099721,AMELY,0.009331243756814725,0,0.32659353148851533,1
ENSG00000099822,HCN2,0.026464878641120203,0,0.47656105914742275,3
ENSG00000099985,OSM,0,0,0,0
ENSG00000100024,UPB1,0.07442957037026726,0,1.9129060262597364,2
ENSG00000100060,MFNG,0.04367529752346348,0,1.1882261051691003,2
ENSG00000100095,SEZ6L,0.13773740893275996,0,4.820809312646598,1
ENSG00000100122,CRYBB1,0.013335434453521935,0,0.29515354920667153,2
ENSG00000100142,POLR2F,0.06622719248086978,0,0.9868290395168288,5
ENSG00000100146,SOX10,0,0,0,0
ENSG00000100191,SLC5A4,0.019451960465835555,0,0.6808186163042442,1
ENSG00000100253,MIOX,0,0,0,0
ENSG00000100276,RASL10A,0.027581565645856176,0,0.41231995533750243,3
ENSG00000100288,CHKB,0.0578431432514537,0,0.41231995533750243,7
ENSG00000100312,ACR,0,0,0,0
ENSG00000100314,CABP7,0.03552128698210974,0,0.37452194614336964,5
ENSG00000100341,PNPLA5,0,0,0,0
ENSG00000100346,CACNA1I,0.06992530125645553,0,1.3842578733992355,2
ENSG00000100362,PVALB,0,0,0,0
ENSG00000100368,CSF2RB,0,0,0,0
ENSG00000100429,HDAC10,0.1663055706540359,0,2.0030747196947316,13
ENSG00000100433,KCNK10,0,0,0,0
ENSG00000100448,CTSG,0.028379610782152006,0,0.9932863773753202,1
ENSG00000100450,GZMH,0,0,0,0
ENSG00000100453,GZMB,0.047061963336392613,0,0.9932863773753202,3
ENSG00000100557,CCDC198,0,0,0,0
ENSG00000100665,SERPINA4,0.006886870446638,0,0.2410404656323299,1
ENSG00000100721,TCL1A,0,0,0,0
ENSG00000100884,CPNE6,0.03399499575847306,0,0.6390369797919466,3
ENSG00000100987,VSX1,0.04712228061000029,0,1.6492798213500097,1
ENSG00000101074,R3HDML,0,0,0,0
ENSG00000101098,RIMS4,0,0,0,0
ENSG00000101134,DOK5,0,0,0,0
ENSG00000101162,TUBB1,0.043122403998555964,0,0.6531870629770307,3
ENSG00000101180,HRH3,0.012554678370640024,0,0.4394137429724011,1
ENSG00000101188,NTSR1,0,0,0,0
ENSG00000101197,BIRC7,0,0,0,0
ENSG00000101200,AVP,0,0,0,0
ENSG00000101203,COL20A1,0,0,0,0
ENSG00000101204,CHRNA4,0.05251092879850742,0,1.2622713816149331,2
ENSG00000101210,EEF1A2,0.028574539314284848,0,0.41668333400002666,3
ENSG00000101251,SEL1L2,0,0,0,0
ENSG00000101280,ANGPT4,0.03970632005900639,0,1.0631276705767085,2
ENSG00000101282,RSPO4,0,0,0,0
ENSG00000101292,PROKR2,0,0,0,0
ENSG00000101306,MYLK2,0,0,0,0
ENSG00000101307,SIRPB1,0.09431876998157053,0,1.4899295660629803,4
ENSG00000101323,HAO1,0,0,0,0
ENSG00000101327,PDYN,0,0,0,0
ENSG00000101331,CCM2L,0.009804951809519787,0,0.3431733133331926,1
ENSG00000101349,PAK5,0.046106677684717115,0,1.3726932533327705,2
ENSG00000101405,OXT,0.03754869526513411,0,1.0263987711132794,2
ENSG00000101435,CST9L,0,0,0,0
ENSG00000101440,ASIP,0.06552889485469844,0,1.5023060397710486,3
ENSG00000101441,CST4,0.012607337293802279,0,0.4412568052830795,1
ENSG00000101446,SPINT3,0,0,0,0
ENSG00000101463,SYNDIG1,0,0,0,0
ENSG00000101542,CDH20,0.07717511301070108,0,0.7921507367794003,6
ENSG00000101638,ST8SIA5,0.17198830499323692,0,4.006149439389463,4
ENSG00000101746,NOL4,0.02134850808569782,0,0.5756111263328275,2
ENSG00000101812,H2BW2,0.015710283519559106,0,0.5498599231845688,1
ENSG00000101892,ATP1B4,0.0513743830076233,0,1.151222252665655,3
ENSG00000101916,TLR8,0,0,0,0
ENSG00000101938,CHRDL1,0,0,0,0
ENSG00000101951,PAGE4,0,0,0,0
ENSG00000101981,F9,0,0,0,0
ENSG00000102021,LUZP4,0,0,0,0
ENSG00000102032,RENBP,0.024230685730032026,0,0.4934145197584144,2
ENSG00000102076,OPN1LW,0,0,0,0
ENSG00000102104,RS1,0.012932191501310874,0,0.2467072598792072,2
ENSG00000102128,RAB40AL,0.03663798081048916,0,0.8002483971024607,2
ENSG00000102145,GATA1,0.06534837521179278,0,1.4414360986667127,4
ENSG00000102195,GPR50,0,0,0,0
ENSG00000102239,BRS3,0.035715714342859424,0,1.25005000200008,1
ENSG00000102245,CD40LG,0,0,0,0
ENSG00000102271,KLHL4,0.05167849248875056,0,1.4899295660629803,2
ENSG00000102290,PCDH11X,0.03126442649968085,0,0.8579332833329816,2
ENSG00000102383,ZDHHC15,0.06726878551442417,0,1.214100563949712,4
ENSG00000102385,DRP2,0.04498754094358322,0,0.8634166894992413,3
ENSG00000102445,RUBCNL,0.060886115332259017,0,1.3063741259540613,2
ENSG00000102468,HTR2A,0,0,0,0
ENSG00000102539,MLNR,0,0,0,0
ENSG00000102678,FGF9,0.04759348499186517,0,0.9564530131298682,2
ENSG00000102683,SGCG,0.03491430855079983,0,0.8788274859448022,2
ENSG00000102794,ACOD1,0,0,0,0
ENSG00000102891,MT4,0,0,0,0
ENSG00000102924,CBLN1,0,0,0,0
ENSG00000103241,FOXF1,0.006277339185320012,0,0.21970687148620055,1
ENSG00000103310,ZP2,0,0,0,0
ENSG00000103313,MEFV,0.07999699977208813,0,1.5023060397710486,4
ENSG00000103355,PRSS33,0.013273472626482418,0,0.4645715419268848,1
ENSG00000103375,AQP8,0.0202662560452975,0,0.709318961585413,1
ENSG00000103426,CORO7-PAM16,0,0,0,0
ENSG00000103449,SALL1,0,0,0,0
ENSG00000103546,SLC6A2,0.033760234879406915,0,1.1816082207792422,1
ENSG00000103569,AQP9,0.049599286021573964,0,0.6921289366996177,4
ENSG00000103742,IGDCC4,0.006752046975881382,0,0.23632164415584844,1
ENSG00000104059,ENTREP2,0.07536196335394206,0,1.7268333789984827,3
ENSG00000104321,TRPA1,0,0,0,0
ENSG00000104435,STMN2,0.015710283519559106,0,0.5498599231845688,1
ENSG00000104499,GML,0,0,0,0
ENSG00000104722,NEFM,0.006075015260438336,0,0.21262553411534169,1
ENSG00000104755,ADAM2,0.006886870446638,0,0.2410404656323299,1
ENSG00000104760,FGL1,0,0,0,0
ENSG00000104804,TULP2,0.02732722894656766,0,0.9564530131298682,1
ENSG00000104818,CGB2,0.018182577299606494,0,0.41668333400002666,2
ENSG00000104826,LHB,0.038858444230618364,0,0.4412568052830795,4
ENSG00000104827,CGB3,0,0,0,0
ENSG00000104833,TUBB4A,0.09050035837913824,0,1.2037670686646793,8
ENSG00000104848,KCNA7,0.005350313516333852,0,0.18726097307168482,1
ENSG00000104894,CD37,0.0312062058748552,0,0.7490438922867393,2
ENSG00000104918,RETN,0,0,0,0
ENSG00000104921,FCER2,0,0,0,0
ENSG00000104938,CLEC4M,0,0,0,0
ENSG00000104941,RSPH6A,0,0,0,0
ENSG00000104967,NOVA2,0.020145302516235333,0,0.5334989314016404,2
ENSG00000104970,NA,0.014382075732315265,0,0.26705100647518576,2
ENSG00000104972,LILRB1,0.012607337293802279,0,0.4412568052830795,1
ENSG00000104974,LILRA1,0,0,0,0
ENSG00000105141,CASP14,0,0,0,0
ENSG00000105143,SLC1A6,0.028615353138496166,0,1.0015373598473658,1
ENSG00000105198,LGALS13,0,0,0,0
ENSG00000105205,CLC,0,0,0,0
ENSG00000105251,SHD,0,0,0,0
ENSG00000105255,FSD1,0,0,0,0
ENSG00000105261,OVOL3,0.031656062241351826,0,0.6018835343323397,3
ENSG00000105352,CEACAM4,0,0,0,0
ENSG00000105366,SIGLEC8,0,0,0,0
ENSG00000105369,CD79A,0.021459474690161063,0,0.5147599699997889,2
ENSG00000105370,LIM2,0,0,0,0
ENSG00000105371,ICAM4,0,0,0,0
ENSG00000105374,NKG7,0,0,0,0
ENSG00000105383,CD33,0,0,0,0
ENSG00000105392,CRX,0.042231383399851094,0,1.0015373598473658,2
ENSG00000105398,SULT2A1,0,0,0,0
ENSG00000105409,ATP1A3,0.07450900542086757,0,1.3937146257806543,2
ENSG00000105428,ZNRF4,0,0,0,0
ENSG00000105492,SIGLEC6,0,0,0,0
ENSG00000105501,NA,0,0,0,0
ENSG00000105507,CABP5,0,0,0,0
ENSG00000105550,FGF21,0,0,0,0
ENSG00000105605,CACNG7,0,0,0,0
ENSG00000105609,LILRB5,0,0,0,0
ENSG00000105647,PIK3R2,0.04965154887442894,0,0.5007686799236829,5
ENSG00000105668,UPK1A,0.08138684032380997,0,2.676952754666752,2
ENSG00000105675,ATP4A,0,0,0,0
ENSG00000105679,GAPDHS,0,0,0,0
ENSG00000105697,HAMP,0.07148277989112432,0,1.1806141968266861,3
ENSG00000105707,HPN,0.03408278904638001,0,0.6921289366996177,2
ENSG00000105737,GRIK5,0.04951377580541661,0,1.0015373598473658,4
ENSG00000105808,RASA4,0.03578292503695809,0,0.34606446834980886,4
ENSG00000105851,PIK3CG,0,0,0,0
ENSG00000105954,NPVF,0,0,0,0
ENSG00000105967,TFEC,0,0,0,0
ENSG00000105989,WNT2,0.07826157565036175,0,1.7576549718896044,3
ENSG00000106006,HOXA6,0.007048778853691635,0,0.2467072598792072,1
ENSG00000106031,HOXA13,0,0,0,0
ENSG00000106038,EVX1,0,0,0,0
ENSG00000106128,GHRHR,0.06303668646901138,0,2.2062840264153976,1
ENSG00000106178,CCL24,0.05406043811373225,0,1.0639784423781196,3
ENSG00000106304,SPAM1,0,0,0,0
ENSG00000106328,FSCN3,0.03138669592660009,0,1.0985343574310027,1
ENSG00000106331,PAX4,0,0,0,0
ENSG00000106341,PPP1R17,0,0,0,0
ENSG00000106384,MOGAT3,0,0,0,0
ENSG00000106410,NOBOX,0,0,0,0
ENSG00000106436,MYL10,0,0,0,0
ENSG00000106483,SFRP4,0.0330668789585713,0,0.8385230925067061,2
ENSG00000106511,MEOX2,0.02732722894656766,0,0.9564530131298682,1
ENSG00000106536,POU6F2,0.07133695794322303,0,1.068204025900743,4
ENSG00000106631,MYL7,0.0461964442275516,0,0.6808186163042442,3
ENSG00000106648,GALNTL5,0.011978901321524371,0,0.41926154625335305,1
ENSG00000106809,OGN,0.08539094138111104,0,1.9736580790336575,3
ENSG00000106927,AMBP,0.05723070627699233,0,2.0030747196947316,1
ENSG00000106952,TNFSF8,0.01866248751362945,0,0.6531870629770307,1
ENSG00000107147,KCNT1,0.025109356741280047,0,0.8788274859448022,1
ENSG00000107165,TYRP1,0.09684016360551953,0,1.4462427937939792,4
ENSG00000107187,LHX3,0,0,0,0
ENSG00000107317,PTGDS,0,0,0,0
ENSG00000107447,DNTT,0,0,0,0
ENSG00000107562,CXCL12,0.014307676569248083,0,0.5007686799236829,1
ENSG00000107719,PALD1,0.10954919653576232,0,3.8342218787516797,1
ENSG00000107859,PITX3,0.027547481786552,0,0.9641618625293196,1
ENSG00000108018,SORCS1,0.09249115223084833,0,2.50010000400016,3
ENSG00000108231,LGI1,0.03917584313686155,0,0.5341020129503715,3
ENSG00000108255,CRYBA1,0,0,0,0
ENSG00000108405,P2RX1,0.023561140305000144,0,0.8246399106750049,1
ENSG00000108417,KRT37,0.02630574872501797,0,0.6018835343323397,2
ENSG00000108684,ASIC2,0.013273472626482418,0,0.4645715419268848,1
ENSG00000108688,CCL7,0.006086066474209015,0,0.21301232659731553,1
ENSG00000108700,CCL8,0,0,0,0
ENSG00000108702,CCL1,0.013616030261354932,0,0.47656105914742275,1
ENSG00000108798,ABI3,0,0,0,0
ENSG00000108823,SGCA,0.06564375878679665,0,0.979780594465546,4
ENSG00000108825,PTGES3L-AARSD1,0,0,0,0
ENSG00000108849,PPY,0.011905238114286475,0,0.41668333400002666,1
ENSG00000109047,RCVRN,0.018218152631045113,0,0.6376353420865788,1
ENSG00000109061,MYH1,0,0,0,0
ENSG00000109072,VTN,0.033960213256473505,0,0.4412568052830795,3
ENSG00000109132,PHOX2B,0,0,0,0
ENSG00000109158,GABRA4,0,0,0,0
ENSG00000109181,UGT2B10,0.03409207506882778,0,0.6591206144586016,2
ENSG00000109208,SMR3A,0.02343509303314135,0,0.41231995533750243,3
ENSG00000109424,UCP1,0.02451237952379947,0,0.8579332833329816,1
ENSG00000109471,IL2,0.04350098378697731,0,0.47656105914742275,4
ENSG00000109625,CPZ,0,0,0,0
ENSG00000109705,NKX3-2,0.061345604950582895,0,1.068204025900743,3
ENSG00000109758,HGFAC,0.06034939482300176,0,1.5023060397710486,3
ENSG00000109851,DBX1,0,0,0,0
ENSG00000109943,CRTAM,0.08978157975672571,0,2.1970687148620054,2
ENSG00000109956,B3GAT1,0.03316041486114381,0,0.6598458402163503,2
ENSG00000110076,NRXN2,0,0,0,0
ENSG00000110077,MS4A6A,0,0,0,0
ENSG00000110079,MS4A4A,0.017196672409495427,0,0.6018835343323397,1
ENSG00000110148,CCKBR,0.07517801963704324,0,1.7732974039635325,2
ENSG00000110243,APOA5,0.027547481786552,0,0.9641618625293196,1
ENSG00000110244,APOA4,0,0,0,0
ENSG00000110245,APOC3,0,0,0,0
ENSG00000110324,IL10RA,0.013616030261354932,0,0.47656105914742275,1
ENSG00000110484,SCGB2A2,0,0,0,0
ENSG00000110665,C11orf21,0,0,0,0
ENSG00000110786,PTPN5,0.011316439096848572,0,0.39607536838970014,1
ENSG00000110887,DAO,0,0,0,0
ENSG00000111046,MYF6,0,0,0,0
ENSG00000111049,MYF5,0,0,0,0
ENSG00000111052,LIN7A,0.033369915227909136,0,0.6531870629770307,2
ENSG00000111241,FGF6,0,0,0,0
ENSG00000111249,CUX2,0.030197053952569476,0,0.6376353420865788,2
ENSG00000111262,KCNA1,0,0,0,0
ENSG00000111305,GSG1,0.04954405941671175,0,1.0295972133333662,3
ENSG00000111452,ADGRD1,0.06266950126105353,0,1.0518928180124443,3
ENSG00000111536,IL26,0.013273472626482418,0,0.4645715419268848,1
ENSG00000111537,IFNG,0.007946372475005382,0,0.27812303662518834,1
ENSG00000111664,GNB3,0.03706988212560405,0,0.4394137429724011,4
ENSG00000111701,APOBEC1,0,0,0,0
ENSG00000111704,NANOG,0.006277339185320012,0,0.21970687148620055,1
ENSG00000111729,CLEC4A,0,0,0,0
ENSG00000111732,AICDA,0,0,0,0
ENSG00000111783,RFX4,0.21044059999212186,0,7.0107615189315595,2
ENSG00000111796,KLRB1,0.04846428763608057,0,1.2316785253359352,2
ENSG00000111886,GABRR2,0.06453256100436397,0,1.6830285088199108,2
ENSG00000112038,OPRM1,0,0,0,0
ENSG00000112077,RHAG,0,0,0,0
ENSG00000112115,IL17A,0,0,0,0
ENSG00000112116,IL17F,0,0,0,0
ENSG00000112164,GLP1R,0,0,0,0
ENSG00000112175,BMP5,0,0,0,0
ENSG00000112195,TREML2,0.015710283519559106,0,0.5498599231845688,1
ENSG00000112212,TSPO2,0.03290695592905453,0,0.6018835343323397,2
ENSG00000112214,FHL5,0,0,0,0
ENSG00000112232,KHDRBS2,0.1258018581169332,0,1.9736580790336575,5
ENSG00000112238,PRDM13,0.034393344818990854,0,1.2037670686646793,1
ENSG00000112246,SIM1,0.03933306840160547,0,1.0985343574310027,2
ENSG00000112273,HDGFL1,0,0,0,0
ENSG00000112333,NR2E1,0.009109076315522557,0,0.3188176710432894,1
ENSG00000112337,SLC17A2,0,0,0,0
ENSG00000112462,OR12D3,0,0,0,0
ENSG00000112486,CCR6,0.0076300287564338804,0,0.26705100647518576,1
ENSG00000112494,UNC93A,0,0,0,0
ENSG00000112499,SLC22A2,0.034706485608057586,0,0.6018835343323397,3
ENSG00000112706,IMPG1,0.06284113407823642,0,2.199439692738275,1
ENSG00000112799,LY86,0.013273472626482418,0,0.4645715419268848,1
ENSG00000112936,C7,0,0,0,0
ENSG00000113088,GZMK,0,0,0,0
ENSG00000113100,CDH9,0,0,0,0
ENSG00000113196,HAND1,0,0,0,0
ENSG00000113249,HAVCR1,0.015710283519559106,0,0.5498599231845688,1
ENSG00000113263,ITK,0.008958287748712861,0,0.31354007120495014,1
ENSG00000113327,GABRG2,0,0,0,0
ENSG00000113492,AGXT2,0,0,0,0
ENSG00000113494,PRLR,0,0,0,0
ENSG00000113520,IL4,0.03124374721049575,0,0.709318961585413,3
ENSG00000113525,IL5,0.03925772309046791,0,0.4412568052830795,4
ENSG00000113721,PDGFRB,0.014307676569248083,0,0.5007686799236829,1
ENSG00000113722,CDX1,0.017196672409495427,0,0.6018835343323397,1
ENSG00000113749,HRH2,0,0,0,0
ENSG00000113763,UNC5A,0.039731862375026905,0,1.3906151831259417,1
ENSG00000113905,HRG,0.02353365059047693,0,0.823677770666693,1
ENSG00000114349,GNAT1,0,0,0,0
ENSG00000114487,MORC1,0,0,0,0
ENSG00000114786,ABHD14A-ACY1,0.08492578750676404,0,0.9406202136148505,6
ENSG00000115085,ZAP70,0.08874047263091445,0,1.4910862861812086,5
ENSG00000115155,OTOF,0.03831377054820333,0,0.9291430838537696,2
ENSG00000115165,CYTIP,0.07518810236182658,0,1.214100563949712,4
ENSG00000115194,SLC30A3,0.03138669592660009,0,1.0985343574310027,1
ENSG00000115263,GCG,0,0,0,0
ENSG00000115266,APC2,0.05822790781627909,0,0.9291430838537696,4
ENSG00000115386,REG1A,0.08695126843812456,0,1.6495797695537062,2
ENSG00000115488,NEU2,0,0,0,0
ENSG00000115523,GNLY,0.04743831028550331,0,1.333747328504101,2
ENSG00000115592,PRKAG3,0,0,0,0
ENSG00000115593,SMYD1,0,0,0,0
ENSG00000115607,IL18RAP,0,0,0,0
ENSG00000115665,SLC5A7,0.09970023817323097,0,2.2317236973030257,2
ENSG00000115844,DLX2,0.03396491786820793,0,0.6921289366996177,2
ENSG00000115850,LCT,0.06751591991335959,0,2.0963077312667653,2
ENSG00000116014,KISS1R,0.04215564645469176,0,1.0631276705767085,2
ENSG00000116031,CD207,0,0,0,0
ENSG00000116132,PRRX1,0.03964358312958719,0,1.0997198463691376,2
ENSG00000116147,TNR,0.016379331023767423,0,0.29515354920667153,2
ENSG00000116176,TPSG1,0.02732722894656766,0,0.9564530131298682,1
ENSG00000116183,PAPPA2,0,0,0,0
ENSG00000116218,NPHS2,0,0,0,0
ENSG00000116254,CHD5,0.04595236738395729,0,1.0212279244563662,3
ENSG00000116329,OPRD1,0.01953945518731754,0,0.39607536838970014,2
ENSG00000116544,DLGAP3,0.07574512728638834,0,1.2037670686646793,6
ENSG00000116690,PRG4,0.10915800966924472,0,0.5562460732503767,9
ENSG00000116703,PDC,0.016807714019046367,0,0.41668333400002666,2
ENSG00000116721,PRAMEF1,0,0,0,0
ENSG00000116726,PRAMEF12,0.016446032180937927,0,0.5756111263328275,1
ENSG00000116783,TNNI3K,0.011316439096848572,0,0.39607536838970014,1
ENSG00000116824,CD2,0,0,0,0
ENSG00000116981,NT5C1A,0,0,0,0
ENSG00000116983,HPCAL4,0.06397340910564259,0,1.2037670686646793,3
ENSG00000116996,ZP4,0,0,0,0
ENSG00000117090,SLAMF1,0,0,0,0
ENSG00000117091,CD48,0,0,0,0
ENSG00000117148,ACTL8,0,0,0,0
ENSG00000117154,IGSF21,0,0,0,0
ENSG00000117215,PLA2G2D,0.006075015260438336,0,0.21262553411534169,1
ENSG00000117281,CD160,0.04124623038241935,0,0.8011530194255573,3
ENSG00000117322,CR2,0.06636736313241208,0,2.322857709634424,1
ENSG00000117560,FASLG,0,0,0,0
ENSG00000117601,SERPINC1,0.03644645471881843,0,0.834369109875565,2
ENSG00000118004,COLEC11,0.050974425836193375,0,0.8579332833329816,3
ENSG00000118017,A4GNT,0,0,0,0
ENSG00000118113,MMP8,0,0,0,0
ENSG00000118156,ZNF541,0.017196672409495427,0,0.6018835343323397,1
ENSG00000118160,SLC8A2,0.08690417009235342,0,1.5940883552164469,5
ENSG00000118231,CRYGD,0,0,0,0
ENSG00000118245,TNP1,0,0,0,0
ENSG00000118271,TTR,0,0,0,0
ENSG00000118434,SPACA1,0,0,0,0
ENSG00000118473,SGIP1,0,0,0,0
ENSG00000118491,ZC2HC1B,0.016865917097524087,0,0.5903070984133431,1
ENSG00000118514,ALDH8A1,0.08870413127018568,0,2.0834166700001333,2
ENSG00000118520,ARG1,0.09168618255311672,0,0.9564530131298682,6
ENSG00000118526,TCF21,0,0,0,0
ENSG00000118702,GHRH,0,0,0,0
ENSG00000118733,OLFM3,0,0,0,0
ENSG00000118946,PCDH17,0.05619650233422666,0,1.5023060397710486,2
ENSG00000118972,FGF23,0.018415917308813,0,0.26705100647518576,3
ENSG00000119283,TRIM67,0,0,0,0
ENSG00000119508,NR4A3,0.1270773947277482,0,1.6830285088199108,8
ENSG00000119547,ONECUT2,0.03870866931341984,0,1.0669978628032808,2
ENSG00000119608,PROX2,0.033621455839322016,0,0.8579332833329816,2
ENSG00000119614,VSX2,0,0,0,0
ENSG00000119715,ESRRB,0.0076300287564338804,0,0.26705100647518576,1
ENSG00000119865,CNRIP1,0.014307676569248083,0,0.5007686799236829,1
ENSG00000119913,TECTB,0,0,0,0
ENSG00000119919,NKX2-3,0,0,0,0
ENSG00000119973,PRLHR,0.007946372475005382,0,0.27812303662518834,1
ENSG00000120054,CPN1,0.0794847553212458,0,2.503843399618414,2
ENSG00000120057,SFRP5,0.009725980232917777,0,0.3404093081521221,1
ENSG00000120068,HOXB8,0.010700627032667704,0,0.37452194614336964,1
ENSG00000120088,CRHR1,0,0,0,0
ENSG00000120160,EQTN,0,0,0,0
ENSG00000120211,INSL4,0,0,0,0
ENSG00000120235,IFNA6,0,0,0,0
ENSG00000120242,IFNA8,0,0,0,0
ENSG00000120251,GRIA2,0.014307676569248083,0,0.5007686799236829,1
ENSG00000120280,TASL,0,0,0,0
ENSG00000120289,MAGEB4,0,0,0,0
ENSG00000120322,PCDHB8,0.03607745207708467,0,0.5562460732503767,3
ENSG00000120329,SLC25A2,0,0,0,0
ENSG00000120332,TNN,0.03085589428416611,0,0.7921507367794003,2
ENSG00000120337,TNFSF18,0,0,0,0
ENSG00000120341,SEC16B,0.07263606211181706,0,0.8011530194255573,10
ENSG00000120436,GPR31,0,0,0,0
ENSG00000120440,TTLL2,0,0,0,0
ENSG00000120563,LYZL1,0,0,0,0
ENSG00000120645,IQSEC3,0,0,0,0
ENSG00000120903,CHRNA2,0,0,0,0
ENSG00000120907,ADRA1A,0,0,0,0
ENSG00000120937,NPPB,0,0,0,0
ENSG00000120949,TNFRSF8,0,0,0,0
ENSG00000120952,PRAMEF2,0,0,0,0
ENSG00000121068,TBX2,0,0,0,0
ENSG00000121075,TBX4,0.04394137429724011,0,1.5379481004034037,1
ENSG00000121314,TAS2R8,0,0,0,0
ENSG00000121335,PRB2,0,0,0,0
ENSG00000121351,IAPP,0.0202662560452975,0,0.709318961585413,1
ENSG00000121361,KCNJ8,0.0202662560452975,0,0.709318961585413,1
ENSG00000121377,TAS2R7,0,0,0,0
ENSG00000121381,TAS2R9,0,0,0,0
ENSG00000121410,A1BG,0.006752046975881382,0,0.23632164415584844,1
ENSG00000121570,DPPA4,0,0,0,0
ENSG00000121594,CD80,0,0,0,0
ENSG00000121634,GJA8,0,0,0,0
ENSG00000121764,HCRTR1,0.03708159675717872,0,0.8385230925067061,3
ENSG00000121807,CCR2,0,0,0,0
ENSG00000121853,GHSR,0,0,0,0
ENSG00000121871,SLITRK3,0,0,0,0
ENSG00000121905,HPCA,0.06739797164571826,0,0.8520493063892621,5
ENSG00000121933,TMIGD3,0.04977976031983341,0,1.2037670686646793,3
ENSG00000122025,FLT3,0.06240825049673347,0,1.765027221132318,2
ENSG00000122121,XPNPEP2,0.04439282719382379,0,1.1124921465007533,2
ENSG00000122122,SASH3,0,0,0,0
ENSG00000122133,PAEP,0,0,0,0
ENSG00000122136,OBP2A,0,0,0,0
ENSG00000122145,TBX22,0,0,0,0
ENSG00000122180,MYOG,0,0,0,0
ENSG00000122223,CD244,0.044750836112121675,0,0.8854606476200146,2
ENSG00000122224,LY9,0.05193370907627783,0,1.4910862861812086,2
ENSG00000122254,HS3ST2,0.025298875646286127,0,0.8854606476200146,1
ENSG00000122304,PRM2,0,0,0,0
ENSG00000122375,OPN4,0.27686851263362683,0,8.101538005506187,4
ENSG00000122543,OCM,0.04586286297357912,0,0.32992292010817514,6
ENSG00000122548,NA,0.05723070627699233,0,2.0030747196947316,1
ENSG00000122584,NXPH1,0,0,0,0
ENSG00000122585,NPY,0,0,0,0
ENSG00000122592,HOXA7,0.006752046975881382,0,0.23632164415584844,1
ENSG00000122679,RAMP3,0.018218152631045113,0,0.6376353420865788,1
ENSG00000122711,SPINK4,0.07737738770433412,0,1.214100563949712,5
ENSG00000122728,TAF1L,0.021938581050617002,0,0.4412568052830795,2
ENSG00000122756,CNTFR,0,0,0,0
ENSG00000122852,SFTPA1,0.10280710642265843,0,2.3828651570648547,3
ENSG00000122859,NEUROG3,0,0,0,0
ENSG00000123165,ACTRT1,0,0,0,0
ENSG00000123171,CCDC70,0.006752046975881382,0,0.23632164415584844,1
ENSG00000123307,NEUROD4,0,0,0,0
ENSG00000123329,ARHGAP9,0.035804346573134894,0,0.41668333400002666,4
ENSG00000123338,NCKAP1L,0,0,0,0
ENSG00000123360,PDE1B,0,0,0,0
ENSG00000123388,HOXC11,0.014307676569248083,0,0.5007686799236829,1
ENSG00000123407,HOXC12,0,0,0,0
ENSG00000123560,PLP1,0,0,0,0
ENSG00000123561,SERPINA7,0,0,0,0
ENSG00000123569,H2BW1,0,0,0,0
ENSG00000123572,NRK,0,0,0,0
ENSG00000123576,ESX1,0.017196672409495427,0,0.6018835343323397,1
ENSG00000123584,MAGEA9,0,0,0,0
ENSG00000123594,ATXN3L,0,0,0,0
ENSG00000124003,MOGAT1,0.045780172538603274,0,1.6023060388511146,1
ENSG00000124019,FAM124B,0,0,0,0
ENSG00000124089,MC3R,0,0,0,0
ENSG00000124092,CTCFL,0.014307676569248083,0,0.5007686799236829,1
ENSG00000124103,FAM209A,0,0,0,0
ENSG00000124140,SLC12A5,0.05755224338380483,0,0.6270801424099003,5
ENSG00000124157,SEMG2,0,0,0,0
ENSG00000124194,GDAP1L1,0.047447370694456203,0,1.0015373598473658,2
ENSG00000124196,GTSF1L,0,0,0,0
ENSG00000124203,ZNF831,0,0,0,0
ENSG00000124205,EDN3,0,0,0,0
ENSG00000124208,PEDS1-UBE2V1,0,0,0,0
ENSG00000124212,PTGIS,0.009109076315522557,0,0.3188176710432894,1
ENSG00000124227,ANKRD60,0,0,0,0
ENSG00000124232,RBPJL,0,0,0,0
ENSG00000124233,SEMG1,0.014189805391076003,0,0.4966431886876601,1
ENSG00000124253,PCK1,0,0,0,0
ENSG00000124260,MAGEA10,0,0,0,0
ENSG00000124334,IL9R,0.015892744950010765,0,0.5562460732503767,1
ENSG00000124449,IRGC,0,0,0,0
ENSG00000124467,PSG8,0.08398062375866683,0,1.214100563949712,4
ENSG00000124469,CEACAM8,0.07761339810667874,0,2.503843399618414,2
ENSG00000124491,F13A1,0,0,0,0
ENSG00000124557,BTN1A1,0.06983804357079461,0,2.0030747196947316,2
ENSG00000124564,SLC17A3,0,0,0,0
ENSG00000124568,SLC17A1,0,0,0,0
ENSG00000124721,DNAH8,0.014307676569248083,0,0.5007686799236829,1
ENSG00000124780,KCNK17,0,0,0,0
ENSG00000124812,CRISP1,0,0,0,0
ENSG00000124827,GCM2,0.012150030520876673,0,0.42525106823068337,1
ENSG00000124900,TRIM51,0,0,0,0
ENSG00000124935,SCGB1D2,0,0,0,0
ENSG00000125084,WNT1,0.009109076315522557,0,0.3188176710432894,1
ENSG00000125255,SLC10A2,0,0,0,0
ENSG00000125363,AMELX,0,0,0,0
ENSG00000125414,MYH2,0,0,0,0
ENSG00000125462,NA,0,0,0,0
ENSG00000125492,BARHL1,0,0,0,0
ENSG00000125498,KIR2DL1,0,0,0,0
ENSG00000125522,NPBWR2,0,0,0,0
ENSG00000125533,BHLHE23,0,0,0,0
ENSG00000125551,PLGLB2,0,0,0,0
ENSG00000125787,GNRH2,0.09135038167567926,0,1.5023060397710486,4
ENSG00000125788,DEFB126,0.024077361629641972,0,0.4966431886876601,2
ENSG00000125810,CD93,0.035106298082207624,0,0.7490438922867393,3
ENSG00000125815,CST8,0.007048778853691635,0,0.2467072598792072,1
ENSG00000125816,NKX2-4,0,0,0,0
ENSG00000125820,NKX2-2,0.006752046975881382,0,0.23632164415584844,1
ENSG00000125831,CST11,0,0,0,0
ENSG00000125851,PCSK2,0.034626169241424413,0,1.0015373598473658,2
ENSG00000125861,GFRA4,0,0,0,0
ENSG00000125869,LAMP5,0.011905238114286475,0,0.41668333400002666,1
ENSG00000125879,OTOR,0,0,0,0
ENSG00000125888,BANF2,0,0,0,0
ENSG00000125900,SIRPD,0,0,0,0
ENSG00000125903,DEFB129,0,0,0,0
ENSG00000125954,CHURC1-FNTB,0,0,0,0
ENSG00000125975,C20orf173,0,0,0,0
ENSG00000126010,GRPR,0,0,0,0
ENSG00000126218,F10,0.03705320917948544,0,0.9564530131298682,2
ENSG00000126251,GPR42,0,0,0,0
ENSG00000126266,FFAR1,0,0,0,0
ENSG00000126337,KRT36,0.012607337293802279,0,0.4412568052830795,1
ENSG00000126550,HTN1,0,0,0,0
ENSG00000126733,DACH2,0.07701212154907539,0,1.3842578733992355,3
ENSG00000126752,SSX1,0.021898113181335797,0,0.42602465319463106,2
ENSG00000126856,PRDM7,0.011905238114286475,0,0.41668333400002666,1
ENSG00000126882,FAM78A,0.054907240349908876,0,1.7020465407606105,2
ENSG00000126890,CTAG2,0.05428030916121663,0,0.979780594465546,3
ENSG00000126952,NA,0.006277339185320012,0,0.21970687148620055,1
ENSG00000127074,RGS13,0.03513165775803338,0,0.9932863773753202,2
ENSG00000127318,IL22,0,0,0,0
ENSG00000127362,TAS2R3,0,0,0,0
ENSG00000127364,TAS2R4,0.0482242832164544,0,1.0015373598473658,3
ENSG00000127377,CRYGN,0.03606489661756951,0,1.2622713816149331,1
ENSG00000127412,TRPV5,0.009331243756814725,0,0.32659353148851533,1
ENSG00000127472,PLA2G5,0.014307676569248083,0,0.5007686799236829,1
ENSG00000127515,OR7A10,0,0,0,0
ENSG00000127529,OR7C2,0,0,0,0
ENSG00000127530,OR7C1,0.03544219968574748,0,0.41231995533750243,4
ENSG00000127533,F2RL3,0.04280250813067082,0,1.4980877845734786,1
ENSG00000127588,GNG13,0.01409755770738327,0,0.4934145197584144,1
ENSG00000127780,OR1E2,0,0,0,0
ENSG00000127928,GNGT1,0.024218962852629516,0,0.3188176710432894,3
ENSG00000128218,VPREB3,0.06633777147629241,0,0.8415142544099554,4
ENSG00000128242,GAL3ST1,0.016865917097524087,0,0.5903070984133431,1
ENSG00000128250,RFPL1,0,0,0,0
ENSG00000128253,RFPL2,0,0,0,0
ENSG00000128271,ADORA2A,0.03431953914285604,0,1.0295972133333662,2
ENSG00000128276,RFPL3,0,0,0,0
ENSG00000128313,APOL5,0,0,0,0
ENSG00000128322,IGLL1,0,0,0,0
ENSG00000128482,RNF112,0.012554678370640024,0,0.4394137429724011,1
ENSG00000128519,TAS2R16,0,0,0,0
ENSG00000128564,VGF,0.011780570152500072,0,0.41231995533750243,1
ENSG00000128610,FEZF1,0,0,0,0
ENSG00000128645,HOXD1,0.009887556238565971,0,0.34606446834980886,1
ENSG00000128652,HOXD3,0,0,0,0
ENSG00000128709,HOXD9,0,0,0,0
ENSG00000128710,HOXD10,0,0,0,0
ENSG00000128713,HOXD11,0,0,0,0
ENSG00000128714,HOXD13,0,0,0,0
ENSG00000129152,MYOD1,0,0,0,0
ENSG00000129159,KCNC1,0.03907891037463508,0,0.7921507367794003,2
ENSG00000129221,AIPL1,0.055491565102582754,0,1.4414360986667127,2
ENSG00000129226,CD68,0,0,0,0
ENSG00000129244,ATP1B2,0.0496529798294177,0,1.1816082207792422,2
ENSG00000129450,SIGLEC9,0,0,0,0
ENSG00000129596,CDO1,0.013504093951762764,0,0.4726432883116969,1
ENSG00000129673,AANAT,0.22427232470980635,0,7.148415887211341,3
ENSG00000129744,ART1,0,0,0,0
ENSG00000129862,VCY1B,0,0,0,0
ENSG00000129864,VCY,0,0,0,0
ENSG00000129873,CDY2B,0,0,0,0
ENSG00000129910,CDH15,0.0645345144250494,0,1.5379481004034037,3
ENSG00000129965,INS-IGF2,0,0,0,0
ENSG00000129988,LBP,0.10619700275713383,0,1.9865727547506404,2
ENSG00000130032,PRRG3,0,0,0,0
ENSG00000130035,GALNT8,0.009109076315522557,0,0.3188176710432894,1
ENSG00000130037,KCNA5,0,0,0,0
ENSG00000130052,STARD8,0,0,0,0
ENSG00000130167,TSPAN16,0.07687896214371967,0,1.5023060397710486,3
ENSG00000130182,ZSCAN10,0.04260246531946311,0,1.4910862861812086,1
ENSG00000130224,LRCH2,0,0,0,0
ENSG00000130283,GDF1,0,0,0,0
ENSG00000130287,NCAN,0.028379610782152006,0,0.9932863773753202,1
ENSG00000130300,PLVAP,0.03920691444866334,0,0.8788274859448022,2
ENSG00000130368,MAS1,0.042923029707744254,0,1.5023060397710486,1
ENSG00000130377,ACSBG2,0.06434973198727574,0,0.9564530131298682,5
ENSG00000130383,FUT5,0,0,0,0
ENSG00000130427,EPO,0,0,0,0
ENSG00000130477,UNC13A,0,0,0,0
ENSG00000130528,HRC,0.08147748819677553,0,1.4369582795585911,4
ENSG00000130538,OR11H1,0,0,0,0
ENSG00000130643,CALY,0.04460086183492757,0,0.9291430838537696,3
ENSG00000130656,HBZ,0,0,0,0
ENSG00000130700,GATA5,0,0,0,0
ENSG00000130711,PRDM12,0.027884919014597595,0,0.6808186163042442,2
ENSG00000130755,GMFG,0.07842355314181326,0,0.7490438922867393,6
ENSG00000130822,PNCK,0.03850088880316986,0,0.4207571272049777,4
ENSG00000130876,SLC7A10,0,0,0,0
ENSG00000130950,NUTM2F,0,0,0,0
ENSG00000131042,LILRB2,0,0,0,0
ENSG00000131055,COX4I2,0.015710283519559106,0,0.5498599231845688,1
ENSG00000131059,BPIFA3,0,0,0,0
ENSG00000131068,DEFB118,0,0,0,0
ENSG00000131096,PYY,0.05723070627699233,0,2.0030747196947316,1
ENSG00000131097,HIGD1B,0.0377460456810024,0,0.6591206144586016,3
ENSG00000131142,CCL25,0.02897983753440186,0,0.4966431886876601,3
ENSG00000131183,SLC34A1,0.0677255936454711,0,1.3906151831259417,2
ENSG00000131233,GJA9,0.005350313516333852,0,0.18726097307168482,1
ENSG00000131264,CDX4,0,0,0,0
ENSG00000131379,C3orf20,0.011905238114286475,0,0.41668333400002666,1
ENSG00000131386,GALNT15,0,0,0,0
ENSG00000131398,KCNC3,0.07244452980896893,0,1.0381934050494266,5
ENSG00000131409,LRRC4B,0,0,0,0
ENSG00000131471,AOC3,0.0490671593843288,0,0.8788274859448022,2
ENSG00000131482,G6PC1,0.009426369145947865,0,0.32992292010817514,1
ENSG00000131668,BARX1,0.009109076315522557,0,0.3188176710432894,1
ENSG00000131721,RHOXF2,0.13808081542572231,0,3.004612079542097,6
ENSG00000131738,KRT33B,0.027908557532524268,0,0.41668333400002666,3
ENSG00000131808,FSHB,0.06198183401974195,0,2.169364190690969,1
ENSG00000131864,USP29,0,0,0,0
ENSG00000131914,LIN28A,0.02821262852030288,0,0.709318961585413,2
ENSG00000132026,RTBDN,0.01847580551156271,0,0.28780556316641376,3
ENSG00000132164,SLC6A11,0.0985022414824379,0,2.550541368346315,3
ENSG00000132185,FCRLA,0,0,0,0
ENSG00000132207,SLX1A,0,0,0,0
ENSG00000132297,HHLA1,0,0,0,0
ENSG00000132446,FTHL17,0,0,0,0
ENSG00000132464,ENAM,0.04207571272049775,0,1.472649945217422,1
ENSG00000132465,JCHAIN,0.058652365265678026,0,1.765027221132318,2
ENSG00000132514,CLEC10A,0,0,0,0
ENSG00000132622,HSPA12B,0.0381284097851544,0,0.8579332833329816,2
ENSG00000132631,SCP2D1,0,0,0,0
ENSG00000132639,SNAP25,0.07648436441905003,0,2.676952754666752,1
ENSG00000132671,SSTR4,0,0,0,0
ENSG00000132681,ATP1A4,0.05031012092370809,0,0.6018835343323397,4
ENSG00000132688,NES,0.02405482528362553,0,0.3404093081521221,3
ENSG00000132693,CRP,0.030520115025735522,0,1.068204025900743,1
ENSG00000132702,HAPLN2,0.05899042944068784,0,1.0631276705767085,2
ENSG00000132703,APCS,0,0,0,0
ENSG00000132855,ANGPTL3,0.031504348978743504,0,0.6018835343323397,2
ENSG00000132872,SYT4,0,0,0,0
ENSG00000132874,SLC14A2,0.0667745785654343,0,1.0518928180124443,4
ENSG00000132911,NMUR2,0.06098524214943269,0,1.2037670686646793,3
ENSG00000132958,TPTE2,0.08029742260193415,0,0.6591206144586016,7
ENSG00000133020,MYH8,0,0,0,0
ENSG00000133055,MYBPH,0,0,0,0
ENSG00000133063,CHIT1,0.02140125406533541,0,0.7490438922867393,1
ENSG00000133105,RXFP2,0.014307676569248083,0,0.5007686799236829,1
ENSG00000133107,TRPC4,0,0,0,0
ENSG00000133124,IRS4,0,0,0,0
ENSG00000133169,BEX1,0.0423060908995317,0,0.3546594807927065,6
ENSG00000133317,LGALS12,0,0,0,0
ENSG00000133454,MYO18B,0.028615353138496166,0,1.0015373598473658,1
ENSG00000133561,GIMAP6,0,0,0,0
ENSG00000133574,GIMAP4,0,0,0,0
ENSG00000133800,LYVE1,0.041995941244339544,0,1.233536299396036,2
ENSG00000133937,GSC,0.07180459773739385,0,1.0381934050494266,4
ENSG00000133980,VRTN,0,0,0,0
ENSG00000134020,PEBP4,0.05611352425625379,0,0.7231213968969896,4
ENSG00000134028,ADAMDEC1,0,0,0,0
ENSG00000134042,MRO,0,0,0,0
ENSG00000134160,TRPM1,0.042642493784533,0,0.8333666680000533,2
ENSG00000134183,GNAT2,0,0,0,0
ENSG00000134193,REG4,0.011905238114286475,0,0.41668333400002666,1
ENSG00000134200,TSHB,0,0,0,0
ENSG00000134201,GSTM5,0.12431024219060985,0,2.503843399618414,5
ENSG00000134207,SYT6,0,0,0,0
ENSG00000134216,CHIA,0.029885491489011276,0,0.8333666680000533,2
ENSG00000134249,ADAM30,0,0,0,0
ENSG00000134259,NGF,0,0,0,0
ENSG00000134323,MYCN,0,0,0,0
ENSG00000134365,CFHR4,0,0,0,0
ENSG00000134389,CFHR5,0,0,0,0
ENSG00000134438,RAX,0,0,0,0
ENSG00000134460,IL2RA,0,0,0,0
ENSG00000134489,HRH4,0.031331381964302504,0,0.4645715419268848,3
ENSG00000134516,DOCK2,0.03627292548588261,0,0.9291430838537696,2
ENSG00000134538,SLCO1B1,0.040848090784064824,0,1.4296831774422682,1
ENSG00000134588,USP26,0.053410201295037166,0,1.8693570453263002,1
ENSG00000134594,RAB33A,0.1383374873640451,0,2.8924855875879585,6
ENSG00000134595,SOX3,0,0,0,0
ENSG00000134640,MTNR1B,0.046583219585278765,0,1.2757532046920501,2
ENSG00000134760,DSG1,0.10456042148534274,0,2.8593663548845365,2
ENSG00000134812,CBLIF,0,0,0,0
ENSG00000134817,APLNR,0,0,0,0
ENSG00000135077,HAVCR2,0,0,0,0
ENSG00000135094,SDS,0.07316184797785372,0,0.882513610566159,5
ENSG00000135144,DTX1,0.08044685291844338,0,1.214100563949712,6
ENSG00000135175,OCM2,0,0,0,0
ENSG00000135220,UGT2A3,0,0,0,0
ENSG00000135222,CSN2,0.017196672409495427,0,0.6018835343323397,1
ENSG00000135248,GARIN1B,0.033583444241466254,0,0.4820809312646598,3
ENSG00000135298,ADGRB3,0,0,0,0
ENSG00000135312,HTR1B,0,0,0,0
ENSG00000135346,CGA,0.006277339185320012,0,0.21970687148620055,1
ENSG00000135355,GJA10,0,0,0,0
ENSG00000135413,LACRT,0,0,0,0
ENSG00000135426,TESPA1,0.08389470105278667,0,2.590250068497724,2
ENSG00000135443,KRT85,0.06420376219600618,0,2.2471316768602176,1
ENSG00000135502,NA,0,0,0,0
ENSG00000135569,TAAR5,0,0,0,0
ENSG00000135625,EGR4,0.050427344499344905,0,1.1882261051691003,3
ENSG00000135638,EMX1,0.015260057512867761,0,0.5341020129503715,1
ENSG00000135702,CHST5,0.08318444096244339,0,1.0263987711132794,6
ENSG00000135747,ZNF670-ZNF695,0.018535445461470422,0,0.32992292010817514,2
ENSG00000135824,RGS8,0,0,0,0
ENSG00000135902,CHRND,0.05249118317681268,0,1.4179298649350907,2
ENSG00000135973,GPR45,0,0,0,0
ENSG00000136099,PCDH8,0.04862990116458888,0,1.7020465407606105,1
ENSG00000136110,CNMD,0.007946372475005382,0,0.27812303662518834,1
ENSG00000136160,EDNRB,0.022632878193697144,0,0.7921507367794003,1
ENSG00000136250,AOAH,0.011766825295238465,0,0.4118388853333465,1
ENSG00000136275,NA,0,0,0,0
ENSG00000136286,MYO1G,0,0,0,0
ENSG00000136297,MMD2,0,0,0,0
ENSG00000136305,CIDEB,0,0,0,0
ENSG00000136487,GH2,0,0,0,0
ENSG00000136488,CSH1,0,0,0,0
ENSG00000136535,TBR1,0,0,0,0
ENSG00000136574,GATA4,0,0,0,0
ENSG00000136630,HLX,0.03468858754142033,0,1.214100563949712,1
ENSG00000136634,IL10,0.015260057512867761,0,0.5341020129503715,1
ENSG00000136696,IL36B,0,0,0,0
ENSG00000136697,IL1F10,0,0,0,0
ENSG00000136698,CFC1,0.025537467522952453,0,0.41668333400002666,6
ENSG00000136750,GAD2,0,0,0,0
ENSG00000136834,OR1J1,0.006277339185320012,0,0.21970687148620055,1
ENSG00000136839,OR13C9,0,0,0,0
ENSG00000136881,BAAT,0.008432958548762044,0,0.29515354920667153,1
ENSG00000136929,HEMGN,0.06763551027725356,0,0.8788274859448022,5
ENSG00000136931,NR5A1,0,0,0,0
ENSG00000136939,OR1L4,0,0,0,0
ENSG00000136944,LMX1B,0.02572929965115557,0,0.6808186163042442,2
ENSG00000137077,CCL21,0.04356606005252158,0,1.1124921465007533,2
ENSG00000137078,SIT1,0.012554678370640024,0,0.4394137429724011,1
ENSG00000137080,IFNA21,0,0,0,0
ENSG00000137225,CAPN11,0,0,0,0
ENSG00000137251,TINAG,0,0,0,0
ENSG00000137252,HCRTR2,0,0,0,0
ENSG00000137265,IRF4,0.020393743043457105,0,0.5007686799236829,2
ENSG00000137270,GCM1,0.06983804357079461,0,2.0030747196947316,2
ENSG00000137392,CLPS,0.017650237942857718,0,0.6177583280000197,1
ENSG00000137463,MGARP,0.0746068937181422,0,1.2316785253359352,6
ENSG00000137491,SLCO2B1,0.08128818471259532,0,1.4899295660629803,3
ENSG00000137558,PI15,0,0,0,0
ENSG00000137571,SLCO5A1,0.014307676569248083,0,0.5007686799236829,1
ENSG00000137634,NXPE4,0.006075015260438336,0,0.21262553411534169,1
ENSG00000137674,MMP20,0,0,0,0
ENSG00000137675,MMP27,0,0,0,0
ENSG00000137731,FXYD2,0.012607337293802279,0,0.4412568052830795,1
ENSG00000137757,CASP5,0.06392709518284095,0,1.3906151831259417,3
ENSG00000137766,UNC13C,0,0,0,0
ENSG00000137878,GCOM1,0.11297465730718859,0,2.3141641996273776,5
ENSG00000137948,BRDT,0,0,0,0
ENSG00000137976,DNASE2B,0,0,0,0
ENSG00000138028,CGREF1,0.10766035643452683,0,2.0030747196947316,5
ENSG00000138039,LHCGR,0,0,0,0
ENSG00000138068,SULT6B1,0.008223016090468964,0,0.28780556316641376,1
ENSG00000138100,TRIM54,0.03952075974813206,0,0.8333666680000533,2
ENSG00000138136,LBX1,0,0,0,0
ENSG00000138207,RBP4,0.02140125406533541,0,0.7490438922867393,1
ENSG00000138308,PLA2G12B,0.01961353647148375,0,0.34606446834980886,2
ENSG00000138395,CDK15,0,0,0,0
ENSG00000138435,CHRNA1,0.014307676569248083,0,0.5007686799236829,1
ENSG00000138472,GUCA1C,0,0,0,0
ENSG00000138483,CCDC54,0.04162971421966108,0,0.4412568052830795,4
ENSG00000138650,PCDH10,0,0,0,0
ENSG00000138653,NDST4,0,0,0,0
ENSG00000138684,IL21,0,0,0,0
ENSG00000138722,MMRN1,0.022456848283866182,0,0.5756111263328275,2
ENSG00000138741,TRPC3,0.01885273829189573,0,0.6598458402163503,1
ENSG00000138755,CXCL9,0,0,0,0
ENSG00000138892,TTLL8,0,0,0,0
ENSG00000138964,PARVG,0,0,0,0
ENSG00000139053,PDE6H,0.018032448308784754,0,0.6311356908074666,1
ENSG00000139151,PLCZ1,0,0,0,0
ENSG00000139155,SLCO1C1,0,0,0,0
ENSG00000139193,CD27,0.0714228015172846,0,0.6311356908074666,6
ENSG00000139200,PIANP,0,0,0,0
ENSG00000139219,COL2A1,0.10084575490314253,0,3.1335260532202884,2
ENSG00000139220,PPFIA2,0,0,0,0
ENSG00000139223,ANP32D,0.008223016090468964,0,0.28780556316641376,1
ENSG00000139329,LUM,0.02827910743784359,0,0.9897687603245254,1
ENSG00000139330,KERA,0.014307676569248083,0,0.5007686799236829,1
ENSG00000139344,AMDHD1,0,0,0,0
ENSG00000139515,PDX1,0,0,0,0
ENSG00000139540,SLC39A5,0.014307676569248083,0,0.5007686799236829,1
ENSG00000139549,DHH,0.0319995855827391,0,0.41926154625335305,3
ENSG00000139572,GPR84,0.05468305001430004,0,1.472649945217422,2
ENSG00000139574,NPFF,0,0,0,0
ENSG00000139610,CELA1,0.06365699350201724,0,0.7921507367794003,5
ENSG00000139648,KRT71,0.032863478221446425,0,0.7089649324675453,2
ENSG00000139656,SMIM2,0.07137412723292565,0,0.7089649324675453,5
ENSG00000139725,RHOF,0.10124511780336093,0,0.6863466266663852,9
ENSG00000139780,METTL21C,0.022632878193697144,0,0.7921507367794003,1
ENSG00000139797,RNF113B,0.056331152662867034,0,1.2622713816149331,2
ENSG00000139800,ZIC5,0,0,0,0
ENSG00000139874,SSTR1,0,0,0,0
ENSG00000139910,NOVA1,0.07025960013317173,0,1.214100563949712,4
ENSG00000139914,FITM1,0.11836886987989907,0,3.079196313339838,5
ENSG00000139915,MDGA2,0,0,0,0
ENSG00000140015,KCNH5,0.07846307133426876,0,1.5023060397710486,3
ENSG00000140030,GPR65,0.009887556238565971,0,0.34606446834980886,1
ENSG00000140090,SLC24A4,0.07875078652647104,0,1.3937146257806543,4
ENSG00000140107,SLC25A47,0.015710283519559106,0,0.5498599231845688,1
ENSG00000140478,GOLGA6D,0,0,0,0
ENSG00000140488,CELF6,0,0,0,0
ENSG00000140505,CYP1A2,0.014307676569248083,0,0.5007686799236829,1
ENSG00000140506,LMAN1L,0,0,0,0
ENSG00000140522,RLBP1,0.07683428745486515,0,2.3431355925704707,2
ENSG00000140538,NTRK3,0.12876908912323273,0,4.506918119313146,1
ENSG00000140557,ST8SIA2,0.014307676569248083,0,0.5007686799236829,1
ENSG00000140623,SEPTIN12,0.011780570152500072,0,0.41231995533750243,1
ENSG00000140678,ITGAX,0.0661189131640888,0,1.6492798213500097,3
ENSG00000140798,ABCC12,0,0,0,0
ENSG00000140839,CLEC18B,0.07041509765769012,0,0.8211190168906235,5
ENSG00000140873,ADAMTS18,0.1228864254716953,0,2.651445121955629,2
ENSG00000140932,CMTM2,0.009109076315522557,0,0.3188176710432894,1
ENSG00000140968,IRF8,0,0,0,0
ENSG00000141052,MYOCD,0,0,0,0
ENSG00000141086,CTRL,0,0,0,0
ENSG00000141096,DPEP3,0,0,0,0
ENSG00000141161,UNC45B,0,0,0,0
ENSG00000141194,OR4D1,0.006075015260438336,0,0.21262553411534169,1
ENSG00000141200,KIF2B,0,0,0,0
ENSG00000141255,SPATA22,0.04637955544407295,0,1.0015373598473658,3
ENSG00000141316,SPACA3,0,0,0,0
ENSG00000141338,ABCA8,0.07088987205349095,0,1.9803768419485006,2
ENSG00000141371,CHCT1,0.004902475904759894,0,0.1715866566665963,1
ENSG00000141391,PRELID3A,0.049484710248669524,0,0.5562460732503767,4
ENSG00000141433,ADCYAP1,0,0,0,0
ENSG00000141434,MEP1B,0.02466904827140688,0,0.8634166894992413,1
ENSG00000141437,SLC25A52,0.015710283519559106,0,0.5498599231845688,1
ENSG00000141469,SLC14A1,0.167502145615892,0,4.006149439389463,4
ENSG00000141485,SLC13A5,0.15019172992646226,0,2.945299890434844,5
ENSG00000141639,MAPK4,0.07720171965016337,0,1.0631276705767085,4
ENSG00000141668,CBLN2,0,0,0,0
ENSG00000141744,PNMT,0.12636665066827107,0,4.006149439389463,2
ENSG00000141748,ARL5C,0,0,0,0
ENSG00000141750,STAC2,0.07522651058859325,0,1.214100563949712,4
ENSG00000141946,ZIM3,0.015242826611475436,0,0.5334989314016404,1
ENSG00000141977,CIB3,0.07495199945967057,0,1.214100563949712,4
ENSG00000142025,DMRTC2,0,0,0,0
ENSG00000142182,DNMT3L,0,0,0,0
ENSG00000142319,SLC6A3,0.008223016090468964,0,0.28780556316641376,1
ENSG00000142405,NLRP12,0.09059616234722788,0,2.9604871185504864,2
ENSG00000142408,CACNG8,0.02630574872501797,0,0.6018835343323397,2
ENSG00000142484,TM4SF5,0.04132223211482378,0,0.8520493063892621,3
ENSG00000142511,GPR32,0,0,0,0
ENSG00000142512,SIGLEC10,0,0,0,0
ENSG00000142513,ACP4,0.029968618745976994,0,0.8385230925067061,2
ENSG00000142515,KLK3,0.009331243756814725,0,0.32659353148851533,1
ENSG00000142538,PTH2,0,0,0,0
ENSG00000142549,IGLON5,0.009109076315522557,0,0.3188176710432894,1
ENSG00000142615,CELA2A,0,0,0,0
ENSG00000142684,ZNF593,0,0,0,0
ENSG00000142698,C1orf94,0,0,0,0
ENSG00000142789,CELA3A,0.007946372475005382,0,0.27812303662518834,1
ENSG00000143006,DMRTB1,0,0,0,0
ENSG00000143028,SYPL2,0,0,0,0
ENSG00000143032,BARHL2,0,0,0,0
ENSG00000143105,KCNA10,0,0,0,0
ENSG00000143107,FNDC7,0,0,0,0
ENSG00000143119,CD53,0.08379787533514527,0,2.4832159434383003,3
ENSG00000143125,PROK1,0.11767184200964441,0,3.3359274140319592,3
ENSG00000143171,RXRG,0.014189805391076003,0,0.4966431886876601,1
ENSG00000143185,XCL2,0.004902475904759894,0,0.1715866566665963,1
ENSG00000143194,MAEL,0.035300475885715436,0,1.2355166560000395,1
ENSG00000143195,ILDR2,0.10840758031448625,0,2.503843399618414,4
ENSG00000143196,DPT,0,0,0,0
ENSG00000143278,F13B,0,0,0,0
ENSG00000143297,FCRL5,0.12254427235219435,0,4.289049532326804,1
ENSG00000143318,CASQ1,0.07015496596070697,0,1.214100563949712,3
ENSG00000143355,LHX9,0.06787108581963025,0,1.8934070724223997,2
ENSG00000143469,SYT14,0,0,0,0
ENSG00000143512,HHIPL2,0,0,0,0
ENSG00000143520,FLG2,0.14873454800545546,0,3.7165723354150786,4
ENSG00000143536,CRNN,1.9100619253311848,0,66.85216738659147,1
ENSG00000143627,PKLR,0,0,0,0
ENSG00000143632,ACTA1,0.1123514161859508,0,2.4075341373293586,3
ENSG00000143851,PTPN7,0.080083458363055,0,2.322857709634424,3
ENSG00000143921,ABCG8,0.012607337293802279,0,0.4412568052830795,1
ENSG00000143954,REG3G,0,0,0,0
ENSG00000144015,TRIM43,0,0,0,0
ENSG00000144057,ST6GAL2,0.0888165739224946,0,2.0834166700001333,4
ENSG00000144119,C1QL2,0.03743562901008835,0,0.4934145197584144,3
ENSG00000144130,NT5DC4,0,0,0,0
ENSG00000144227,NXPH2,0,0,0,0
ENSG00000144229,THSD7B,0.014189805391076003,0,0.4966431886876601,1
ENSG00000144230,GPR17,0.008432958548762044,0,0.29515354920667153,1
ENSG00000144285,SCN1A,0.07214246821973973,0,1.5843014735588006,4
ENSG00000144290,SLC4A10,0,0,0,0
ENSG00000144331,ZNF385B,0.095074985213537,0,1.4390278158320688,4
ENSG00000144339,TMEFF2,0.07824366510665438,0,1.977361843375805,3
ENSG00000144355,DLX1,0.01866248751362945,0,0.6531870629770307,1
ENSG00000144460,NYAP2,0,0,0,0
ENSG00000144488,ESPNL,0.0376640351119201,0,1.3182412289172032,1
ENSG00000144550,CPNE9,0.06937717508284066,0,2.428201127899424,1
ENSG00000144583,MARCHF4,0.07686563794541376,0,1.2369598660125074,4
ENSG00000144644,GADL1,0.06181995110706448,0,1.0997198463691376,2
ENSG00000144771,LRTM1,0.04526575638739429,0,1.5843014735588006,1
ENSG00000144891,AGTR1,0,0,0,0
ENSG00000144962,SPATA16,0,0,0,0
ENSG00000145029,NICN1,0,0,0,0
ENSG00000145087,STXBP5L,0.06058451190434675,0,1.2011065966661743,4
ENSG00000145107,TM4SF19,0.014307676569248083,0,0.5007686799236829,1
ENSG00000145242,EPHA5,0.012607337293802279,0,0.4412568052830795,1
ENSG00000145309,CABS1,0,0,0,0
ENSG00000145337,PYURF,0,0,0,0
ENSG00000145384,FABP2,0.08078306170464097,0,1.8672462599057413,4
ENSG00000145451,GLRA3,0.1031470511256262,0,2.996175569146957,3
ENSG00000145526,CDH18,0,0,0,0
ENSG00000145626,UGT3A1,0,0,0,0
ENSG00000145681,HAPLN1,0,0,0,0
ENSG00000145708,CRHBP,0,0,0,0
ENSG00000145808,ADAMTS19,0.06884426328421134,0,1.9129060262597364,2
ENSG00000145826,LECT2,0,0,0,0
ENSG00000145832,SLC25A48,0,0,0,0
ENSG00000145839,IL9,0,0,0,0
ENSG00000145850,TIMD4,0,0,0,0
ENSG00000145863,GABRA6,0,0,0,0
ENSG00000145879,SPINK7,0.5098928263028337,0,17.228009522595002,3
ENSG00000145888,GLRA1,0,0,0,0
ENSG00000145920,CPLX2,0.05180169295341556,0,1.472649945217422,2
ENSG00000145936,KCNMB1,0.03138669592660009,0,1.0985343574310027,1
ENSG00000145975,FAM217A,0.025485614169372284,0,0.41231995533750243,3
ENSG00000146005,PSD2,0,0,0,0
ENSG00000146039,SLC17A4,0,0,0,0
ENSG00000146047,H2BC1,0,0,0,0
ENSG00000146049,NA,0.006752046975881382,0,0.23632164415584844,1
ENSG00000146090,RASGEF1C,0.019775112477131943,0,0.6921289366996177,1
ENSG00000146122,DAAM2,0.021796345697271777,0,0.5756111263328275,2
ENSG00000146151,HMGCLL1,0,0,0,0
ENSG00000146285,SCML4,0.09123033140638825,0,2.3764522103382006,3
ENSG00000146352,CLVS2,0,0,0,0
ENSG00000146360,GPR6,0,0,0,0
ENSG00000146374,RSPO3,0.04712228061000029,0,1.6492798213500097,1
ENSG00000146378,TAAR2,0,0,0,0
ENSG00000146383,TAAR6,0,0,0,0
ENSG00000146385,TAAR8,0,0,0,0
ENSG00000146469,VIP,0,0,0,0
ENSG00000146618,FERD3L,0,0,0,0
ENSG00000146678,IGFBP1,0.08125268594418414,0,1.805650602997019,2
ENSG00000146755,TRIM50,0.008958287748712861,0,0.31354007120495014,1
ENSG00000146809,ASB15,0.09192107467592682,0,3.004612079542097,2
ENSG00000146857,STRA8,0.006277339185320012,0,0.21970687148620055,1
ENSG00000146910,CNPY1,0,0,0,0
ENSG00000146926,ASB10,0,0,0,0
ENSG00000147081,AKAP4,0.007946372475005382,0,0.27812303662518834,1
ENSG00000147113,DIPK2B,0,0,0,0
ENSG00000147138,GPR174,0,0,0,0
ENSG00000147145,LPAR4,0.015710283519559106,0,0.5498599231845688,1
ENSG00000147166,ITGB1BP2,0.10056343851709132,0,1.7158665666659632,4
ENSG00000147223,RIPPLY1,0,0,0,0
ENSG00000147234,FRMPD3,0.004902475904759894,0,0.1715866566665963,1
ENSG00000147246,HTR2C,0,0,0,0
ENSG00000147255,IGSF1,0.07763563460913003,0,1.1882261051691003,5
ENSG00000147256,ARHGAP36,0,0,0,0
ENSG00000147262,GPR119,0.013504093951762764,0,0.4726432883116969,1
ENSG00000147381,MAGEA4,0,0,0,0
ENSG00000147432,CHRNB3,0,0,0,0
ENSG00000147434,CHRNA6,0.025109356741280047,0,0.8788274859448022,1
ENSG00000147443,DOK2,0.02675156758166925,0,0.936304865358424,1
ENSG00000147481,SNTG1,0.014307676569248083,0,0.5007686799236829,1
ENSG00000147485,PXDNL,0.06846028321579714,0,1.214100563949712,4
ENSG00000147571,CRH,0,0,0,0
ENSG00000147588,PMP2,0.02419523280781405,0,0.5007686799236829,2
ENSG00000147596,PRDM14,0,0,0,0
ENSG00000147613,PSKH2,0.047131845729739316,0,1.6496146005408756,1
ENSG00000147647,DPYS,0.0752195487726633,0,1.872609730716848,3
ENSG00000147655,RSPO2,0,0,0,0
ENSG00000147724,FAM135B,0.005883412647619233,0,0.20591944266667325,1
ENSG00000147869,CER1,0,0,0,0
ENSG00000147873,IFNA5,0,0,0,0
ENSG00000147885,IFNA16,0,0,0,0
ENSG00000147896,IFNK,0.16124917947683154,0,5.643721281689103,1
ENSG00000148136,OR13C4,0,0,0,0
ENSG00000148156,ACTL7B,0.06459990313551393,0,1.25005000200008,3
ENSG00000148204,CRB2,0,0,0,0
ENSG00000148215,OR5C1,0.019451960465835555,0,0.6808186163042442,1
ENSG00000148377,IDI2,0,0,0,0
ENSG00000148386,LCN9,0,0,0,0
ENSG00000148482,SLC39A12,0,0,0,0
ENSG00000148483,TMEM236,0.006277339185320012,0,0.21970687148620055,1
ENSG00000148513,ANKRD30A,0.029417063238096206,0,1.0295972133333662,1
ENSG00000148584,A1CF,0.007048778853691635,0,0.2467072598792072,1
ENSG00000148602,LRIT1,0,0,0,0
ENSG00000148604,RGR,0.028615353138496166,0,1.0015373598473658,1
ENSG00000148671,ADIRF,0,0,0,0
ENSG00000148704,VAX1,0,0,0,0
ENSG00000148734,NPFFR1,0.014106428738088194,0,0.28780556316641376,2
ENSG00000148795,CYP17A1,0.07370023241433284,0,1.5023060397710486,4
ENSG00000148826,NKX6-2,0,0,0,0
ENSG00000149124,GLYAT,0,0,0,0
ENSG00000149133,OR5F1,0,0,0,0
ENSG00000149380,P4HA3,0.04686184692767052,0,0.7921507367794003,3
ENSG00000149435,GGTLC1,0.01217213294841803,0,0.42602465319463106,1
ENSG00000149443,NA,0,0,0,0
ENSG00000149451,ADAM33,0,0,0,0
ENSG00000149452,SLC22A8,0,0,0,0
ENSG00000149488,TMC2,0.05477459826788116,0,1.9171109393758399,1
ENSG00000149506,ZP1,0,0,0,0
ENSG00000149507,OOSP2,0,0,0,0
ENSG00000149516,MS4A3,0,0,0,0
ENSG00000149534,MS4A2,0,0,0,0
ENSG00000149634,SPATA25,0.023207488512423675,0,0.6018835343323397,2
ENSG00000149635,OCSTAMP,0,0,0,0
ENSG00000149651,SPINT4,0,0,0,0
ENSG00000149742,SLC22A9,0.017650237942857718,0,0.6177583280000197,1
ENSG00000150048,CLEC1A,0.035936703964573116,0,1.257784638760059,1
ENSG00000150244,TRIM48,0,0,0,0
ENSG00000150261,OR8K1,0,0,0,0
ENSG00000150269,OR5M9,0,0,0,0
ENSG00000150337,FCGR1A,0.04483382800495195,0,0.5007686799236829,5
ENSG00000150361,KLHL1,0,0,0,0
ENSG00000150510,FAM124A,0.08001428232852673,0,2.169364190690969,2
ENSG00000150676,CCDC83,0.04765276578684119,0,1.3726932533327705,2
ENSG00000150681,RGS18,0.03543944466125647,0,0.8211190168906235,2
ENSG00000150783,TEX12,0.026738481035929854,0,0.41668333400002666,3
ENSG00000151005,TKTL2,0,0,0,0
ENSG00000151006,PRSS53,0.033736553538448975,0,0.5498599231845688,4
ENSG00000151025,GPR158,0,0,0,0
ENSG00000151033,LYZL2,0.016446032180937927,0,0.5756111263328275,1
ENSG00000151079,KCNA6,0,0,0,0
ENSG00000151360,ALLC,0,0,0,0
ENSG00000151365,THRSP,0.04586840263150025,0,1.214100563949712,3
ENSG00000151475,SLC25A31,0.020256140927644148,0,0.7089649324675453,1
ENSG00000151572,ANO4,0.14289261863935424,0,2.6705100647518574,7
ENSG00000151577,DRD3,0,0,0,0
ENSG00000151615,POU4F2,0,0,0,0
ENSG00000151650,VENTX,0,0,0,0
ENSG00000151655,ITIH2,0.10683086205161571,0,2.503843399618414,5
ENSG00000151702,FLI1,0.03250559562956653,0,0.5562460732503767,3
ENSG00000151812,SLC35F4,0.02530501936053602,0,0.41926154625335305,3
ENSG00000151834,GABRA2,0,0,0,0
ENSG00000151892,GFRA1,0,0,0,0
ENSG00000151948,GLT1D1,0.012150030520876673,0,0.42525106823068337,1
ENSG00000151952,TMEM132D,0,0,0,0
ENSG00000152034,MCHR2,0,0,0,0
ENSG00000152049,KCNE4,0.02209914831425532,0,0.6018835343323397,2
ENSG00000152086,TUBA3E,0.014307676569248083,0,0.5007686799236829,1
ENSG00000152093,CFC1B,0.024934624275487878,0,0.41668333400002666,3
ENSG00000152192,POU4F1,0,0,0,0
ENSG00000152207,CYSLTR2,0,0,0,0
ENSG00000152208,GRID2,0.014307676569248083,0,0.5007686799236829,1
ENSG00000152214,RIT2,0.011978901321524371,0,0.41926154625335305,1
ENSG00000152266,PTH,0,0,0,0
ENSG00000152315,KCNK13,0,0,0,0
ENSG00000152402,GUCY1A2,0.02353365059047693,0,0.823677770666693,1
ENSG00000152430,BOLL,0.03489851693114702,0,0.5147599699997889,3
ENSG00000152578,GRIA4,0,0,0,0
ENSG00000152591,DSPP,0,0,0,0
ENSG00000152592,DMP1,0.12581709332511998,0,3.6950355760078057,3
ENSG00000152595,MEPE,0.0798814846086356,0,1.0295972133333662,4
ENSG00000152672,CLEC4F,0,0,0,0
ENSG00000152910,CNTNAP4,0,0,0,0
ENSG00000152932,RAB3C,0.022632878193697144,0,0.7921507367794003,1
ENSG00000152953,STK32B,0.02224440382591268,0,0.28780556316641376,3
ENSG00000152954,NRSN1,0,0,0,0
ENSG00000152969,JAKMIP1,0,0,0,0
ENSG00000152977,ZIC1,0,0,0,0
ENSG00000153012,LGI2,0.05321159750091919,0,1.3616372326084885,2
ENSG00000153086,ACMSD,0.04728076129423054,0,1.0639784423781196,3
ENSG00000153157,SYCP2L,0.04338118236516522,0,0.4966431886876601,4
ENSG00000153165,RGPD3,0.07192163837318977,0,0.709318961585413,7
ENSG00000153230,OR14K1,0,0,0,0
ENSG00000153266,FEZF2,0,0,0,0
ENSG00000153495,TEX29,0.022650419317375603,0,0.34606446834980886,3
ENSG00000153498,SPACA7,0,0,0,0
ENSG00000153684,GOLGA8F,0,0,0,0
ENSG00000153779,TGIF2LX,0,0,0,0
ENSG00000153820,SPHKAP,0.020256140927644148,0,0.7089649324675453,1
ENSG00000154007,ASB17,0,0,0,0
ENSG00000154025,SLC5A10,0.054222033635177566,0,1.0985343574310027,3
ENSG00000154133,ROBO4,0,0,0,0
ENSG00000154143,PANX3,0,0,0,0
ENSG00000154165,GPR15,0,0,0,0
ENSG00000154252,GAL3ST2,0.1131906723400601,0,0.8634166894992413,10
ENSG00000154415,PPP1R3A,0,0,0,0
ENSG00000154438,ASZ1,0.07625038805451848,0,1.214100563949712,4
ENSG00000154478,GPR26,0,0,0,0
ENSG00000154485,MMP21,0.06205893743765481,0,1.2355166560000395,4
ENSG00000154493,C10orf90,0,0,0,0
ENSG00000154545,MAGED4,0.027232060522709864,0,0.9531221182948455,1
ENSG00000154611,PSMA8,0.02949745985760555,0,0.6863466266663852,2
ENSG00000154646,TMPRSS15,0.006086066474209015,0,0.21301232659731553,1
ENSG00000154783,FGD5,0.022462330495440497,0,0.5498599231845688,2
ENSG00000154975,CA10,0,0,0,0
ENSG00000154997,SEPTIN14,0,0,0,0
ENSG00000155011,DKK2,0.14967305710261464,0,3.700608898188108,2
ENSG00000155249,OR4K1,0,0,0,0
ENSG00000155269,GPR78,0.07263575512671926,0,1.3616372326084885,2
ENSG00000155307,SAMSN1,0.009887556238565971,0,0.34606446834980886,1
ENSG00000155495,MAGEC1,0,0,0,0
ENSG00000155622,XAGE2,0.020237366050236155,0,0.4412568052830795,2
ENSG00000155659,VSIG4,0.036450091562629995,0,1.2757532046920501,1
ENSG00000155714,PDZD9,0.052901376258698146,0,1.3063741259540613,3
ENSG00000155719,OTOA,0.006075015260438336,0,0.21262553411534169,1
ENSG00000155833,CYLC2,0.005350313516333852,0,0.18726097307168482,1
ENSG00000155886,SLC24A2,0.23319953633134896,0,7.0107615189315595,2
ENSG00000155890,TRIM42,0,0,0,0
ENSG00000155897,ADCY8,0,0,0,0
ENSG00000155926,SLA,0.0934963313175037,0,1.0381934050494266,6
ENSG00000155961,RAB39B,0.024387907446302332,0,0.4412568052830795,2
ENSG00000155980,KIF5A,0.028615353138496166,0,1.0015373598473658,1
ENSG00000156009,MAGEA8,0.12113084484039009,0,3.8272596140761506,2
ENSG00000156076,WIF1,0.03734231206950808,0,0.5562460732503767,3
ENSG00000156103,MMP16,0.04098694807595428,0,0.9932863773753202,2
ENSG00000156150,ALX3,0,0,0,0
ENSG00000156194,PPEF2,0.09406907550595746,0,3.004612079542097,2
ENSG00000156234,CXCL13,0.048152821647004684,0,1.6853487576451633,1
ENSG00000156269,NAA11,0,0,0,0
ENSG00000156282,CLDN17,0.013273472626482418,0,0.4645715419268848,1
ENSG00000156395,SORCS3,0,0,0,0
ENSG00000156466,GDF6,0.05571181644170505,0,1.257784638760059,2
ENSG00000156486,KCNS2,0.13755353349919563,0,3.762480854459402,2
ENSG00000156564,LRFN2,0.009804951809519787,0,0.3431733133331926,1
ENSG00000156574,NODAL,0.01013312802264875,0,0.3546594807927065,1
ENSG00000156575,PRG3,0,0,0,0
ENSG00000156738,MS4A1,0.006752046975881382,0,0.23632164415584844,1
ENSG00000156885,COX6A2,0,0,0,0
ENSG00000156886,ITGAD,0,0,0,0
ENSG00000156920,ADGRG4,0,0,0,0
ENSG00000156925,ZIC3,0,0,0,0
ENSG00000156959,LHFPL4,0.10727039046446929,0,1.6770461850134122,7
ENSG00000157017,GHRL,0.06928009267306061,0,0.6376353420865788,5
ENSG00000157060,SHCBP1L,0.07593659293221013,0,1.3108268115017936,4
ENSG00000157087,ATP2B2,0.015184091575960883,0,0.3188176710432894,2
ENSG00000157093,LYZL4,0.02459498395284565,0,0.5147599699997889,2
ENSG00000157103,SLC6A1,0,0,0,0
ENSG00000157119,KLHL40,0,0,0,0
ENSG00000157131,C8A,0,0,0,0
ENSG00000157211,CDCP2,0,0,0,0
ENSG00000157219,HTR5A,0,0,0,0
ENSG00000157322,CLEC18A,0.07788388300653275,0,0.8634166894992413,8
ENSG00000157335,CLEC18C,0.008432958548762044,0,0.29515354920667153,3
ENSG00000157654,PALM2AKAP2,0,0,0,0
ENSG00000157766,ACAN,0.02363334817467167,0,0.3404093081521221,3
ENSG00000157782,CABP1,0,0,0,0
ENSG00000157851,DPYSL5,0,0,0,0
ENSG00000157884,CIB4,0.030970413302771418,0,0.6018835343323397,2
ENSG00000158022,TRIM63,0.031947245425549976,0,0.6921289366996177,2
ENSG00000158427,TMSB15B,0.05659854484852719,0,1.0015373598473658,3
ENSG00000158473,CD1D,0.009887556238565971,0,0.34606446834980886,1
ENSG00000158477,CD1A,0,0,0,0
ENSG00000158481,CD1C,0,0,0,0
ENSG00000158485,CD1B,0,0,0,0
ENSG00000158488,CD1E,0,0,0,0
ENSG00000158497,HMHB1,0,0,0,0
ENSG00000158516,CPA2,0.037684965265383855,0,0.41926154625335305,4
ENSG00000158553,POM121L2,0,0,0,0
ENSG00000158578,ALAS2,0.020107454209652726,0,0.27812303662518834,3
ENSG00000158639,PAGE5,0.06069208669646239,0,1.0631276705767085,4
ENSG00000158683,PKD1L1,0.12554495366690643,0,3.0887916400000988,4
ENSG00000158748,HTR6,0,0,0,0
ENSG00000158764,ITLN2,0.06176810785557486,0,1.3352550323759287,3
ENSG00000158786,PLA2G2F,0,0,0,0
ENSG00000158815,FGF17,0.05481335787851601,0,0.5341020129503715,5
ENSG00000158816,VWA5B1,0,0,0,0
ENSG00000158874,APOA2,0.009725980232917777,0,0.3404093081521221,1
ENSG00000158887,MPZ,0.05327902384755847,0,0.6598458402163503,4
ENSG00000158901,WFDC8,0.07879633131950746,0,2.0030747196947316,3
ENSG00000158955,WNT9B,0,0,0,0
ENSG00000159182,PRAC1,0.008432958548762044,0,0.29515354920667153,1
ENSG00000159184,HOXB13,0.12470887384379897,0,2.2306265366657523,4
ENSG00000159189,C1QC,0.006086066474209015,0,0.21301232659731553,1
ENSG00000159217,IGF2BP1,0.03195791451210579,0,0.6177583280000197,2
ENSG00000159224,GIP,0,0,0,0
ENSG00000159248,GJD2,0,0,0,0
ENSG00000159289,GOLGA6A,0,0,0,0
ENSG00000159337,PLA2G4D,0.1802506691497081,0,2.969306280973576,5
ENSG00000159398,CES5A,0,0,0,0
ENSG00000159409,CELF3,0,0,0,0
ENSG00000159455,LCE2B,0,0,0,0
ENSG00000159496,RGL4,0.1031898583566042,0,0.5756111263328275,10
ENSG00000159556,ISL2,0,0,0,0
ENSG00000159618,ADGRG5,0.08159960073808431,0,1.9468612563763183,3
ENSG00000159650,UROC1,0.016313239592585863,0,0.32992292010817514,2
ENSG00000159723,AGRP,0.012607337293802279,0,0.4412568052830795,1
ENSG00000159753,CARMIL2,0.035425671531487644,0,1.0295199399995778,2
ENSG00000159961,OR3A3,0,0,0,0
ENSG00000160013,PTGIR,0.024128931842401037,0,0.42525106823068337,2
ENSG00000160117,ANKLE1,0,0,0,0
ENSG00000160161,CILP2,0.04453306378501419,0,0.8579332833329816,3
ENSG00000160181,TFF2,0,0,0,0
ENSG00000160185,UBASH3A,0.08467090677240223,0,2.2471316768602176,3
ENSG00000160202,CRYAA,0,0,0,0
ENSG00000160224,AIRE,0,0,0,0
ENSG00000160307,S100B,0.06451908421342001,0,0.41926154625335305,7
ENSG00000160339,FCN2,0,0,0,0
ENSG00000160349,LCN1,0,0,0,0
ENSG00000160469,BRSK1,0,0,0,0
ENSG00000160505,NLRP4,0,0,0,0
ENSG00000160539,PLPP7,0.04132122267982798,0,1.4462427937939792,1
ENSG00000160593,JAML,0.02157177710475827,0,0.4118388853333465,2
ENSG00000160654,CD3G,0.016865917097524087,0,0.5903070984133431,1
ENSG00000160678,S100A1,0.06294371396895897,0,1.5023060397710486,3
ENSG00000160683,CXCR5,0,0,0,0
ENSG00000160716,CHRNB2,0.009109076315522557,0,0.3188176710432894,1
ENSG00000160791,CCR5,0,0,0,0
ENSG00000160801,PTH1R,0.012554678370640024,0,0.4394137429724011,1
ENSG00000160808,MYL3,0.035715714342859424,0,1.25005000200008,1
ENSG00000160856,FCRL3,0.007048778853691635,0,0.2467072598792072,1
ENSG00000160868,CYP3A4,0.045307035003584434,0,0.6808186163042442,3
ENSG00000160870,CYP3A7,0.04445122502515178,0,0.8854606476200146,3
ENSG00000160882,CYP11B1,0,0,0,0
ENSG00000160883,HK3,0,0,0,0
ENSG00000160963,COL26A1,0.07690900860243247,0,1.7020465407606105,2
ENSG00000160973,FOXH1,0.04347052657905189,0,0.6376353420865788,3
ENSG00000160994,TEKTL1,0.23147251444303382,0,8.101538005506187,1
ENSG00000161031,PGLYRP2,0.06460857302796683,0,1.418637923170826,3
ENSG00000161082,CELF5,0,0,0,0
ENSG00000161180,CCDC116,0.04111508045234484,0,1.4390278158320688,1
ENSG00000161270,NPHS1,0.02732722894656766,0,0.9564530131298682,1
ENSG00000161509,GRIN2C,0.03176422256790394,0,0.4645715419268848,3
ENSG00000161609,KASH5,0.07311250160730613,0,1.7010042729227335,2
ENSG00000161610,HCRT,0.014833242921643378,0,0.27812303662518834,2
ENSG00000161634,DCD,0,0,0,0
ENSG00000161640,SIGLEC11,0.048329477413565566,0,0.6863466266663852,3
ENSG00000161649,CD300LG,0,0,0,0
ENSG00000161652,IZUMO2,0,0,0,0
ENSG00000161681,SHANK1,0.006075015260438336,0,0.21262553411534169,1
ENSG00000161807,OR7G1,0.04706730118095386,0,1.647355541333386,1
ENSG00000161835,TAMALIN,0.04125770469999463,0,0.4207571272049777,4
ENSG00000161849,KRT84,0.014307676569248083,0,0.5007686799236829,1
ENSG00000161850,KRT82,0,0,0,0
ENSG00000161860,SYCE2,0.03589922309094065,0,0.41668333400002666,4
ENSG00000161911,TREML1,0.01825819942262704,0,0.6390369797919466,1
ENSG00000161939,RNASEK-C17orf49,0,0,0,0
ENSG00000161944,ASGR2,0.16254348014692838,0,3.004612079542097,4
ENSG00000161973,CCDC42,0.04934978825527002,0,0.8634166894992413,4
ENSG00000161992,PRR35,0,0,0,0
ENSG00000162006,MSLNL,0.11860458757622987,0,2.503843399618414,5
ENSG00000162009,SSTR5,0.10455198133876975,0,3.448940783254452,2
ENSG00000162032,SPSB3,0.0734952111629446,0,0.6376353420865788,8
ENSG00000162068,NTN3,0,0,0,0
ENSG00000162344,FGF19,0,0,0,0
ENSG00000162367,TAL1,0,0,0,0
ENSG00000162374,ELAVL4,0.02268240592232537,0,0.3188176710432894,3
ENSG00000162383,SLC1A7,0,0,0,0
ENSG00000162438,CTRC,0.044182081789126935,0,1.333747328504101,2
ENSG00000162460,TMEM82,0,0,0,0
ENSG00000162494,LRRC38,0.02466904827140688,0,0.8634166894992413,1
ENSG00000162510,MATN1,0.0463719264873162,0,0.709318961585413,4
ENSG00000162526,TSSK3,0.04786712742822621,0,1.4390278158320688,2
ENSG00000162592,CCDC27,0.08366058978665415,0,1.66873821975113,4
ENSG00000162621,LRRC53,0,0,0,0
ENSG00000162624,LHX8,0,0,0,0
ENSG00000162641,AKNAD1,0.011316439096848572,0,0.39607536838970014,1
ENSG00000162669,HFM1,0.07889290423664237,0,1.4369582795585911,5
ENSG00000162670,BRINP3,0,0,0,0
ENSG00000162687,KCNT2,0.04976238988370188,0,0.5756111263328275,4
ENSG00000162706,CADM3,0,0,0,0
ENSG00000162711,NLRP3,0.018218152631045113,0,0.6376353420865788,1
ENSG00000162722,TRIM58,0.023957802643048743,0,0.8385230925067061,1
ENSG00000162727,OR2M5,0,0,0,0
ENSG00000162728,KCNJ9,0.009426369145947865,0,0.32992292010817514,1
ENSG00000162739,SLAMF6,0,0,0,0
ENSG00000162747,FCGR3B,0.006086066474209015,0,0.21301232659731553,2
ENSG00000162763,LRRC52,0,0,0,0
ENSG00000162771,GARIN4,0,0,0,0
ENSG00000162877,PM20D1,0.045728479834426336,0,1.6004967942049213,1
ENSG00000162951,LRRTM1,0.006277339185320012,0,0.21970687148620055,1
ENSG00000162989,KCNJ3,0.008223016090468964,0,0.28780556316641376,1
ENSG00000162992,NEUROD1,0,0,0,0
ENSG00000162998,FRZB,0.07068585805895612,0,1.977361843375805,2
ENSG00000163009,NA,0.01883201755596005,0,0.6591206144586016,1
ENSG00000163046,ANKRD30BL,0.02101431442980902,0,0.41668333400002666,2
ENSG00000163064,EN1,0,0,0,0
ENSG00000163081,NA,0,0,0,0
ENSG00000163092,XIRP2,0,0,0,0
ENSG00000163098,NA,0,0,0,0
ENSG00000163114,PDHA2,0,0,0,0
ENSG00000163132,MSX1,0.06937717508284066,0,2.428201127899424,1
ENSG00000163145,C1QTNF7,0,0,0,0
ENSG00000163154,TNFAIP8L2,0.023382761825118614,0,0.6311356908074666,2
ENSG00000163157,TMOD4,0,0,0,0
ENSG00000163202,LCE3D,0.06955407571234007,0,2.4343926499319024,1
ENSG00000163206,SMCP,0,0,0,0
ENSG00000163217,BMP10,0,0,0,0
ENSG00000163254,CRYGC,0,0,0,0
ENSG00000163283,ALPP,0.04895305317588524,0,1.0212279244563662,2
ENSG00000163285,GABRG1,0,0,0,0
ENSG00000163286,ALPG,0.08483763018698323,0,2.4075341373293586,2
ENSG00000163288,GABRB1,0,0,0,0
ENSG00000163295,ALPI,0,0,0,0
ENSG00000163352,LENEP,0,0,0,0
ENSG00000163377,TAFA4,0.07234616878532447,0,1.472649945217422,4
ENSG00000163380,LMOD3,0.006886870446638,0,0.2410404656323299,1
ENSG00000163394,CCKAR,0,0,0,0
ENSG00000163395,IGFN1,0.03468858754142033,0,1.214100563949712,1
ENSG00000163421,PROK2,0.02249489353236824,0,0.4412568052830795,2
ENSG00000163431,LMOD1,0.03391758018828767,0,0.6863466266663852,2
ENSG00000163440,PDCL2,0.04611977602857394,0,0.834369109875565,3
ENSG00000163464,CXCR1,0.033971099094699385,0,0.6018835343323397,3
ENSG00000163492,CCDC141,0.03379342571959342,0,0.5756111263328275,3
ENSG00000163497,FEV,0,0,0,0
ENSG00000163499,CRYBA2,0.06816537023300703,0,2.0591944266667324,2
ENSG00000163508,EOMES,0.019210152474007976,0,0.5007686799236829,2
ENSG00000163518,FCRL4,0,0,0,0
ENSG00000163519,TRAT1,0.05908596995605271,0,1.1882261051691003,3
ENSG00000163530,DPPA2,0,0,0,0
ENSG00000163534,FCRL1,0,0,0,0
ENSG00000163554,SPTA1,0.014307676569248083,0,0.5007686799236829,1
ENSG00000163563,MNDA,0,0,0,0
ENSG00000163581,SLC2A2,0.014307676569248083,0,0.5007686799236829,1
ENSG00000163586,FABP1,0.028772792574092744,0,0.4394137429724011,3
ENSG00000163599,CTLA4,0,0,0,0
ENSG00000163600,ICOS,0.07147061382090313,0,1.4802435592752432,2
ENSG00000163618,CADPS,0.09321729728822868,0,2.590250068497724,3
ENSG00000163623,NKX6-1,0.12223212707251915,0,1.7010042729227335,7
ENSG00000163631,ALB,0.09645051351507147,0,2.0030747196947316,2
ENSG00000163646,CLRN1,0,0,0,0
ENSG00000163661,PTX3,0.1332252185378351,0,3.2071943784296937,4
ENSG00000163673,DCLK3,0,0,0,0
ENSG00000163705,FANCD2OS,0.014307676569248083,0,0.5007686799236829,1
ENSG00000163737,PF4,0.07021124281678395,0,0.4645715419268848,7
ENSG00000163751,CPA3,0.014307676569248083,0,0.5007686799236829,1
ENSG00000163792,TCF23,0,0,0,0
ENSG00000163793,DNAJC5G,0,0,0,0
ENSG00000163815,CLEC3B,0.05992972356692722,0,0.4966431886876601,5
ENSG00000163823,CCR1,0.009331243756814725,0,0.32659353148851533,1
ENSG00000163825,RTP3,0,0,0,0
ENSG00000163833,FBXO40,0,0,0,0
ENSG00000163873,GRIK3,0.006752046975881382,0,0.23632164415584844,1
ENSG00000163888,CAMK2N2,0,0,0,0
ENSG00000163914,RHO,0.007946372475005382,0,0.27812303662518834,1
ENSG00000163958,ZDHHC19,0.06580789246175921,0,1.1235658384301088,4
ENSG00000163982,OTOP1,0,0,0,0
ENSG00000164007,CLDN19,0.03632304294387811,0,1.0997198463691376,2
ENSG00000164053,ATRIP,0.03349110183083883,0,0.41926154625335305,4
ENSG00000164076,CAMKV,0.04526575638739429,0,1.5843014735588006,1
ENSG00000164082,GRM2,0.03905242469599231,0,0.4966431886876601,4
ENSG00000164089,ETNPPL,0,0,0,0
ENSG00000164093,PITX2,0.04671021974727685,0,1.214100563949712,2
ENSG00000164107,HAND2,0.009331243756814725,0,0.32659353148851533,1
ENSG00000164113,ADAD1,0,0,0,0
ENSG00000164122,ASB5,0.026546945252964835,0,0.9291430838537696,1
ENSG00000164128,NPY1R,0.03039938406794627,0,1.0639784423781196,1
ENSG00000164129,NPY5R,0,0,0,0
ENSG00000164161,HHIP,0.08195273184305454,0,0.8788274859448022,6
ENSG00000164175,SLC45A2,0.05183098104453229,0,0.834369109875565,4
ENSG00000164188,RANBP3L,0.05522579179315405,0,0.979780594465546,2
ENSG00000164220,F2RL2,0,0,0,0
ENSG00000164256,PRDM9,0.005883412647619233,0,0.20591944266667325,1
ENSG00000164270,HTR4,0.006752046975881382,0,0.23632164415584844,1
ENSG00000164283,ESM1,0.06257762060780274,0,1.4980877845734786,2
ENSG00000164299,SPZ1,0,0,0,0
ENSG00000164325,TMEM174,0,0,0,0
ENSG00000164326,CARTPT,0,0,0,0
ENSG00000164330,EBF1,0.031504348978743504,0,0.6018835343323397,2
ENSG00000164362,TERT,0,0,0,0
ENSG00000164363,SLC6A18,0,0,0,0
ENSG00000164385,NA,0.13844318041086462,0,2.0834166700001333,7
ENSG00000164399,IL3,0.005350313516333852,0,0.18726097307168482,1
ENSG00000164400,CSF2,0.1741211336567119,0,5.05604627293549,2
ENSG00000164434,FABP7,0,0,0,0
ENSG00000164438,TLX3,0,0,0,0
ENSG00000164451,CALHM4,0,0,0,0
ENSG00000164458,TBXT,0,0,0,0
ENSG00000164483,SAMD3,0.012607337293802279,0,0.4412568052830795,1
ENSG00000164485,IL22RA2,0,0,0,0
ENSG00000164500,SPMIP7,0,0,0,0
ENSG00000164508,H2AC1,0,0,0,0
ENSG00000164512,ANKRD55,0.03808938790160683,0,0.6270801424099003,3
ENSG00000164532,TBX20,0,0,0,0
ENSG00000164556,NA,0.006752046975881382,0,0.23632164415584844,1
ENSG00000164588,HCN1,0,0,0,0
ENSG00000164600,NEUROD6,0,0,0,0
ENSG00000164619,BMPER,0.02708422864806139,0,0.6018835343323397,2
ENSG00000164645,TEX47,0,0,0,0
ENSG00000164651,SP8,0,0,0,0
ENSG00000164694,FNDC1,0.023078424436002207,0,0.4645715419268848,2
ENSG00000164708,PGAM2,0,0,0,0
ENSG00000164729,SLC35G3,0,0,0,0
ENSG00000164736,SOX17,0,0,0,0
ENSG00000164742,ADCY1,0.04289600270360874,0,0.8415142544099554,2
ENSG00000164744,SUN3,0.23772698481052634,0,6.6718548280639185,5
ENSG00000164778,EN2,0.06946113051218566,0,0.9291430838537696,5
ENSG00000164794,KCNV1,0.02941485542855936,0,1.0295199399995778,1
ENSG00000164796,CSMD3,0.13121721933093722,0,4.171845549377825,2
ENSG00000164816,DEFA5,0.04277651468254658,0,0.6598458402163503,3
ENSG00000164821,DEFA4,0.012607337293802279,0,0.4412568052830795,1
ENSG00000164822,DEFA6,0,0,0,0
ENSG00000164853,UNCX,0,0,0,0
ENSG00000164871,SPAG11B,0,0,0,0
ENSG00000164893,SLC7A13,0,0,0,0
ENSG00000164900,GBX1,0,0,0,0
ENSG00000164935,DCSTAMP,0.018225045781314998,0,0.6378766023460251,1
ENSG00000165059,PRKACG,0,0,0,0
ENSG00000165061,ZMAT4,0.07153838284624042,0,2.503843399618414,1
ENSG00000165066,NKX6-3,0.009887556238565971,0,0.34606446834980886,1
ENSG00000165076,PRSS37,0.12234176435945238,0,3.3660570176398217,3
ENSG00000165120,SSMEM1,0.05934224398488109,0,1.2369598660125074,3
ENSG00000165131,LLCFC1,0,0,0,0
ENSG00000165186,PTCHD1,0.009109076315522557,0,0.3188176710432894,1
ENSG00000165192,ASB11,0.04984364408726333,0,1.3237704158492385,2
ENSG00000165202,OR1Q1,0,0,0,0
ENSG00000165204,OR1K1,0.020256140927644148,0,0.7089649324675453,1
ENSG00000165349,SLC7A3,0,0,0,0
ENSG00000165370,GPR101,0,0,0,0
ENSG00000165379,LRFN5,0.1207882158102779,0,2.550541368346315,2
ENSG00000165457,FOLR2,0.022632878193697144,0,0.7921507367794003,1
ENSG00000165462,PHOX2A,0.019775112477131943,0,0.6921289366996177,1
ENSG00000165471,MBL2,0,0,0,0
ENSG00000165478,HEPACAM,0.010700627032667704,0,0.37452194614336964,1
ENSG00000165495,PKNOX2,0.08111421099072229,0,1.2369598660125074,4
ENSG00000165496,RPL10L,0.016007066602404495,0,0.31354007120495014,2
ENSG00000165509,MAGEC3,0,0,0,0
ENSG00000165556,CDX2,0.02425759256004482,0,0.41668333400002666,3
ENSG00000165566,AMER2,0.030036810659344465,0,0.41926154625335305,3
ENSG00000165583,SSX5,0,0,0,0
ENSG00000165584,SSX3,0.013273472626482418,0,0.4645715419268848,1
ENSG00000165588,OTX2,0.008223016090468964,0,0.28780556316641376,1
ENSG00000165606,DRGX,0.017196672409495427,0,0.6018835343323397,1
ENSG00000165623,UCMA,0.02381047622857295,0,0.8333666680000533,1
ENSG00000165633,VSTM4,0,0,0,0
ENSG00000165643,SOHLH1,0.009887556238565971,0,0.34606446834980886,1
ENSG00000165646,SLC18A2,0.08521988521410902,0,0.7921507367794003,8
ENSG00000165682,CLEC1B,0,0,0,0
ENSG00000165694,FRMD7,0.015342059859742982,0,0.32659353148851533,2
ENSG00000165762,OR4K2,0.007946372475005382,0,0.27812303662518834,1
ENSG00000165805,C12orf50,0,0,0,0
ENSG00000165828,PRAP1,0.007048778853691635,0,0.2467072598792072,1
ENSG00000165837,ERICH6B,0.006752046975881382,0,0.23632164415584844,1
ENSG00000165841,CYP2C19,0.011316439096848572,0,0.39607536838970014,1
ENSG00000165863,SPMIP5,0.08946617591357806,0,0.9868290395168288,7
ENSG00000165935,SMCO2,0.11804904160011773,0,1.151222252665655,8
ENSG00000165953,SERPINA12,0.03048565322295087,0,1.0669978628032808,1
ENSG00000165966,PDZRN4,0.07575557491301799,0,2.651445121955629,1
ENSG00000165970,SLC6A5,0,0,0,0
ENSG00000165972,CCDC38,0.030440683575756886,0,0.41668333400002666,3
ENSG00000165973,NELL1,0,0,0,0
ENSG00000166006,KCNC2,0,0,0,0
ENSG00000166049,PASD1,0,0,0,0
ENSG00000166090,IL25,0,0,0,0
ENSG00000166091,CMTM5,0,0,0,0
ENSG00000166105,GLB1L3,0.023656655994564485,0,0.5498599231845688,2
ENSG00000166148,AVPR1A,0.06324908982358225,0,1.257784638760059,4
ENSG00000166152,C16orf78,0,0,0,0
ENSG00000166159,LRTM2,0,0,0,0
ENSG00000166160,OPN1MW2,0,0,0,0
ENSG00000166220,TBATA,0,0,0,0
ENSG00000166257,SCN3B,0.05890285076250036,0,2.0615997766875123,1
ENSG00000166292,TMEM100,0,0,0,0
ENSG00000166317,SYNPO2L,0.03410382601075365,0,0.4645715419268848,3
ENSG00000166329,CCDC182,0,0,0,0
ENSG00000166342,NETO1,0,0,0,0
ENSG00000166351,POTED,0,0,0,0
ENSG00000166363,OR10A5,0.04759605647744169,0,1.0639784423781196,2
ENSG00000166426,CRABP1,0.004902475904759894,0,0.1715866566665963,1
ENSG00000166428,PLD4,0,0,0,0
ENSG00000166509,CLEC3A,0,0,0,0
ENSG00000166523,CLEC4E,0.011905238114286475,0,0.41668333400002666,1
ENSG00000166527,CLEC4D,0.05477459826788116,0,1.9171109393758399,1
ENSG00000166569,CPLX4,0,0,0,0
ENSG00000166573,GALR1,0,0,0,0
ENSG00000166603,MC4R,0.03782201188140683,0,1.3237704158492385,1
ENSG00000166736,HTR3A,0.18283271668031206,0,3.932480434505381,3
ENSG00000166793,YPEL4,0.07724866553623408,0,0.8634166894992413,5
ENSG00000166831,RBPMS2,0.034393344818990854,0,1.2037670686646793,1
ENSG00000166856,GPR182,0,0,0,0
ENSG00000166862,CACNG2,0.014307676569248083,0,0.5007686799236829,1
ENSG00000166863,TAC3,0.04366557257289364,0,0.4726432883116969,4
ENSG00000166884,OR4D6,0,0,0,0
ENSG00000166923,GREM1,0.07449979850157157,0,2.4022131933323485,2
ENSG00000166924,NYAP1,0.006752046975881382,0,0.23632164415584844,1
ENSG00000166926,MS4A6E,0,0,0,0
ENSG00000166927,MS4A7,0.006086066474209015,0,0.21301232659731553,1
ENSG00000166928,MS4A14,0,0,0,0
ENSG00000166930,MS4A5,0.009109076315522557,0,0.3188176710432894,1
ENSG00000166947,EPB42,0.1422580388369059,0,3.3359274140319592,6
ENSG00000166948,TGM6,0,0,0,0
ENSG00000166961,MS4A15,0.02732722894656766,0,0.9564530131298682,1
ENSG00000166984,NA,0.05723070627699233,0,2.0030747196947316,1
ENSG00000167011,NAT16,0,0,0,0
ENSG00000167083,GNGT2,0,0,0,0
ENSG00000167098,SUN5,0,0,0,0
ENSG00000167100,SAMD14,0.030395792171418697,0,0.8579332833329816,2
ENSG00000167104,BPIFB6,0,0,0,0
ENSG00000167131,CCDC103,0,0,0,0
ENSG00000167139,TBC1D21,0,0,0,0
ENSG00000167178,ISLR2,0.11627496944706174,0,1.6667333360001066,5
ENSG00000167194,C16orf92,0,0,0,0
ENSG00000167195,GOLGA6C,0,0,0,0
ENSG00000167208,SNX20,0.006010816102928255,0,0.21037856360248886,1
ENSG00000167210,LOXHD1,0.05723070627699233,0,2.0030747196947316,1
ENSG00000167244,IGF2,0.025369293641019645,0,0.34606446834980886,3
ENSG00000167281,RBFOX3,0.008223016090468964,0,0.28780556316641376,1
ENSG00000167286,CD3D,0.08906517676234688,0,0.8333666680000533,7
ENSG00000167311,ART5,0.05707596279953695,0,0.834369109875565,3
ENSG00000167332,OR51E2,0,0,0,0
ENSG00000167346,MMP26,0,0,0,0
ENSG00000167359,OR51I1,0,0,0,0
ENSG00000167360,OR51Q1,0,0,0,0
ENSG00000167414,GNG8,0,0,0,0
ENSG00000167434,CA4,0,0,0,0
ENSG00000167476,JSRP1,0.04177929293604525,0,0.8246399106750049,2
ENSG00000167531,LALBA,0.07048778853691631,0,2.467072598792072,1
ENSG00000167612,ANKRD33,0.05723070627699233,0,2.0030747196947316,1
ENSG00000167613,LAIR1,0.006010816102928255,0,0.21037856360248886,1
ENSG00000167618,LAIR2,0.035300475885715436,0,1.2355166560000395,1
ENSG00000167619,TMEM145,0.03037507630219167,0,1.0631276705767085,1
ENSG00000167633,KIR3DL1,0,0,0,0
ENSG00000167654,ATCAY,0,0,0,0
ENSG00000167664,TMIGD2,0,0,0,0
ENSG00000167680,SEMA6B,0.011780570152500072,0,0.41231995533750243,1
ENSG00000167748,KLK1,0.07160610202309714,0,1.0669978628032808,4
ENSG00000167749,KLK4,0,0,0,0
ENSG00000167751,KLK2,0.08508269643690256,0,1.0639784423781196,5
ENSG00000167768,KRT1,0,0,0,0
ENSG00000167769,ACER1,0.07493552158093857,0,1.3726932533327705,2
ENSG00000167774,,0,0,0,0
ENSG00000167780,SOAT2,0,0,0,0
ENSG00000167791,CABP2,0,0,0,0
ENSG00000167800,TBX10,0.06137497775020198,0,1.647355541333386,2
ENSG00000167822,OR8J3,0,0,0,0
ENSG00000167825,OR5I1,0,0,0,0
ENSG00000167851,CD300A,0,0,0,0
ENSG00000167874,TMEM88,0.05176290969361647,0,0.5617829192150544,5
ENSG00000167889,MGAT5B,0.009725980232917777,0,0.3404093081521221,1
ENSG00000167910,CYP7A1,0,0,0,0
ENSG00000167914,GSDMA,0.04692310604450314,0,1.4296831774422682,2
ENSG00000167916,KRT24,0.0771336769950777,0,2.4633570506718705,2
ENSG00000167941,SOST,0,0,0,0
ENSG00000167945,NA,0.029682879512453204,0,0.41668333400002666,3
ENSG00000167971,CASKIN1,0.04287528196767306,0,0.8415142544099554,2
ENSG00000168065,SLC22A11,0,0,0,0
ENSG00000168079,SCARA5,0.012607337293802279,0,0.4412568052830795,1
ENSG00000168081,PNOC,0.0888832388638861,0,0.7490438922867393,6
ENSG00000168124,OR1F1,0,0,0,0
ENSG00000168131,OR2B2,0,0,0,0
ENSG00000168135,KCNJ4,0.02675156758166925,0,0.936304865358424,1
ENSG00000168148,H3-4,0,0,0,0
ENSG00000168229,PTGDR,0.05431238330017848,0,0.882513610566159,4
ENSG00000168263,KCNV2,0.04918162367949564,0,0.8634166894992413,3
ENSG00000168267,PTF1A,0,0,0,0
ENSG00000168280,KIF5C,0.07151221583296323,0,1.2752706841731576,4
ENSG00000168329,CX3CR1,0.05140695647731248,0,1.472649945217422,2
ENSG00000168333,PPDPFL,0,0,0,0
ENSG00000168334,XIRP1,0,0,0,0
ENSG00000168348,INSM2,0,0,0,0
ENSG00000168418,KCNG4,0,0,0,0
ENSG00000168454,TXNDC2,0.06585293680474151,0,1.4414360986667127,2
ENSG00000168484,SFTPC,0,0,0,0
ENSG00000168505,GBX2,0.0634390096832247,0,2.2203653389128646,1
ENSG00000168509,HJV,0,0,0,0
ENSG00000168515,SCGB1D1,0.01409755770738327,0,0.4934145197584144,1
ENSG00000168530,MYL1,0.008223016090468964,0,0.28780556316641376,1
ENSG00000168539,CHRM1,0.033760234879406915,0,1.1816082207792422,1
ENSG00000168546,GFRA2,0.006010816102928255,0,0.21037856360248886,1
ENSG00000168582,CRYGA,0,0,0,0
ENSG00000168594,ADAM29,0.06543753351525239,0,1.3237704158492385,3
ENSG00000168619,ADAM18,0,0,0,0
ENSG00000168621,GDNF,0.015770968886185194,0,0.34606446834980886,2
ENSG00000168631,MUCL3,0,0,0,0
ENSG00000168634,WFDC13,0.032054615123072665,0,0.5756111263328275,3
ENSG00000168676,KCTD19,0.017650237942857718,0,0.6177583280000197,1
ENSG00000168746,NA,0,0,0,0
ENSG00000168757,TSPY2,0,0,0,0
ENSG00000168779,SHOX2,0,0,0,0
ENSG00000168828,OR13J1,0,0,0,0
ENSG00000168830,HTR1E,0,0,0,0
ENSG00000168843,FSTL5,0,0,0,0
ENSG00000168875,SOX14,0,0,0,0
ENSG00000168903,BTNL3,0.021663754686162585,0,0.4394137429724011,2
ENSG00000168913,ENHO,0.06853315709061682,0,1.0997198463691376,3
ENSG00000168925,CTRB1,0,0,0,0
ENSG00000168928,CTRB2,0,0,0,0
ENSG00000168930,TRIM49,0,0,0,0
ENSG00000168955,TM4SF20,0.025624115666096656,0,0.5007686799236829,2
ENSG00000168993,CPLX1,0.10191210116150239,0,1.25005000200008,8
ENSG00000168995,SIGLEC7,0,0,0,0
ENSG00000169006,NTSR2,0,0,0,0
ENSG00000169059,VCX3A,0,0,0,0
ENSG00000169085,VXN,0.12314996448258844,0,2.503107329626695,6
ENSG00000169154,GOT1L1,0.011905238114286475,0,0.41668333400002666,1
ENSG00000169194,IL13,0.026981481699672443,0,0.6177583280000197,2
ENSG00000169208,OR10G3,0,0,0,0
ENSG00000169214,OR6F1,0,0,0,0
ENSG00000169218,RSPO1,0.04047473210047231,0,0.882513610566159,2
ENSG00000169224,GCSAML,0.0535031351633385,0,1.872609730716848,1
ENSG00000169297,NR0B1,0,0,0,0
ENSG00000169306,IL1RAPL1,0.025695970093248578,0,0.6863466266663852,2
ENSG00000169313,P2RY12,0,0,0,0
ENSG00000169327,OR5AU1,0,0,0,0
ENSG00000169340,PDILT,0,0,0,0
ENSG00000169344,UMOD,0,0,0,0
ENSG00000169385,RNASE2,0,0,0,0
ENSG00000169393,ELSPBP1,0,0,0,0
ENSG00000169397,RNASE3,0,0,0,0
ENSG00000169418,NPR1,0,0,0,0
ENSG00000169427,KCNK9,0,0,0,0
ENSG00000169484,OR4K14,0,0,0,0
ENSG00000169488,OR4K15,0,0,0,0
ENSG00000169495,HTRA4,0.020213528701262112,0,0.41231995533750243,2
ENSG00000169548,ZNF280A,0,0,0,0
ENSG00000169551,CT55,0.0076300287564338804,0,0.26705100647518576,1
ENSG00000169575,VPREB1,0,0,0,0
ENSG00000169605,GKN1,0.04204243564816727,0,0.8011530194255573,3
ENSG00000169618,PROKR1,0,0,0,0
ENSG00000169676,DRD5,0,0,0,0
ENSG00000169682,SPNS1,0.09139029269098273,0,1.472649945217422,5
ENSG00000169688,MT1B,0,0,0,0
ENSG00000169717,ACTRT2,0,0,0,0
ENSG00000169744,LDB2,0,0,0,0
ENSG00000169750,RAC3,0.14296358517101035,0,0.9531221182948455,12
ENSG00000169760,NLGN1,0.02329534041837295,0,0.41926154625335305,2
ENSG00000169777,TAS2R1,0.031756666680945914,0,0.823677770666693,2
ENSG00000169789,PRY,0,0,0,0
ENSG00000169800,RBMY1F,0,0,0,0
ENSG00000169807,PRY2,0,0,0,0
ENSG00000169836,TACR3,0,0,0,0
ENSG00000169840,GSX1,0,0,0,0
ENSG00000169856,ONECUT1,0.06001577538461277,0,1.25005000200008,2
ENSG00000169862,CTNND2,0.014307676569248083,0,0.5007686799236829,1
ENSG00000169876,MUC17,0,0,0,0
ENSG00000169877,AHSP,0.022112029344173133,0,0.41926154625335305,2
ENSG00000169885,CALML6,0,0,0,0
ENSG00000169903,TM4SF4,0.09365891059222942,0,1.7010042729227335,4
ENSG00000169906,S100G,0.009725980232917777,0,0.3404093081521221,1
ENSG00000169933,FRMPD4,0.04722279558998255,0,1.233536299396036,2
ENSG00000169953,HSFY2,0.011978901321524371,0,0.41926154625335305,1
ENSG00000169994,MYO7B,0,0,0,0
ENSG00000170054,SERPINA9,0,0,0,0
ENSG00000170128,GPR25,0,0,0,0
ENSG00000170162,VGLL2,0,0,0,0
ENSG00000170166,HOXD4,0,0,0,0
ENSG00000170178,HOXD12,0,0,0,0
ENSG00000170180,GYPA,0.008432958548762044,0,0.29515354920667153,1
ENSG00000170214,ADRA1B,0.11085992067662621,0,2.1970687148620054,2
ENSG00000170236,USP50,0,0,0,0
ENSG00000170255,MRGPRX1,0,0,0,0
ENSG00000170262,MRAP,0,0,0,0
ENSG00000170276,HSPB2,0.004902475904759894,0,0.1715866566665963,1
ENSG00000170279,C7orf33,0,0,0,0
ENSG00000170289,CNGB3,0.09218526665552325,0,2.0030747196947316,3
ENSG00000170290,SLN,0.009725980232917777,0,0.3404093081521221,1
ENSG00000170367,CST5,0.022740465316451033,0,0.4412568052830795,2
ENSG00000170370,EMX2,0,0,0,0
ENSG00000170373,CST1,0,0,0,0
ENSG00000170374,SP7,0,0,0,0
ENSG00000170396,ZNF804A,0,0,0,0
ENSG00000170419,VSTM2A,0,0,0,0
ENSG00000170426,SDR9C7,0.02140125406533541,0,0.7490438922867393,1
ENSG00000170516,COX7B2,0,0,0,0
ENSG00000170523,KRT83,0,0,0,0
ENSG00000170605,OR9K2,0,0,0,0
ENSG00000170613,GARIN3,0.019451960465835555,0,0.6808186163042442,1
ENSG00000170624,SGCD,0.049341451975841444,0,1.7269508191544503,1
ENSG00000170627,GTSF1,0,0,0,0
ENSG00000170667,RASA4B,0.005883412647619233,0,0.20591944266667325,1
ENSG00000170681,CAVIN4,0.005350313516333852,0,0.18726097307168482,1
ENSG00000170683,OR10A3,0,0,0,0
ENSG00000170689,HOXB9,0,0,0,0
ENSG00000170743,SYT9,0.009887556238565971,0,0.34606446834980886,1
ENSG00000170777,TPD52L3,0,0,0,0
ENSG00000170782,OR10A4,0.042214043149893125,0,1.257784638760059,2
ENSG00000170801,HTRA3,0.03037507630219167,0,1.0631276705767085,1
ENSG00000170807,LMOD2,0,0,0,0
ENSG00000170819,BFSP2,0.019775112477131943,0,0.6921289366996177,1
ENSG00000170820,FSHR,0,0,0,0
ENSG00000170848,PSG6,0.06886144839714946,0,1.068204025900743,3
ENSG00000170891,CYTL1,0,0,0,0
ENSG00000170920,OR7G3,0,0,0,0
ENSG00000170923,OR7G2,0.05922805301389316,0,1.8532749840000593,2
ENSG00000170925,TEX13B,0,0,0,0
ENSG00000170927,PKHD1,0.007946372475005382,0,0.27812303662518834,1
ENSG00000170948,MBD3L1,0,0,0,0
ENSG00000170950,PGK2,0,0,0,0
ENSG00000170953,OR8B12,0,0,0,0
ENSG00000170967,DDI1,0,0,0,0
ENSG00000171014,OR4D5,0,0,0,0
ENSG00000171049,FPR2,0,0,0,0
ENSG00000171051,FPR1,0.0332820866869119,0,0.9932863773753202,2
ENSG00000171053,PATE1,0,0,0,0
ENSG00000171054,OR13H1,0,0,0,0
ENSG00000171094,ALK,0.08352028444877177,0,1.4390278158320688,4
ENSG00000171102,OBP2B,0.012150030520876673,0,0.42525106823068337,1
ENSG00000171115,GIMAP8,0,0,0,0
ENSG00000171116,HSFX1,0,0,0,0
ENSG00000171126,KCNG3,0.04288901912134128,0,0.7921507367794003,2
ENSG00000171133,OR2K2,0,0,0,0
ENSG00000171136,RLN3,0,0,0,0
ENSG00000171180,OR2M4,0,0,0,0
ENSG00000171195,MUC7,0.06886870446637998,0,2.410404656323299,1
ENSG00000171199,OPRPN,0.11446141255398466,0,4.006149439389463,1
ENSG00000171201,SMR3B,0,0,0,0
ENSG00000171209,CSN3,0,0,0,0
ENSG00000171303,KCNK3,0.047915605286097486,0,1.6770461850134122,1
ENSG00000171360,KRT38,0.04860234788143497,0,1.151222252665655,2
ENSG00000171388,APLN,0.026138957775861095,0,0.41668333400002666,3
ENSG00000171396,KRTAP4-4,0,0,0,0
ENSG00000171402,XAGE3,0,0,0,0
ENSG00000171403,KRT9,0.05526832281805026,0,1.2752706841731576,2
ENSG00000171405,XAGE5,0,0,0,0
ENSG00000171450,CDK5R2,0.016865917097524087,0,0.5903070984133431,1
ENSG00000171459,OR1L6,0,0,0,0
ENSG00000171478,SPACA5B,0,0,0,0
ENSG00000171481,OR1L3,0,0,0,0
ENSG00000171487,NLRP5,0,0,0,0
ENSG00000171489,SPACA5,0.009331243756814725,0,0.32659353148851533,1
ENSG00000171495,MROH2B,0,0,0,0
ENSG00000171501,OR1N2,0,0,0,0
ENSG00000171505,OR1N1,0,0,0,0
ENSG00000171509,RXFP1,0.11526619842429046,0,2.503843399618414,4
ENSG00000171540,OTP,0,0,0,0
ENSG00000171560,FGA,0.0741597833207553,0,1.6023060388511146,2
ENSG00000171561,OR2AT4,0,0,0,0
ENSG00000171570,RAB4B-EGLN2,0,0,0,0
ENSG00000171587,DSCAM,0.06272878995853559,0,1.2757532046920501,4
ENSG00000171596,NMUR1,0,0,0,0
ENSG00000171611,PTCRA,0,0,0,0
ENSG00000171643,S100Z,0,0,0,0
ENSG00000171657,GPR82,0.021253642714403696,0,0.5334989314016404,2
ENSG00000171714,ANO5,0.06294480119391709,0,1.418637923170826,6
ENSG00000171722,SPATA46,0,0,0,0
ENSG00000171724,VAT1L,0,0,0,0
ENSG00000171759,PAH,0,0,0,0
ENSG00000171772,SYCE1,0.1387812211672274,0,2.2580772964492146,7
ENSG00000171773,NXNL1,0,0,0,0
ENSG00000171777,RASGRP4,0.06913594439127882,0,2.0030747196947316,2
ENSG00000171786,NHLH1,0.03874848116114492,0,1.0015373598473658,2
ENSG00000171794,UTF1,0.02119490767888914,0,0.3188176710432894,3
ENSG00000171804,WDR87,0.06601937711036941,0,0.5498599231845688,5
ENSG00000171819,ANGPTL7,0.03890392093167111,0,1.3616372326084885,1
ENSG00000171855,IFNB1,0,0,0,0
ENSG00000171860,C3AR1,0.014189805391076003,0,0.4966431886876601,1
ENSG00000171872,KLF17,0.009887556238565971,0,0.34606446834980886,1
ENSG00000171873,ADRA1D,0,0,0,0
ENSG00000171936,OR10H3,0,0,0,0
ENSG00000171942,OR10H2,0,0,0,0
ENSG00000171944,OR52A5,0,0,0,0
ENSG00000171954,CYP4F22,0.01883201755596005,0,0.6591206144586016,1
ENSG00000171956,FOXB1,0.042923029707744254,0,1.5023060397710486,1
ENSG00000171987,NA,0,0,0,0
ENSG00000171989,LDHAL6B,0.0618927749134538,0,1.7268333789984827,2
ENSG00000172014,NA,0.10076660711307231,0,1.0015373598473658,8
ENSG00000172016,REG3A,0,0,0,0
ENSG00000172020,GAP43,0.05376963092482214,0,1.25005000200008,3
ENSG00000172023,REG1B,0,0,0,0
ENSG00000172058,SERF1A,0.05350303852443769,0,0.7231213968969896,4
ENSG00000172061,LRRC15,0,0,0,0
ENSG00000172073,SPMIP9,0,0,0,0
ENSG00000172116,CD8B,0.026546945252964835,0,0.9291430838537696,1
ENSG00000172137,CALB2,0,0,0,0
ENSG00000172146,OR1A1,0,0,0,0
ENSG00000172150,OR1A2,0,0,0,0
ENSG00000172154,OR8I2,0,0,0,0
ENSG00000172155,LCE1D,0.009725980232917777,0,0.3404093081521221,1
ENSG00000172156,CCL11,0,0,0,0
ENSG00000172179,PRL,0,0,0,0
ENSG00000172188,OR4C11,0,0,0,0
ENSG00000172199,OR8U1,0,0,0,0
ENSG00000172215,CXCR6,0.05429751761937858,0,1.214100563949712,3
ENSG00000172236,TPSAB1,0.02616870671260038,0,0.4966431886876601,2
ENSG00000172238,ATOH1,0,0,0,0
ENSG00000172288,CDY1,0,0,0,0
ENSG00000172289,OR10V1,0,0,0,0
ENSG00000172318,B3GALT1,0.06292595795423958,0,0.834369109875565,5
ENSG00000172320,OR5A1,0,0,0,0
ENSG00000172324,OR5A2,0,0,0,0
ENSG00000172346,CSDC2,0.019451960465835555,0,0.6808186163042442,1
ENSG00000172350,ABCG4,0.009109076315522557,0,0.3188176710432894,1
ENSG00000172352,CDY1B,0,0,0,0
ENSG00000172362,OR5B12,0,0,0,0
ENSG00000172365,OR5B2,0,0,0,0
ENSG00000172377,OR9I1,0,0,0,0
ENSG00000172404,DNAJB7,0.03511306530638045,0,0.5903070984133431,3
ENSG00000172421,EFCAB3,0.09868290395168289,0,3.4539016383089005,1
ENSG00000172457,OR9G4,0,0,0,0
ENSG00000172464,OR5AP2,0,0,0,0
ENSG00000172468,HSFY1,0,0,0,0
ENSG00000172487,OR8J1,0,0,0,0
ENSG00000172489,OR5T3,0,0,0,0
ENSG00000172497,ACOT12,0.0373249750272589,0,1.3063741259540613,1
ENSG00000172519,OR10H5,0,0,0,0
ENSG00000172538,FAM170B,0,0,0,0
ENSG00000172568,FNDC9,0,0,0,0
ENSG00000172572,PDE3A,0.12235482567330046,0,2.322857709634424,2
ENSG00000172640,OR10AD1,0.0714905681490571,0,1.472649945217422,2
ENSG00000172650,AGAP5,0.018937852402586296,0,0.39607536838970014,2
ENSG00000172673,THEMIS,0,0,0,0
ENSG00000172680,MOS,0,0,0,0
ENSG00000172689,MS4A10,0,0,0,0
ENSG00000172717,GARIN2,0.05221248496197829,0,1.0015373598473658,5
ENSG00000172724,CCL19,0.08967763601048362,0,1.977361843375805,3
ENSG00000172733,PURG,0,0,0,0
ENSG00000172742,OR4D9,0,0,0,0
ENSG00000172752,COL6A5,0.028615353138496166,0,1.0015373598473658,1
ENSG00000172769,OR5B3,0,0,0,0
ENSG00000172772,OR10W1,0,0,0,0
ENSG00000172782,FADS6,0.01621811420345272,0,0.32659353148851533,2
ENSG00000172789,HOXC5,0,0,0,0
ENSG00000172935,MRGPRF,0.012607337293802279,0,0.4412568052830795,1
ENSG00000172938,MRGPRD,0,0,0,0
ENSG00000172940,SLC22A13,0.07289372479245122,0,1.214100563949712,4
ENSG00000172967,XKR3,0,0,0,0
ENSG00000172969,FRG2C,0,0,0,0
ENSG00000172987,HPSE2,0.02381047622857295,0,0.8333666680000533,1
ENSG00000172995,ARPP21,0,0,0,0
ENSG00000173080,RXFP4,0.058929395023899066,0,0.9291430838537696,3
ENSG00000173093,CCDC63,0,0,0,0
ENSG00000173157,ADAMTS20,0,0,0,0
ENSG00000173237,C11orf86,0,0,0,0
ENSG00000173262,SLC2A14,0,0,0,0
ENSG00000173285,OR10K1,0,0,0,0
ENSG00000173302,GPR148,0,0,0,0
ENSG00000173335,CST9,0,0,0,0
ENSG00000173349,SFT2D3,0,0,0,0
ENSG00000173369,C1QB,0,0,0,0
ENSG00000173372,C1QA,0.006086066474209015,0,0.21301232659731553,1
ENSG00000173389,IQCF1,0.009331243756814725,0,0.32659353148851533,1
ENSG00000173404,INSM1,0.028467439323149244,0,0.6531870629770307,2
ENSG00000173431,RNASE8,0,0,0,0
ENSG00000173452,TMEM196,0.008223016090468964,0,0.28780556316641376,1
ENSG00000173464,RNASE11,0,0,0,0
ENSG00000173572,NLRP13,0,0,0,0
ENSG00000173578,XCR1,0,0,0,0
ENSG00000173585,CCR9,0,0,0,0
ENSG00000173612,GPRC6A,0.02702672261640767,0,0.5498599231845688,2
ENSG00000173626,TRAPPC3L,0.03754735836347578,0,0.8415142544099554,2
ENSG00000173673,HES3,0,0,0,0
ENSG00000173678,SPDYE2B,0.04320274260989385,0,0.6018835343323397,4
ENSG00000173679,OR1L1,0,0,0,0
ENSG00000173699,SPATA3,0,0,0,0
ENSG00000173714,WFIKKN2,0,0,0,0
ENSG00000173769,TOPAZ1,0,0,0,0
ENSG00000173868,PHOSPHO1,0.016410467207968772,0,0.3546594807927065,2
ENSG00000173908,KRT28,0,0,0,0
ENSG00000173976,RAX2,0,0,0,0
ENSG00000173991,TCAP,0.0553800567577085,0,0.8634166894992413,5
ENSG00000174004,NRROS,0.028966677039706283,0,0.6177583280000197,2
ENSG00000174016,TENT5D,0,0,0,0
ENSG00000174038,C9orf131,0.020237366050236155,0,0.4412568052830795,2
ENSG00000174123,TLR10,0.13267217606503873,0,2.515569277520118,2
ENSG00000174225,ARL13A,0.06161104429643801,0,1.151222252665655,3
ENSG00000174236,REP15,0.009109076315522557,0,0.3188176710432894,1
ENSG00000174255,ZNF80,0,0,0,0
ENSG00000174279,EVX2,0,0,0,0
ENSG00000174325,NA,0,0,0,0
ENSG00000174332,GLIS1,0.009804951809519787,0,0.3431733133331926,1
ENSG00000174339,OR2Y1,0.05723070627699233,0,2.0030747196947316,1
ENSG00000174348,PODN,0.047915605286097486,0,1.6770461850134122,1
ENSG00000174358,SLC6A19,0.027232060522709864,0,0.9531221182948455,1
ENSG00000174407,NA,0,0,0,0
ENSG00000174417,TRHR,0,0,0,0
ENSG00000174429,ABRA,0.011978901321524371,0,0.41926154625335305,1
ENSG00000174448,STARD6,0.05530583005425127,0,0.9897687603245254,3
ENSG00000174450,GOLGA6L2,0,0,0,0
ENSG00000174498,IGDCC3,0,0,0,0
ENSG00000174562,KLK15,0.030520115025735522,0,1.068204025900743,1
ENSG00000174576,NPAS4,0,0,0,0
ENSG00000174600,CMKLR1,0.06867025880790492,0,2.4034590582766717,1
ENSG00000174667,OR7D4,0,0,0,0
ENSG00000174697,LEP,0,0,0,0
ENSG00000174740,PABPC5,0,0,0,0
ENSG00000174788,PCP2,0.03486054937470248,0,0.5007686799236829,3
ENSG00000174792,ODAPH,0.07749109567209117,0,1.4980877845734786,2
ENSG00000174837,ADGRE1,0.014307676569248083,0,0.5007686799236829,1
ENSG00000174914,OR9G1,0,0,0,0
ENSG00000174937,OR5M3,0,0,0,0
ENSG00000174944,P2RY14,0,0,0,0
ENSG00000174946,GPR171,0,0,0,0
ENSG00000174948,GPR149,0,0,0,0
ENSG00000174957,OR5J2,0,0,0,0
ENSG00000174963,ZIC4,0.02827910743784359,0,0.9897687603245254,1
ENSG00000174970,OR10AG1,0,0,0,0
ENSG00000174982,OR4S2,0,0,0,0
ENSG00000174990,CA5A,0.014307676569248083,0,0.5007686799236829,1
ENSG00000175018,TEX36,0,0,0,0
ENSG00000175065,DSG4,0.05723070627699233,0,2.0030747196947316,1
ENSG00000175077,RTP1,0.04184303066770514,0,0.7921507367794003,3
ENSG00000175084,DES,0.047678234850032294,0,1.66873821975113,1
ENSG00000175093,SPSB4,0,0,0,0
ENSG00000175097,RAG2,0.026025872972659507,0,0.5562460732503767,2
ENSG00000175143,OR2T1,0,0,0,0
ENSG00000175189,INHBC,0.0955971452781964,0,2.467072598792072,2
ENSG00000175229,GAL3ST3,0,0,0,0
ENSG00000175264,CHST1,0.037882821452705794,0,0.5341020129503715,3
ENSG00000175311,ANKS4B,0,0,0,0
ENSG00000175325,PROP1,0,0,0,0
ENSG00000175329,ISX,0,0,0,0
ENSG00000175336,APOF,0.09391697824238704,0,0.8415142544099554,7
ENSG00000175398,OR10P1,0,0,0,0
ENSG00000175445,LPL,0.053532295400965955,0,1.3237704158492385,2
ENSG00000175485,OR52W1,0,0,0,0
ENSG00000175497,DPP10,0.1757001773201621,0,4.506918119313146,3
ENSG00000175513,TSGA10IP,0.04615924650252771,0,0.9564530131298682,2
ENSG00000175514,GPR152,0.01202163220585651,0,0.4207571272049777,1
ENSG00000175619,OR4B1,0,0,0,0
ENSG00000175646,PRM1,0,0,0,0
ENSG00000175718,RBMXL3,0.011316439096848572,0,0.39607536838970014,1
ENSG00000175728,NA,0.03984586472932142,0,0.5617829192150544,4
ENSG00000175746,NA,0.030430332371045064,0,1.0650616329865776,1
ENSG00000175766,EIF4E1B,0,0,0,0
ENSG00000175779,NA,0,0,0,0
ENSG00000175785,PRIMA1,0,0,0,0
ENSG00000175809,CBLL2,0,0,0,0
ENSG00000175857,GAPT,0,0,0,0
ENSG00000175868,CALCB,0.011905238114286475,0,0.41668333400002666,1
ENSG00000175879,HOXD8,0,0,0,0
ENSG00000175894,TSPEAR,0,0,0,0
ENSG00000175985,PLEKHD1,0.0353417104575002,0,1.2369598660125074,1
ENSG00000176020,AMIGO3,0,0,0,0
ENSG00000176076,KCNE5,0.021346123987076783,0,0.5341020129503715,2
ENSG00000176083,ZNF683,0,0,0,0
ENSG00000176136,MC5R,0,0,0,0
ENSG00000176160,HSF5,0.06297274109109348,0,0.9291430838537696,3
ENSG00000176165,FOXG1,0.03235683224365849,0,0.6598458402163503,2
ENSG00000176177,ENTHD1,0.006010816102928255,0,0.21037856360248886,1
ENSG00000176198,OR11H4,0,0,0,0
ENSG00000176200,OR4D11,0,0,0,0
ENSG00000176204,LRRTM4,0.08848529017874265,0,2.194780498434651,3
ENSG00000176219,OR11H6,0,0,0,0
ENSG00000176230,OR4K17,0.006886870446638,0,0.2410404656323299,1
ENSG00000176231,OR10H4,0,0,0,0
ENSG00000176239,OR51B6,0,0,0,0
ENSG00000176246,OR4L1,0,0,0,0
ENSG00000176253,OR4K13,0,0,0,0
ENSG00000176256,HMGB4,0,0,0,0
ENSG00000176269,OR4F21,0,0,0,0
ENSG00000176281,OR4K5,0,0,0,0
ENSG00000176294,OR4N2,0,0,0,0
ENSG00000176299,OR4M1,0,0,0,0
ENSG00000176302,FOXR1,0,0,0,0
ENSG00000176358,TAC4,0,0,0,0
ENSG00000176402,GJC3,0.011958427908057572,0,0.21262553411534169,2
ENSG00000176435,CLEC14A,0,0,0,0
ENSG00000176490,DIRAS1,0,0,0,0
ENSG00000176495,OR5AN1,0.004902475904759894,0,0.1715866566665963,1
ENSG00000176540,OR4C5,0,0,0,0
ENSG00000176547,OR4C3,0,0,0,0
ENSG00000176555,OR4S1,0,0,0,0
ENSG00000176566,DCAF4L2,0,0,0,0
ENSG00000176567,OR4X1,0,0,0,0
ENSG00000176571,CNBD1,0,0,0,0
ENSG00000176605,NA,0,0,0,0
ENSG00000176679,TGIF2LY,0,0,0,0
ENSG00000176695,OR4F17,0,0,0,0
ENSG00000176742,OR51V1,0,0,0,0
ENSG00000176746,MAGEB6,0,0,0,0
ENSG00000176774,MAGEB18,0,0,0,0
ENSG00000176782,DEFB104A,0,0,0,0
ENSG00000176787,OR52E2,0,0,0,0
ENSG00000176797,DEFB103A,0,0,0,0
ENSG00000176798,OR51L1,0,0,0,0
ENSG00000176884,GRIN1,0.0543347411351952,0,0.41926154625335305,6
ENSG00000176887,SOX11,0.11878101244219158,0,1.0997198463691376,8
ENSG00000176893,OR51G2,0,0,0,0
ENSG00000176895,OR51A7,0,0,0,0
ENSG00000176900,OR51T1,0,0,0,0
ENSG00000176904,NA,0,0,0,0
ENSG00000176922,OR51S1,0,0,0,0
ENSG00000176925,OR51F2,0,0,0,0
ENSG00000176979,TRIM60,0,0,0,0
ENSG00000176988,FMR1NB,0,0,0,0
ENSG00000177023,DEFB104B,0,0,0,0
ENSG00000177108,ZDHHC22,0,0,0,0
ENSG00000177138,FAM9B,0.06785687230120842,0,1.2752706841731576,2
ENSG00000177143,CETN1,0,0,0,0
ENSG00000177151,OR2T35,0,0,0,0
ENSG00000177174,OR14C36,0,0,0,0
ENSG00000177186,OR2M7,0,0,0,0
ENSG00000177201,OR2T12,0,0,0,0
ENSG00000177212,OR2T33,0,0,0,0
ENSG00000177243,DEFB103B,0,0,0,0
ENSG00000177272,KCNA3,0,0,0,0
ENSG00000177275,OR2AJ1,0,0,0,0
ENSG00000177291,GJD4,0.006010816102928255,0,0.21037856360248886,1
ENSG00000177300,CLDN22,0,0,0,0
ENSG00000177301,KCNA2,0.05893739155399447,0,1.6667333360001066,2
ENSG00000177324,BEND2,0,0,0,0
ENSG00000177354,C10orf71,0,0,0,0
ENSG00000177363,LRRN4CL,0,0,0,0
ENSG00000177462,OR2T8,0,0,0,0
ENSG00000177464,GPR4,0,0,0,0
ENSG00000177468,OLIG3,0,0,0,0
ENSG00000177476,OR2G3,0,0,0,0
ENSG00000177483,RBM44,0.07441789925773491,0,1.25005000200008,3
ENSG00000177489,OR2G2,0,0,0,0
ENSG00000177504,VCX2,0,0,0,0
ENSG00000177511,ST8SIA3,0,0,0,0
ENSG00000177535,OR2B11,0,0,0,0
ENSG00000177558,FAM187B,0.012150030520876673,0,0.42525106823068337,1
ENSG00000177669,MBOAT4,0.09132196645475499,0,1.0518928180124443,5
ENSG00000177673,TEX44,0.0811705442245943,0,2.30244450533131,3
ENSG00000177675,CD163L1,0.007048778853691635,0,0.2467072598792072,1
ENSG00000177684,DEFB114,0,0,0,0
ENSG00000177689,MAGEB10,0,0,0,0
ENSG00000177693,OR4F4,0,0,0,0
ENSG00000177710,SLC35G5,0.014443774651690297,0,0.29515354920667153,2
ENSG00000177752,YIPF7,0.04199365113325288,0,0.8520493063892621,3
ENSG00000177800,NA,0,0,0,0
ENSG00000177807,KCNJ10,0.054096632560353894,0,1.233536299396036,2
ENSG00000177938,CAPZA3,0.02746327801755842,0,0.4966431886876601,2
ENSG00000177947,CIMAP1A,0,0,0,0
ENSG00000177984,LCN15,0.01883201755596005,0,0.6591206144586016,1
ENSG00000177992,SPATA31E1,0,0,0,0
ENSG00000178015,GPR150,0.03890155396393756,0,0.6018835343323397,3
ENSG00000178021,TSPYL6,0,0,0,0
ENSG00000178055,NA,0,0,0,0
ENSG00000178084,HTR3C,0.04712228061000029,0,1.6492798213500097,1
ENSG00000178115,GOLGA8Q,0,0,0,0
ENSG00000178171,AMER3,0.011780570152500072,0,0.41231995533750243,1
ENSG00000178172,SPINK6,0.03458476646847855,0,0.41926154625335305,3
ENSG00000178175,ZNF366,0,0,0,0
ENSG00000178199,ZC3H12D,0.05766762135488912,0,1.3182412289172032,3
ENSG00000178217,SH2D4B,0,0,0,0
ENSG00000178233,TMEM151B,0.06373218676187857,0,2.2306265366657523,1
ENSG00000178235,SLITRK1,0,0,0,0
ENSG00000178243,NA,0,0,0,0
ENSG00000178257,PRM3,0,0,0,0
ENSG00000178279,TNP2,0,0,0,0
ENSG00000178287,SPAG11A,0.006075015260438337,0,0.21262553411534169,3
ENSG00000178297,TMPRSS9,0.07086589144493523,0,1.9795375206490509,2
ENSG00000178343,SHISA3,0.03760853227978184,0,0.6018835343323397,3
ENSG00000178394,HTR1A,0,0,0,0
ENSG00000178395,CCDC185,0.01883201755596005,0,0.6591206144586016,1
ENSG00000178403,NEUROG2,0,0,0,0
ENSG00000178404,CEP295NL,0.017672352707923156,0,0.3404093081521221,2
ENSG00000178473,UCN3,0.011179815090079911,0,0.21970687148620055,2
ENSG00000178522,AMBN,0,0,0,0
ENSG00000178562,CD28,0.009331243756814725,0,0.32659353148851533,1
ENSG00000178586,OR6B3,0.04895540830129162,0,0.6591206144586016,3
ENSG00000178591,DEFB125,0,0,0,0
ENSG00000178602,OTOS,0,0,0,0
ENSG00000178734,NA,0.04662930441204686,0,0.6018835343323397,3
ENSG00000178772,CPN2,0,0,0,0
ENSG00000178776,C5orf46,0,0,0,0
ENSG00000178789,CD300LB,0,0,0,0
ENSG00000178828,RNF186,0.06166286298938068,0,1.0650616329865776,3
ENSG00000178882,RFLNA,0.08080080514621955,0,1.642238033781247,8
ENSG00000178922,HYI,0,0,0,0
ENSG00000178928,TPRX1,0,0,0,0
ENSG00000178997,EXD1,0.06685680238354412,0,1.214100563949712,4
ENSG00000179002,TAS1R2,0,0,0,0
ENSG00000179046,TRIML2,0,0,0,0
ENSG00000179055,OR13D1,0.031469146181450025,0,0.834369109875565,2
ENSG00000179059,ZFP42,0.025597839758125077,0,0.5498599231845688,2
ENSG00000179083,FAM133A,0,0,0,0
ENSG00000179097,HTR1F,0.01013312802264875,0,0.3546594807927065,1
ENSG00000179111,HES7,0.012897686549566254,0,0.2410404656323299,2
ENSG00000179142,CYP11B2,0,0,0,0
ENSG00000179144,GIMAP7,0,0,0,0
ENSG00000179165,PXT1,0.05315086520876857,0,0.7231213968969896,4
ENSG00000179172,HNRNPCL1,0.01261718281081441,0,0.23632164415584844,2
ENSG00000179213,SIGLECL1,0,0,0,0
ENSG00000179284,DAND5,0,0,0,0
ENSG00000179292,TMEM151A,0.03931393498876797,0,0.5498599231845688,4
ENSG00000179300,RTL3,0,0,0,0
ENSG00000179304,FAM156B,0,0,0,0
ENSG00000179331,RAB39A,0,0,0,0
ENSG00000179399,GPC5,0.05962723232548405,0,1.8672462599057413,2
ENSG00000179407,DNAJB8,0,0,0,0
ENSG00000179412,HNRNPCL4,0,0,0,0
ENSG00000179468,OR9A2,0,0,0,0
ENSG00000179477,ALOX12B,0.03834316171325626,0,0.7921507367794003,2
ENSG00000179520,SLC17A8,0.050974290692521435,0,1.0212279244563662,3
ENSG00000179542,SLITRK4,0,0,0,0
ENSG00000179564,LSMEM2,0.004902475904759894,0,0.1715866566665963,1
ENSG00000179580,RNF151,0,0,0,0
ENSG00000179600,GPHB5,0,0,0,0
ENSG00000179603,GRM8,0.15268703786099677,0,3.642301691849136,4
ENSG00000179615,OR2AP1,0,0,0,0
ENSG00000179626,OR6C4,0,0,0,0
ENSG00000179639,FCER1A,0,0,0,0
ENSG00000179673,RPRML,0.05658366348862293,0,0.8854606476200146,5
ENSG00000179695,OR6C2,0,0,0,0
ENSG00000179709,NLRP8,0,0,0,0
ENSG00000179751,SYCN,0,0,0,0
ENSG00000179772,FOXS1,0.028436126495236826,0,0.823677770666693,2
ENSG00000179774,ATOH7,0,0,0,0
ENSG00000179796,LRRC3B,0,0,0,0
ENSG00000179817,MRGPRX4,0,0,0,0
ENSG00000179855,GIPC3,0.005350313516333852,0,0.18726097307168482,1
ENSG00000179873,NLRP11,0,0,0,0
ENSG00000179919,OR10A7,0,0,0,0
ENSG00000179934,CCR8,0.006086066474209015,0,0.21301232659731553,1
ENSG00000179938,GOLGA8J,0,0,0,0
ENSG00000179954,SSC5D,0.06356954152528341,0,1.233536299396036,4
ENSG00000180016,OR1E1,0,0,0,0
ENSG00000180043,GARIN5B,0.027993731270444168,0,0.979780594465546,1
ENSG00000180044,C3orf80,0.04968391714083868,0,0.5903070984133431,4
ENSG00000180053,NKX2-6,0,0,0,0
ENSG00000180061,TMEM150B,0.014307676569248083,0,0.5007686799236829,1
ENSG00000180066,NA,0,0,0,0
ENSG00000180083,WFDC11,0,0,0,0
ENSG00000180090,OR3A1,0.009331243756814725,0,0.32659353148851533,1
ENSG00000180138,CSNK1A1L,0.029398786425409978,0,0.823677770666693,2
ENSG00000180205,WFDC9,0,0,0,0
ENSG00000180210,F2,0.03394931729054573,0,1.1882261051691003,1
ENSG00000180219,GARIN6,0,0,0,0
ENSG00000180259,NA,0,0,0,0
ENSG00000180264,ADGRD2,0.029166217576493184,0,0.5562460732503767,2
ENSG00000180269,GPR139,0,0,0,0
ENSG00000180287,PLD5,0,0,0,0
ENSG00000180305,WFDC10A,0,0,0,0
ENSG00000180332,KCTD4,0.03687872554336673,0,0.9641618625293196,2
ENSG00000180347,ITPRID1,0.04539178782426195,0,0.9868290395168288,2
ENSG00000180383,DEFB124,0.060065430144950416,0,1.6830285088199108,2
ENSG00000180386,KRTAP9-7,0,0,0,0
ENSG00000180424,DEFB123,0,0,0,0
ENSG00000180433,OR6K6,0,0,0,0
ENSG00000180440,SERTM1,0,0,0,0
ENSG00000180475,OR10Q1,0,0,0,0
ENSG00000180483,DEFB119,0,0,0,0
ENSG00000180549,FUT7,0,0,0,0
ENSG00000180613,GSX2,0,0,0,0
ENSG00000180616,SSTR2,0.11467560557366345,0,1.4899295660629803,6
ENSG00000180644,PRF1,0.017196672409495427,0,0.6018835343323397,1
ENSG00000180658,OR2A4,0,0,0,0
ENSG00000180697,C3orf22,0,0,0,0
ENSG00000180708,OR10K2,0,0,0,0
ENSG00000180745,CLRN3,0,0,0,0
ENSG00000180772,AGTR2,0,0,0,0
ENSG00000180777,ANKRD30B,0,0,0,0
ENSG00000180785,OR51E1,0.06476319782062703,0,1.7732974039635325,2
ENSG00000180806,HOXC9,0,0,0,0
ENSG00000180815,MAP3K15,0.07726878141538968,0,1.0015373598473658,5
ENSG00000180818,HOXC10,0,0,0,0
ENSG00000180828,BHLHE22,0.005865135834933024,0,0.20527975422265587,1
ENSG00000180872,DEFB112,0,0,0,0
ENSG00000180878,C11orf42,0,0,0,0
ENSG00000180919,OR56B4,0.006075015260438336,0,0.21262553411534169,1
ENSG00000180934,OR56A1,0,0,0,0
ENSG00000180974,OR52E4,0,0,0,0
ENSG00000180999,C1orf105,0.012554678370640024,0,0.4394137429724011,1
ENSG00000181001,OR52N1,0,0,0,0
ENSG00000181009,OR52N5,0.006010816102928255,0,0.21037856360248886,1
ENSG00000181013,NA,0,0,0,0
ENSG00000181023,OR56B1,0,0,0,0
ENSG00000181072,CHRM2,0,0,0,0
ENSG00000181092,ADIPOQ,0,0,0,0
ENSG00000181215,C4orf50,0,0,0,0
ENSG00000181234,TMEM132C,0,0,0,0
ENSG00000181273,OR5AK2,0,0,0,0
ENSG00000181291,TMEM132E,0,0,0,0
ENSG00000181323,SPEM1,0,0,0,0
ENSG00000181355,NA,0.06215073068705194,0,0.8505021364613667,4
ENSG00000181371,OR5M8,0,0,0,0
ENSG00000181374,CCL13,0,0,0,0
ENSG00000181408,UTS2R,0,0,0,0
ENSG00000181433,SAGE1,0,0,0,0
ENSG00000181499,OR6T1,0,0,0,0
ENSG00000181518,OR8D4,0.0376640351119201,0,1.3182412289172032,1
ENSG00000181541,MAB21L2,0.013273472626482418,0,0.4645715419268848,1
ENSG00000181552,EDDM3B,0,0,0,0
ENSG00000181562,EDDM3A,0,0,0,0
ENSG00000181617,FDCSP,0,0,0,0
ENSG00000181625,SLX1B,0,0,0,0
ENSG00000181626,ANKRD62,0,0,0,0
ENSG00000181631,P2RY13,0,0,0,0
ENSG00000181656,GPR88,0,0,0,0
ENSG00000181693,OR8H1,0,0,0,0
ENSG00000181698,OR5T1,0,0,0,0
ENSG00000181718,OR5T2,0,0,0,0
ENSG00000181733,OR2Z1,0,0,0,0
ENSG00000181752,OR8K5,0,0,0,0
ENSG00000181761,OR8H3,0,0,0,0
ENSG00000181767,OR8H2,0,0,0,0
ENSG00000181773,GPR3,0.09194765026891576,0,1.9468612563763183,3
ENSG00000181778,TMEM252,0.027389771154630933,0,0.4820809312646598,2
ENSG00000181781,CIMAP1D,0.03468858754142033,0,1.214100563949712,1
ENSG00000181785,OR5AS1,0.015710283519559106,0,0.5498599231845688,1
ENSG00000181786,ACTL9,0,0,0,0
ENSG00000181803,OR6S1,0,0,0,0
ENSG00000181847,TIGIT,0,0,0,0
ENSG00000181867,FTMT,0,0,0,0
ENSG00000181903,OR4C6,0,0,0,0
ENSG00000181927,OR4P4,0,0,0,0
ENSG00000181939,OR4C15,0,0,0,0
ENSG00000181958,OR4A15,0,0,0,0
ENSG00000181961,OR4A16,0,0,0,0
ENSG00000181963,OR52K2,0,0,0,0
ENSG00000181965,NEUROG1,0,0,0,0
ENSG00000182035,ADIG,0,0,0,0
ENSG00000182053,TRIM49B,0,0,0,0
ENSG00000182070,OR52A1,0,0,0,0
ENSG00000182077,PTCHD3,0.02827910743784359,0,0.9897687603245254,1
ENSG00000182083,OR6B2,0,0,0,0
ENSG00000182108,DEXI,0.042929677755515684,0,0.6018835343323397,4
ENSG00000182111,ZNF716,0.05354782249669968,0,1.0015373598473658,3
ENSG00000182132,KCNIP1,0.01953945518731754,0,0.39607536838970014,2
ENSG00000182156,ENPP7,0,0,0,0
ENSG00000182162,P2RY8,0.013616030261354932,0,0.47656105914742275,1
ENSG00000182170,MRGPRG,0.004902475904759894,0,0.1715866566665963,1
ENSG00000182177,ASB18,0.006075015260438336,0,0.21262553411534169,1
ENSG00000182187,CRYGB,0,0,0,0
ENSG00000182196,ARL6IP4,0.051702034333490965,0,0.9641618625293196,4
ENSG00000182223,ZAR1,0.04544890827012656,0,0.6376353420865788,4
ENSG00000182255,KCNA4,0,0,0,0
ENSG00000182315,MBD3L3,0,0,0,0
ENSG00000182330,PRAMEF8,0,0,0,0
ENSG00000182333,LIPF,0.019775112477131943,0,0.6921289366996177,1
ENSG00000182334,OR5P3,0.03786338434981342,0,0.9291430838537696,2
ENSG00000182346,DAOA,0,0,0,0
ENSG00000182348,ZNF804B,0,0,0,0
ENSG00000182352,NA,0.08584605941548851,0,3.004612079542097,1
ENSG00000182393,IFNL1,0,0,0,0
ENSG00000182415,CDY2A,0,0,0,0
ENSG00000182447,OTOL1,0,0,0,0
ENSG00000182450,KCNK4,0,0,0,0
ENSG00000182459,TEX19,0,0,0,0
ENSG00000182492,BGN,0.0373249750272589,0,1.3063741259540613,1
ENSG00000182521,TBPL2,0.0511208162822934,0,0.9452865766233938,3
ENSG00000182533,CAV3,0.03468858754142033,0,1.214100563949712,1
ENSG00000182545,RNASE10,0.02466904827140688,0,0.8634166894992413,1
ENSG00000182566,CLEC4G,0,0,0,0
ENSG00000182583,VCX,0,0,0,0
ENSG00000182591,KRTAP11-1,0,0,0,0
ENSG00000182613,OR2V2,0.006886870446638,0,0.2410404656323299,1
ENSG00000182631,RXFP3,0,0,0,0
ENSG00000182634,OR10G7,0,0,0,0
ENSG00000182645,CCDC172,0,0,0,0
ENSG00000182652,OR4Q3,0,0,0,0
ENSG00000182667,NTM,0.0202662560452975,0,0.709318961585413,1
ENSG00000182674,KCNB2,0.12385687310501035,0,3.8342218787516797,2
ENSG00000182676,PPP1R27,0.0726364441930297,0,0.6390369797919466,6
ENSG00000182698,RESP18,0.016807714019046367,0,0.41668333400002666,2
ENSG00000182712,CMC4,0,0,0,0
ENSG00000182747,SLC35D3,0.027547481786552,0,0.9641618625293196,1
ENSG00000182759,MAFA,0.015770968886185194,0,0.34606446834980886,2
ENSG00000182771,GRID1,0.022632878193697144,0,0.7921507367794003,1
ENSG00000182783,OR2T29,0,0,0,0
ENSG00000182798,MAGEB17,0,0,0,0
ENSG00000182816,KRTAP13-2,0,0,0,0
ENSG00000182836,PLCXD3,0,0,0,0
ENSG00000182854,OR4F15,0,0,0,0
ENSG00000182870,GALNT9,0.014790032143325867,0,0.34606446834980886,2
ENSG00000182898,TCHHL1,0.012607337293802279,0,0.4412568052830795,1
ENSG00000182901,RGS7,0.025695970093248578,0,0.6863466266663852,2
ENSG00000182931,WFDC10B,0.038726690784495726,0,0.5756111263328275,3
ENSG00000182968,SOX1,0,0,0,0
ENSG00000182974,OR4M2B,0,0,0,0
ENSG00000183024,OR1G1,0,0,0,0
ENSG00000183035,CYLC1,0,0,0,0
ENSG00000183054,RGPD6,0.02801272058612029,0,0.5007686799236829,3
ENSG00000183072,NKX2-5,0.04503366444090222,0,0.834369109875565,3
ENSG00000183114,FAM43B,0.019609903619039575,0,0.6863466266663852,1
ENSG00000183128,CALHM3,0,0,0,0
ENSG00000183146,NA,0,0,0,0
ENSG00000183148,NA,0.029667338193289608,0,0.4207571272049777,3
ENSG00000183153,GJD3,0.09200587024653548,0,1.4296831774422682,8
ENSG00000183160,TMEM119,0,0,0,0
ENSG00000183166,CALN1,0,0,0,0
ENSG00000183185,GABRR3,0.01885273829189573,0,0.6598458402163503,1
ENSG00000183246,RIMBP3C,0.006752046975881382,0,0.23632164415584844,1
ENSG00000183251,OR51B4,0.02827910743784359,0,0.9897687603245254,1
ENSG00000183260,ABHD16B,0,0,0,0
ENSG00000183269,OR52E8,0,0,0,0
ENSG00000183281,PLGLB1,0.08767404287346849,0,1.0015373598473658,8
ENSG00000183303,OR5P2,0.0684835381048278,0,1.418637923170826,3
ENSG00000183304,FAM9A,0,0,0,0
ENSG00000183305,MAGEA2B,0,0,0,0
ENSG00000183310,OR2T34,0,0,0,0
ENSG00000183313,OR52L1,0,0,0,0
ENSG00000183318,SPDYE4,0.042923029707744254,0,1.5023060397710486,1
ENSG00000183336,BOLA2,0.02917557373101979,0,0.6018835343323397,2
ENSG00000183379,SYNDIG1L,0,0,0,0
ENSG00000183389,OR56A4,0,0,0,0
ENSG00000183395,PMCH,0,0,0,0
ENSG00000183396,TMEM89,0.024292505541129706,0,0.42525106823068337,3
ENSG00000183423,LRIT3,0.013504093951762764,0,0.4726432883116969,1
ENSG00000183434,TFDP3,0,0,0,0
ENSG00000183454,GRIN2A,0.15025297144090047,0,2.916973163332137,4
ENSG00000183463,URAD,0,0,0,0
ENSG00000183476,SH2D7,0.011978901321524371,0,0.41926154625335305,1
ENSG00000183542,KLRC4,0,0,0,0
ENSG00000183549,ACSM5,0,0,0,0
ENSG00000183559,C10orf120,0,0,0,0
ENSG00000183560,IZUMO1R,0,0,0,0
ENSG00000183570,PCBP3,0.03196672156348594,0,0.882513610566159,2
ENSG00000183571,PGPEP1L,0,0,0,0
ENSG00000183607,GKN2,0.015892744950010765,0,0.5562460732503767,1
ENSG00000183625,CCR3,0.04256941617322802,0,1.4899295660629803,1
ENSG00000183628,DGCR6,0.10156132344706319,0,0.936304865358424,8
ENSG00000183629,GOLGA8G,0.007946372475005382,0,0.27812303662518834,2
ENSG00000183632,TP53TG3,0.004902475904759894,0,0.1715866566665963,5
ENSG00000183638,RP1L1,0.04943778119282984,0,1.7303223417490445,1
ENSG00000183640,KRTAP8-1,0,0,0,0
ENSG00000183643,NA,0,0,0,0
ENSG00000183654,MARCHF11,0,0,0,0
ENSG00000183662,TAFA1,0,0,0,0
ENSG00000183668,PSG9,0.056576273639594235,0,1.7020465407606105,2
ENSG00000183691,NOG,0.013616030261354932,0,0.47656105914742275,1
ENSG00000183706,OR4N4,0,0,0,0
ENSG00000183709,IFNL2,0.018218152631045113,0,0.6376353420865788,1
ENSG00000183733,FIGLA,0,0,0,0
ENSG00000183747,ACSM2A,0,0,0,0
ENSG00000183753,BPY2,0,0,0,0
ENSG00000183783,KCTD8,0.04784755278130172,0,0.882513610566159,2
ENSG00000183791,NA,0,0,0,0
ENSG00000183795,BPY2B,0,0,0,0
ENSG00000183798,EMILIN3,0.004902475904759894,0,0.1715866566665963,1
ENSG00000183807,FAM162B,0.015710283519559106,0,0.5498599231845688,1
ENSG00000183813,CCR4,0.014233719661574622,0,0.32659353148851533,2
ENSG00000183837,PNMA3,0.15511317413190584,0,5.016641139279202,2
ENSG00000183862,CNGA2,0,0,0,0
ENSG00000183873,SCN5A,0.13440314890686458,0,2.976757477614784,3
ENSG00000183888,SRARP,0.050054234623216086,0,0.5007686799236829,5
ENSG00000183908,LRRC55,0.027008187903525528,0,0.9452865766233938,1
ENSG00000183918,SH2D1A,0,0,0,0
ENSG00000183960,KCNH8,0.044806323652655806,0,0.5498599231845688,4
ENSG00000183977,PP2D1,0.04996930749642804,0,0.41231995533750243,6
ENSG00000183979,NPB,0,0,0,0
ENSG00000184005,ST6GALNAC3,0.05467513734394502,0,1.9136298070380753,1
ENSG00000184022,OR2T10,0,0,0,0
ENSG00000184029,NA,0,0,0,0
ENSG00000184032,KRTAP20-2,0,0,0,0
ENSG00000184033,CTAG1B,0,0,0,0
ENSG00000184108,TRIML1,0.014307676569248083,0,0.5007686799236829,1
ENSG00000184140,OR4F6,0,0,0,0
ENSG00000184148,SPRR4,0.04756577917138588,0,0.7490438922867393,3
ENSG00000184155,OR10J5,0,0,0,0
ENSG00000184160,ADRA2C,0.07668158996546086,0,2.1339957256065616,2
ENSG00000184166,OR1D2,0,0,0,0
ENSG00000184210,DGAT2L6,0.01217213294841803,0,0.42602465319463106,1
ENSG00000184221,OLIG1,0,0,0,0
ENSG00000184258,NA,0,0,0,0
ENSG00000184261,KCNK12,0.02732722894656766,0,0.9564530131298682,1
ENSG00000184270,H2AC21,0.011730271669866048,0,0.41055950844531175,1
ENSG00000184276,DEFB108B,0,0,0,0
ENSG00000184293,NA,0,0,0,0
ENSG00000184302,SIX6,0.0383275154054649,0,0.9291430838537696,2
ENSG00000184313,MROH7,0.06169552927478354,0,0.5756111263328275,6
ENSG00000184321,NA,0,0,0,0
ENSG00000184330,S100A7A,0.15352132831810356,0,3.5579584883620115,4
ENSG00000184344,GDF3,0,0,0,0
ENSG00000184345,IQCF2,0,0,0,0
ENSG00000184350,MRGPRE,0.035715714342859424,0,1.25005000200008,1
ENSG00000184351,KRTAP19-1,0.03745219461433698,0,1.3108268115017936,1
ENSG00000184388,PABPC1L2B,0,0,0,0
ENSG00000184389,A3GALT2,0.03038104362584919,0,0.41668333400002666,4
ENSG00000184394,OR4N5,0,0,0,0
ENSG00000184459,BPIFC,0,0,0,0
ENSG00000184478,OR56A3,0,0,0,0
ENSG00000184486,POU3F2,0.05120333336092505,0,0.8333666680000533,3
ENSG00000184492,FOXD4L1,0.01013312802264875,0,0.3546594807927065,1
ENSG00000184507,NUTM1,0,0,0,0
ENSG00000184544,DHRS7C,0,0,0,0
ENSG00000184560,SPEM2,0.017196672409495427,0,0.6018835343323397,1
ENSG00000184571,PIWIL3,0.015710283519559106,0,0.5498599231845688,1
ENSG00000184601,C14orf180,0,0,0,0
ENSG00000184611,KCNH7,0.04106147690006819,0,0.709318961585413,3
ENSG00000184647,PRSS55,0,0,0,0
ENSG00000184650,ODF4,0,0,0,0
ENSG00000184659,FOXD4L4,0,0,0,0
ENSG00000184672,RALYL,0,0,0,0
ENSG00000184698,OR51M1,0.025214674587604558,0,0.882513610566159,1
ENSG00000184716,SERINC4,0,0,0,0
ENSG00000184724,KRTAP6-1,0,0,0,0
ENSG00000184735,DDX53,0,0,0,0
ENSG00000184788,SATL1,0.018532617128381456,0,0.41231995533750243,2
ENSG00000184811,TRARG1,0,0,0,0
ENSG00000184814,PRR23B,0,0,0,0
ENSG00000184838,PRR16,0,0,0,0
ENSG00000184845,DRD1,0.009331243756814725,0,0.32659353148851533,1
ENSG00000184895,SRY,0.04863737402490676,0,0.9564530131298682,3
ENSG00000184905,TCEAL2,0,0,0,0
ENSG00000184911,DMRTC1B,0.005350313516333852,0,0.18726097307168482,1
ENSG00000184923,NUTM2A,0,0,0,0
ENSG00000184933,OR6A2,0.006010816102928255,0,0.21037856360248886,1
ENSG00000184937,WT1,0,0,0,0
ENSG00000184945,AQP12A,0,0,0,0
ENSG00000184954,OR6C70,0,0,0,0
ENSG00000184956,MUC6,0,0,0,0
ENSG00000185002,RFX6,0,0,0,0
ENSG00000185028,LRRC14B,0.03552840461115354,0,0.6531870629770307,2
ENSG00000185053,SGCZ,0,0,0,0
ENSG00000185056,C5orf47,0.004902475904759894,0,0.1715866566665963,1
ENSG00000185069,KRT76,0,0,0,0
ENSG00000185105,MYADML2,0,0,0,0
ENSG00000185149,NPY2R,0,0,0,0
ENSG00000185155,MIXL1,0.04382778587258629,0,0.7921507367794003,4
ENSG00000185176,AQP12B,0.014308601265046713,0,0.31354007120495014,4
ENSG00000185177,ZNF479,0.014790032143325867,0,0.34606446834980886,2
ENSG00000185198,PRSS57,0.0315826951421461,0,0.709318961585413,2
ENSG00000185231,MC2R,0,0,0,0
ENSG00000185245,GP1BA,0.030154058171249404,0,0.5498599231845688,3
ENSG00000185247,MAGEA11,0.06097130644590174,0,2.1339957256065616,1
ENSG00000185264,CIMIP4,0,0,0,0
ENSG00000185269,NOTUM,0.10108985854625684,0,1.2369598660125074,6
ENSG00000185271,KLHL33,0,0,0,0
ENSG00000185274,GALNT17,0,0,0,0
ENSG00000185294,SPPL2C,0,0,0,0
ENSG00000185313,SCN10A,0,0,0,0
ENSG00000185352,HS6ST3,0.009725980232917777,0,0.3404093081521221,1
ENSG00000185372,OR2V1,0.011780570152500072,0,0.41231995533750243,1
ENSG00000185385,OR7A17,0.018218152631045113,0,0.6376353420865788,1
ENSG00000185448,FAM47A,0,0,0,0
ENSG00000185559,DLK1,0,0,0,0
ENSG00000185565,LSAMP,0.07027942070160112,0,1.0997198463691376,3
ENSG00000185594,NA,0,0,0,0
ENSG00000185610,DBX2,0,0,0,0
ENSG00000185615,PDIA2,0.009331243756814725,0,0.32659353148851533,1
ENSG00000185640,KRT79,0.006086066474209015,0,0.21301232659731553,1
ENSG00000185662,SMIM23,0,0,0,0
ENSG00000185686,PRAME,0.01013312802264875,0,0.3546594807927065,1
ENSG00000185737,NRG3,0,0,0,0
ENSG00000185742,C11orf87,0,0,0,0
ENSG00000185758,CLDN24,0,0,0,0
ENSG00000185775,SPATA31A6,0.009109076315522557,0,0.3188176710432894,1
ENSG00000185792,NLRP9,0.006277339185320012,0,0.21970687148620055,1
ENSG00000185818,NAT8L,0.05352060509738038,0,1.214100563949712,2
ENSG00000185821,OR6C76,0.009725980232917777,0,0.3404093081521221,1
ENSG00000185823,NPAP1,0,0,0,0
ENSG00000185863,TMEM210,0.011780570152500072,0,0.41231995533750243,1
ENSG00000185873,TMPRSS11B,0.5023908176372476,0,16.666226603379947,3
ENSG00000185883,ATP6V0C,0.009331243756814725,0,0.32659353148851533,1
ENSG00000185888,PRSS38,0,0,0,0
ENSG00000185894,BPY2C,0,0,0,0
ENSG00000185897,FFAR3,0,0,0,0
ENSG00000185899,TAS2R60,0,0,0,0
ENSG00000185915,KLHL34,0.14909963916072064,0,2.428201127899424,5
ENSG00000185926,OR4C46,0,0,0,0
ENSG00000185933,CALHM1,0,0,0,0
ENSG00000185940,KRTAP5-5,0,0,0,0
ENSG00000185955,SPACDR,0.07026313064017621,0,0.6390369797919466,6
ENSG00000185960,SHOX,0,0,0,0
ENSG00000185962,LCE3A,0,0,0,0
ENSG00000185966,LCE3E,0.019124054409609847,0,0.4820809312646598,2
ENSG00000185972,CCIN,0.034317331333319274,0,1.2011065966661743,1
ENSG00000185974,GRK1,0,0,0,0
ENSG00000185982,DEFB128,0,0,0,0
ENSG00000185985,SLITRK2,0,0,0,0
ENSG00000185988,PLK5,0.05885344867967237,0,2.059870703788533,1
ENSG00000186038,HTR3E,0,0,0,0
ENSG00000186047,DLEU7,0.07093897528427125,0,0.8385230925067061,10
ENSG00000186049,KRT73,0,0,0,0
ENSG00000186051,TAL2,0.0780278729731126,0,1.2541602848198006,4
ENSG00000186075,ZPBP2,0.009109076315522557,0,0.3188176710432894,1
ENSG00000186086,NBPF6,0.01013312802264875,0,0.3546594807927065,1
ENSG00000186092,OR4F5,0,0,0,0
ENSG00000186103,ARGFX,0,0,0,0
ENSG00000186105,LRRC70,0.06580513007823251,0,1.214100563949712,4
ENSG00000186113,OR5D14,0,0,0,0
ENSG00000186118,TEX38,0.07550121986665397,0,1.4414360986667127,2
ENSG00000186119,OR5D18,0,0,0,0
ENSG00000186136,TAS2R42,0,0,0,0
ENSG00000186143,PRR30,0,0,0,0
ENSG00000186146,DEFB131A,0,0,0,0
ENSG00000186150,UBL4B,0,0,0,0
ENSG00000186188,FFAR4,0.18389028585318254,0,4.118388853333465,3
ENSG00000186190,BPIFB3,0.009887556238565971,0,0.34606446834980886,1
ENSG00000186207,LCE5A,0,0,0,0
ENSG00000186265,BTLA,0.015892744950010765,0,0.5562460732503767,1
ENSG00000186288,PABPC1L2A,0,0,0,0
ENSG00000186297,GABRA5,0,0,0,0
ENSG00000186306,OR10T2,0,0,0,0
ENSG00000186334,SLC36A3,0.01013312802264875,0,0.3546594807927065,1
ENSG00000186335,SLC36A2,0.015242826611475436,0,0.5334989314016404,1
ENSG00000186367,MINAR2,0,0,0,0
ENSG00000186393,KRT26,0.011316439096848572,0,0.39607536838970014,1
ENSG00000186399,GOLGA8R,0.02410805596523304,0,0.3404093081521221,3
ENSG00000186407,CD300E,0.012607337293802279,0,0.4412568052830795,1
ENSG00000186431,FCAR,0,0,0,0
ENSG00000186439,TRDN,0,0,0,0
ENSG00000186440,OR6P1,0,0,0,0
ENSG00000186453,FAM228A,0.09754179398367416,0,1.7268333789984827,5
ENSG00000186458,DEFB132,0,0,0,0
ENSG00000186487,MYT1L,0,0,0,0
ENSG00000186509,OR9Q1,0.011766825295238465,0,0.4118388853333465,1
ENSG00000186513,OR9Q2,0,0,0,0
ENSG00000186526,CYP4F8,0.006752046975881382,0,0.23632164415584844,1
ENSG00000186562,DEFB105A,0,0,0,0
ENSG00000186572,DEFB107A,0,0,0,0
ENSG00000186579,DEFB106A,0,0,0,0
ENSG00000186583,SPATC1,0,0,0,0
ENSG00000186599,DEFB105B,0,0,0,0
ENSG00000186642,PDE2A,0,0,0,0
ENSG00000186652,PRG2,0,0,0,0
ENSG00000186675,MAGEE2,0,0,0,0
ENSG00000186723,OR10H1,0.029662668715697907,0,1.0381934050494266,1
ENSG00000186765,FSCN2,0.0491775757425838,0,0.6591206144586016,4
ENSG00000186766,FOXI2,0.07000454957995979,0,0.8011530194255573,5
ENSG00000186795,KCNK18,0,0,0,0
ENSG00000186803,IFNA10,0,0,0,0
ENSG00000186810,CXCR3,0,0,0,0
ENSG00000186818,LILRB4,0,0,0,0
ENSG00000186825,NA,0,0,0,0
ENSG00000186844,LCE1A,0,0,0,0
ENSG00000186860,KRTAP17-1,0,0,0,0
ENSG00000186867,QRFPR,0,0,0,0
ENSG00000186868,MAPT,0.14511345487147256,0,3.0758962008068074,2
ENSG00000186881,OR13F1,0,0,0,0
ENSG00000186895,FGF3,0,0,0,0
ENSG00000186897,C1QL4,0.008958287748712861,0,0.31354007120495014,1
ENSG00000186912,P2RY4,0.023957802643048743,0,0.8385230925067061,1
ENSG00000186919,ZACN,0.1768350508639985,0,2.194780498434651,9
ENSG00000186924,KRTAP22-1,0,0,0,0
ENSG00000186925,KRTAP19-6,0,0,0,0
ENSG00000186930,KRTAP6-2,0,0,0,0
ENSG00000186943,OR13C8,0,0,0,0
ENSG00000186965,KRTAP19-2,0,0,0,0
ENSG00000186967,KRTAP19-4,0,0,0,0
ENSG00000186970,KRTAP15-1,0,0,0,0
ENSG00000186971,KRTAP13-4,0,0,0,0
ENSG00000186977,KRTAP19-5,0,0,0,0
ENSG00000186980,KRTAP23-1,0,0,0,0
ENSG00000187003,ACTL7A,0.02688950288783735,0,0.47656105914742275,2
ENSG00000187005,KRTAP21-1,0,0,0,0
ENSG00000187021,PNLIPRP1,0,0,0,0
ENSG00000187024,PTRH1,0.052838568543502044,0,0.5498599231845688,6
ENSG00000187026,KRTAP21-2,0.04280250813067082,0,1.4980877845734786,1
ENSG00000187033,SAMD7,0.05723070627699233,0,2.0030747196947316,1
ENSG00000187037,GPR141,0.042923029707744254,0,1.5023060397710486,1
ENSG00000187045,TMPRSS6,0.011978901321524371,0,0.41926154625335305,1
ENSG00000187080,OR2AK2,0,0,0,0
ENSG00000187082,DEFB106B,0,0,0,0
ENSG00000187116,LILRA5,0,0,0,0
ENSG00000187135,VSTM2B,0,0,0,0
ENSG00000187140,FOXD3,0,0,0,0
ENSG00000187144,SPATA21,0.03715359885820095,0,0.4412568052830795,4
ENSG00000187166,H1-7,0,0,0,0
ENSG00000187170,LCE4A,0,0,0,0
ENSG00000187173,LCE2A,0,0,0,0
ENSG00000187175,KRTAP12-1,0,0,0,0
ENSG00000187180,LCE2C,0,0,0,0
ENSG00000187191,DAZ3,0,0,0,0
ENSG00000187223,LCE2D,0,0,0,0
ENSG00000187238,LCE3B,0,0,0,0
ENSG00000187243,MAGED4B,0,0,0,0
ENSG00000187268,FAM9C,0,0,0,0
ENSG00000187272,KRTAP9-8,0,0,0,0
ENSG00000187323,DCC,0.07465325499657477,0,1.2369598660125074,5
ENSG00000187416,LHFPL3,0.011905238114286475,0,0.41668333400002666,1
ENSG00000187474,FPR3,0.18599979540022507,0,6.509992839007877,1
ENSG00000187475,H1-6,0.015260057512867761,0,0.5341020129503715,1
ENSG00000187479,C11orf96,0.04629168648907911,0,1.1235658384301088,2
ENSG00000187516,H2AP,0,0,0,0
ENSG00000187533,PRR27,0,0,0,0
ENSG00000187537,POTEG,0.0406572157492275,0,0.8211190168906235,2
ENSG00000187545,PRAMEF10,0,0,0,0
ENSG00000187550,SBK2,0.012607337293802279,0,0.4412568052830795,1
ENSG00000187559,FOXD4L3,0.006086066474209015,0,0.21301232659731553,1
ENSG00000187569,DPPA3,0,0,0,0
ENSG00000187600,NA,0,0,0,0
ENSG00000187612,OR5W2,0,0,0,0
ENSG00000187616,MYMK,0.04118388853333464,0,1.4414360986667127,1
ENSG00000187627,RGPD1,0.011179815090079911,0,0.21970687148620055,2
ENSG00000187664,HAPLN4,0,0,0,0
ENSG00000187682,ERAS,0.011316439096848572,0,0.39607536838970014,1
ENSG00000187690,EZHIP,0,0,0,0
ENSG00000187701,OR2T27,0,0,0,0
ENSG00000187714,SLC18A3,0,0,0,0
ENSG00000187733,AMY1C,0.019713932682957718,0,0.2410404656323299,15
ENSG00000187736,NHEJ1,0.05713449527065248,0,0.8333666680000533,5
ENSG00000187747,OR52B6,0.2760984250458379,0,9.032309185796858,2
ENSG00000187753,C9orf153,0.03491171847515813,0,0.8011530194255573,2
ENSG00000187754,SSX7,0,0,0,0
ENSG00000187766,KRTAP10-8,0,0,0,0
ENSG00000187772,LIN28B,0,0,0,0
ENSG00000187773,DIPK1C,0,0,0,0
ENSG00000187783,TMEM72,0,0,0,0
ENSG00000187806,TMEM202,0,0,0,0
ENSG00000187821,HELT,0,0,0,0
ENSG00000187823,RTL4,0,0,0,0
ENSG00000187833,C2orf78,0,0,0,0
ENSG00000187838,PLSCR3,0.009331243756814725,0,0.32659353148851533,1
ENSG00000187848,P2RX2,0,0,0,0
ENSG00000187855,ASCL4,0.023839117425016147,0,0.834369109875565,1
ENSG00000187857,OR6C75,0,0,0,0
ENSG00000187862,TTC24,0.025214674587604558,0,0.882513610566159,1
ENSG00000187867,PALM3,0,0,0,0
ENSG00000187871,GFRAL,0,0,0,0
ENSG00000187902,SHISA7,0,0,0,0
ENSG00000187912,CLEC17A,0,0,0,0
ENSG00000187918,OR51I2,0,0,0,0
ENSG00000187922,LCN10,0,0,0,0
ENSG00000187942,LDLRAD2,0.02322167721113505,0,0.41668333400002666,2
ENSG00000187950,OVCH1,0.024932469358203507,0,0.47656105914742275,2
ENSG00000187969,ZCCHC13,0,0,0,0
ENSG00000187997,C17orf99,0.10491654240569781,0,1.3352550323759287,5
ENSG00000188011,RTP5,0,0,0,0
ENSG00000188038,NRN1L,0.01711713881157232,0,0.4118388853333465,2
ENSG00000188050,RNF133,0.021631218347204252,0,0.41668333400002666,2
ENSG00000188056,TREML4,0,0,0,0
ENSG00000188076,SCGB1C1,0,0,0,0
ENSG00000188086,NA,0,0,0,0
ENSG00000188100,FAM25A,0,0,0,0
ENSG00000188120,DAZ1,0,0,0,0
ENSG00000188133,TMEM215,0,0,0,0
ENSG00000188152,NUTM2G,0.0545568570637791,0,0.6808186163042442,4
ENSG00000188155,KRTAP10-6,0,0,0,0
ENSG00000188162,OTOG,0.004902475904759894,0,0.1715866566665963,1
ENSG00000188163,CIMIP2A,0.035823834564213085,0,0.8415142544099554,2
ENSG00000188199,NUTM2B,0.008223016090468964,0,0.28780556316641376,1
ENSG00000188263,IL17REL,0.08996557023061842,0,1.3352550323759287,6
ENSG00000188282,RUFY4,0.15096904509341594,0,3.4536667579969653,3
ENSG00000188305,PEAK3,0,0,0,0
ENSG00000188324,OR6C6,0,0,0,0
ENSG00000188334,BSPH1,0,0,0,0
ENSG00000188340,OR6N2,0,0,0,0
ENSG00000188379,IFNA2,0,0,0,0
ENSG00000188386,PPP3R2,0,0,0,0
ENSG00000188389,PDCD1,0.017196672409495427,0,0.6018835343323397,1
ENSG00000188394,GPR21,0.013273472626482418,0,0.4645715419268848,1
ENSG00000188408,MAGEB5,0,0,0,0
ENSG00000188425,NANOS2,0,0,0,0
ENSG00000188467,SLC24A5,0.05653482558998316,0,1.3196916804327006,3
ENSG00000188501,LCTL,0.05421166364328,0,0.8415142544099554,4
ENSG00000188508,KRTDAP,0.08488574466582272,0,1.4980877845734786,5
ENSG00000188558,OR2G6,0,0,0,0
ENSG00000188573,FBLL1,0,0,0,0
ENSG00000188581,KRTAP1-1,0,0,0,0
ENSG00000188582,PAQR9,0.009725980232917777,0,0.3404093081521221,1
ENSG00000188620,HMX3,0,0,0,0
ENSG00000188624,IGFL3,0.023342010494272713,0,0.47656105914742275,2
ENSG00000188626,GOLGA8M,0,0,0,0
ENSG00000188629,ZNF177,0,0,0,0
ENSG00000188655,RNASE9,0,0,0,0
ENSG00000188674,C2orf80,0,0,0,0
ENSG00000188691,OR56A5,0,0,0,0
ENSG00000188694,KRTAP24-1,0,0,0,0
ENSG00000188710,QRFP,0.06186228072534424,0,1.333747328504101,3
ENSG00000188716,DUSP29,0,0,0,0
ENSG00000188729,OSTN,0,0,0,0
ENSG00000188730,VWC2,0,0,0,0
ENSG00000188766,SPRED3,0.08264624453941627,0,1.9171109393758399,3
ENSG00000188770,OPTC,0,0,0,0
ENSG00000188771,PLET1,0,0,0,0
ENSG00000188778,ADRB3,0.056496052667880124,0,1.977361843375805,1
ENSG00000188779,SKOR1,0.07875618070259569,0,1.5023060397710486,2
ENSG00000188782,CATSPER4,0,0,0,0
ENSG00000188783,PRELP,0.009109076315522557,0,0.3188176710432894,1
ENSG00000188784,PLA2G2E,0,0,0,0
ENSG00000188800,TMCO2,0,0,0,0
ENSG00000188816,HMX2,0.009887556238565971,0,0.34606446834980886,1
ENSG00000188822,CNR2,0.027993731270444168,0,0.979780594465546,1
ENSG00000188828,NA,0,0,0,0
ENSG00000188848,BEND4,0,0,0,0
ENSG00000188909,BSX,0,0,0,0
ENSG00000188931,CFAP126,0,0,0,0
ENSG00000188937,NYX,0.07911886416471722,0,2.769160245765102,1
ENSG00000188984,AADACL3,0,0,0,0
ENSG00000188991,SLC15A5,0.005350313516333852,0,0.18726097307168482,1
ENSG00000188992,LIPI,0,0,0,0
ENSG00000188996,HUS1B,0,0,0,0
ENSG00000189013,KIR2DL4,0,0,0,0
ENSG00000189023,MAGEB16,0,0,0,0
ENSG00000189030,VHLL,0,0,0,0
ENSG00000189037,DUSP21,0,0,0,0
ENSG00000189051,RNF222,0.0436173743787749,0,0.5007686799236829,4
ENSG00000189052,CGB5,0.0537756786595226,0,0.9932863773753202,4
ENSG00000189064,GAGE2A,0,0,0,0
ENSG00000189068,VSTM1,0,0,0,0
ENSG00000189090,FAM25G,0.005350313516333852,0,0.18726097307168482,1
ENSG00000189099,PRSS48,0.06217591962398372,0,1.1882261051691003,3
ENSG00000189132,FAM47B,0,0,0,0
ENSG00000189139,FSCB,0,0,0,0
ENSG00000189152,GRAPL,0.014106428738088194,0,0.28780556316641376,2
ENSG00000189167,ZAR1L,0,0,0,0
ENSG00000189169,KRTAP10-12,0,0,0,0
ENSG00000189181,OR14I1,0,0,0,0
ENSG00000189186,DCAF8L2,0,0,0,0
ENSG00000189195,BTBD8,0,0,0,0
ENSG00000189233,NUGGC,0.028615353138496166,0,1.0015373598473658,1
ENSG00000189252,SPANXN3,0,0,0,0
ENSG00000189253,TRIM64B,0,0,0,0
ENSG00000189299,FOXR2,0,0,0,0
ENSG00000189320,FAM180A,0,0,0,0
ENSG00000189325,BNIP5,0.08801855011320454,0,2.0424558489127325,2
ENSG00000189326,SPANXN4,0,0,0,0
ENSG00000189367,KIAA0408,0.013273472626482418,0,0.4645715419268848,1
ENSG00000189375,TBC1D28,0,0,0,0
ENSG00000189401,OTUD6A,0,0,0,0
ENSG00000189409,MMP23B,0.025068040092660757,0,0.3404093081521221,3
ENSG00000189420,ZFP92,0,0,0,0
ENSG00000189430,NCR1,0,0,0,0
ENSG00000196071,OR2L13,0,0,0,0
ENSG00000196092,PAX5,0.011780570152500072,0,0.41231995533750243,1
ENSG00000196098,OR5K4,0,0,0,0
ENSG00000196099,OR6M1,0,0,0,0
ENSG00000196109,ZNF676,0.012150030520876673,0,0.42525106823068337,1
ENSG00000196119,OR8A1,0.05723070627699233,0,2.0030747196947316,1
ENSG00000196131,VN1R2,0.01202163220585651,0,0.4207571272049777,1
ENSG00000196132,MYT1,0,0,0,0
ENSG00000196156,KRTAP4-3,0,0,0,0
ENSG00000196166,NA,0,0,0,0
ENSG00000196171,OR6K2,0,0,0,0
ENSG00000196184,OR10J1,0,0,0,0
ENSG00000196196,HRCT1,0.033344044786778035,0,0.979780594465546,2
ENSG00000196224,KRTAP5-3,0,0,0,0
ENSG00000196228,SULT1C3,0,0,0,0
ENSG00000196240,OR2T2,0,0,0,0
ENSG00000196242,OR2C3,0,0,0,0
ENSG00000196248,OR10S1,0,0,0,0
ENSG00000196266,OR10J3,0.009109076315522557,0,0.3188176710432894,1
ENSG00000196329,GIMAP5,0,0,0,0
ENSG00000196341,OR8D1,0,0,0,0
ENSG00000196350,ZNF729,0.007048778853691635,0,0.2467072598792072,1
ENSG00000196361,ELAVL3,0.01584515819535085,0,0.31354007120495014,2
ENSG00000196376,SLC35F1,0,0,0,0
ENSG00000196406,SPANXD,0,0,0,0
ENSG00000196408,NOXO1,0.03765748073253531,0,0.4645715419268848,4
ENSG00000196415,PRTN3,0.02462896949965878,0,0.4412568052830795,2
ENSG00000196427,NBPF4,0.0202662560452975,0,0.709318961585413,1
ENSG00000196431,CRYBA4,0.02731476500808196,0,0.5147599699997889,2
ENSG00000196433,ASMT,0.05179884658177929,0,1.0381934050494266,3
ENSG00000196468,FGF16,0.01470742771427968,0,0.5147599699997889,1
ENSG00000196475,GK2,0,0,0,0
ENSG00000196539,OR2T3,0,0,0,0
ENSG00000196570,PFN3,0,0,0,0
ENSG00000196578,OR5AC2,0,0,0,0
ENSG00000196600,SLC22A25,0,0,0,0
ENSG00000196604,POTEF,0.11896746628824363,0,0.6921289366996177,12
ENSG00000196660,SLC30A10,0.012607337293802279,0,0.4412568052830795,1
ENSG00000196664,TLR7,0,0,0,0
ENSG00000196666,FAM180B,0,0,0,0
ENSG00000196734,LCE1B,0.04720707278531839,0,0.4412568052830795,5
ENSG00000196748,CLPSL2,0.025109356741280047,0,0.8788274859448022,1
ENSG00000196767,POU3F4,0,0,0,0
ENSG00000196772,OR14A16,0,0,0,0
ENSG00000196778,OR52K1,0,0,0,0
ENSG00000196805,SPRR2B,0.12840752439201236,0,4.494263353720435,1
ENSG00000196826,,0,0,0,0
ENSG00000196832,OR11G2,0.007946372475005382,0,0.27812303662518834,1
ENSG00000196834,POTEI,0.03216648759624257,0,0.41231995533750243,4
ENSG00000196862,RGPD4,0,0,0,0
ENSG00000196866,H2AC7,0,0,0,0
ENSG00000196900,SPMIP10,0.006277339185320012,0,0.21970687148620055,1
ENSG00000196932,TMEM26,0,0,0,0
ENSG00000196944,OR2T4,0,0,0,0
ENSG00000196946,ZNF705A,0,0,0,0
ENSG00000196990,FAM163B,0,0,0,0
ENSG00000197079,KRT35,0,0,0,0
ENSG00000197106,SLC6A17,0.04860012208350669,0,1.7010042729227335,1
ENSG00000197110,IFNL3,0,0,0,0
ENSG00000197123,ZNF679,0,0,0,0
ENSG00000197125,OR8B8,0,0,0,0
ENSG00000197153,H3C12,0.14243436207603308,0,2.428201127899424,7
ENSG00000197172,MAGEA6,0,0,0,0
ENSG00000197213,ZSCAN5B,0.018175948531242315,0,0.4645715419268848,2
ENSG00000197233,OR1J2,0,0,0,0
ENSG00000197241,SLC2A7,0.009331243756814725,0,0.32659353148851533,1
ENSG00000197245,FAM110D,0.05602253436176554,0,0.709318961585413,5
ENSG00000197253,TPSB2,0.03814760803412474,0,0.8385230925067061,2
ENSG00000197272,IL27,0,0,0,0
ENSG00000197273,GUCA2A,0,0,0,0
ENSG00000197309,OR10D3,0,0,0,0
ENSG00000197322,NA,0.014307676569248083,0,0.5007686799236829,1
ENSG00000197360,ZNF98,0.03304091086724023,0,0.37452194614336964,4
ENSG00000197364,NA,0,0,0,0
ENSG00000197376,NA,0.027993731270444168,0,0.979780594465546,1
ENSG00000197380,DACT3,0.06255505277751278,0,1.0381934050494266,3
ENSG00000197403,OR6N1,0,0,0,0
ENSG00000197406,DIO3,0.015260057512867761,0,0.5341020129503715,1
ENSG00000197409,H3C4,0,0,0,0
ENSG00000197428,OR51D1,0,0,0,0
ENSG00000197430,OPALIN,0,0,0,0
ENSG00000197437,OR13G1,0,0,0,0
ENSG00000197454,OR2L5,0,0,0,0
ENSG00000197465,GYPE,0,0,0,0
ENSG00000197467,COL13A1,0.020382691829686418,0,0.5007686799236829,2
ENSG00000197487,GALP,0.015892744950010765,0,0.5562460732503767,1
ENSG00000197532,OR6Y1,0,0,0,0
ENSG00000197540,GZMM,0,0,0,0
ENSG00000197561,ELANE,0,0,0,0
ENSG00000197576,HOXA4,0.14606808258801915,0,0.6531870629770307,13
ENSG00000197587,DMBX1,0.0720706395059756,0,1.9468612563763183,2
ENSG00000197591,OR11L1,0,0,0,0
ENSG00000197595,NA,0,0,0,0
ENSG00000197614,MFAP5,0.009887556238565971,0,0.34606446834980886,1
ENSG00000197616,MYH6,0.1384132777231355,0,3.195184898959733,2
ENSG00000197651,CCER1,0.018937852402586296,0,0.39607536838970014,2
ENSG00000197658,SLC22A24,0,0,0,0
ENSG00000197683,KRTAP26-1,0,0,0,0
ENSG00000197705,KLHL14,0.02322167721113505,0,0.41668333400002666,2
ENSG00000197706,OR6C74,0,0,0,0
ENSG00000197745,SCGB1D4,0,0,0,0
ENSG00000197753,LHFPL5,0.09003723280188627,0,1.0295199399995778,5
ENSG00000197757,HOXC6,0,0,0,0
ENSG00000197768,STPG3,0,0,0,0
ENSG00000197769,MAP1LC3C,0.050221752475040425,0,1.0985343574310027,3
ENSG00000197786,OR5B17,0,0,0,0
ENSG00000197790,OR52M1,0,0,0,0
ENSG00000197849,OR8G1,0,0,0,0
ENSG00000197887,OR1S2,0,0,0,0
ENSG00000197891,SLC22A12,0,0,0,0
ENSG00000197901,SLC22A6,0,0,0,0
ENSG00000197938,OR5H2,0,0,0,0
ENSG00000197977,ELOVL2,0.035715714342859424,0,1.25005000200008,1
ENSG00000197991,,0.006752046975881382,0,0.23632164415584844,1
ENSG00000197992,CLEC9A,0.012554678370640024,0,0.4394137429724011,1
ENSG00000198019,NA,0.03721683390497695,0,0.5498599231845688,3
ENSG00000198021,SPANXA1,0,0,0,0
ENSG00000198033,TUBA3C,0,0,0,0
ENSG00000198049,AVPR1B,0,0,0,0
ENSG00000198054,NA,0.01883201755596005,0,0.6591206144586016,1
ENSG00000198062,POTEH,0,0,0,0
ENSG00000198077,CYP2A7,0.08153792514179992,0,1.8934070724223997,4
ENSG00000198083,KRTAP9-9,0,0,0,0
ENSG00000198090,KRTAP4-6,0,0,0,0
ENSG00000198104,OR2T6,0,0,0,0
ENSG00000198128,OR2L3,0,0,0,0
ENSG00000198129,DEFB107B,0,0,0,0
ENSG00000198173,FAM47C,0,0,0,0
ENSG00000198178,CLEC4C,0,0,0,0
ENSG00000198211,,0,0,0,0
ENSG00000198216,CACNA1E,0.029507413370000554,0,0.4726432883116969,3
ENSG00000198225,FKBP1C,0.07413403718039449,0,0.5007686799236829,8
ENSG00000198271,KRTAP4-5,0,0,0,0
ENSG00000198283,OR5B21,0,0,0,0
ENSG00000198326,TMEM239,0,0,0,0
ENSG00000198353,HOXC4,0.013573329606802817,0,0.28780556316641376,2
ENSG00000198354,DCAF12L2,0,0,0,0
ENSG00000198390,KRTAP13-1,0,0,0,0
ENSG00000198398,TMEM207,0,0,0,0
ENSG00000198400,NTRK1,0,0,0,0
ENSG00000198445,CCT8L2,0,0,0,0
ENSG00000198471,RTP2,0.011780570152500072,0,0.41231995533750243,1
ENSG00000198523,PLN,0,0,0,0
ENSG00000198569,SLC34A3,0.04299678968826699,0,0.6921289366996177,3
ENSG00000198570,RD3,0.04597185421396056,0,1.3726932533327705,2
ENSG00000198573,SPANXC,0,0,0,0
ENSG00000198576,ARC,0.07381843674848387,0,1.2037670686646793,4
ENSG00000198597,ZNF536,0,0,0,0
ENSG00000198601,OR2M2,0,0,0,0
ENSG00000198626,RYR2,0.18783663443658324,0,5.617829192150545,2
ENSG00000198633,ZNF534,0.04426845084650929,0,0.5007686799236829,4
ENSG00000198674,OR10G6,0,0,0,0
ENSG00000198681,MAGEA1,0,0,0,0
ENSG00000198685,NA,0,0,0,0
ENSG00000198704,GPX6,0,0,0,0
ENSG00000198723,SAXO5,0.06565554075368724,0,0.6378766023460251,6
ENSG00000198739,LRRTM3,0,0,0,0
ENSG00000198754,OXCT2,0.07697791343679485,0,1.5379481004034037,4
ENSG00000198795,ZNF521,0.013504093951762764,0,0.4726432883116969,1
ENSG00000198796,ALPK2,0,0,0,0
ENSG00000198797,BRINP2,0.09301728048823357,0,2.136408051801486,3
ENSG00000198798,MAGEB3,0,0,0,0
ENSG00000198812,LRRC10,0,0,0,0
ENSG00000198821,CD247,0.04396138888601778,0,0.8385230925067061,3
ENSG00000198822,GRM3,0.025088933187993052,0,0.5903070984133431,2
ENSG00000198844,ARHGEF15,0,0,0,0
ENSG00000198851,CD3E,0,0,0,0
ENSG00000198854,KPLCE,0.0076300287564338804,0,0.26705100647518576,1
ENSG00000198883,PNMA5,0,0,0,0
ENSG00000198889,DCAF12L1,0,0,0,0
ENSG00000198910,L1CAM,0.04435323349492698,0,0.9932863773753202,3
ENSG00000198914,POU3F3,0,0,0,0
ENSG00000198930,CSAG1,0,0,0,0
ENSG00000198965,OR10R2,0,0,0,0
ENSG00000198967,OR10Z1,0,0,0,0
ENSG00000203618,GP1BB,0,0,0,0
ENSG00000203661,OR2T5,0,0,0,0
ENSG00000203663,OR2L2,0,0,0,0
ENSG00000203685,STUM,0,0,0,0
ENSG00000203690,NA,0.028615353138496166,0,1.0015373598473658,1
ENSG00000203710,CR1,0,0,0,0
ENSG00000203730,TEDDM1,0,0,0,0
ENSG00000203733,GJE1,0,0,0,0
ENSG00000203737,GPR52,0,0,0,0
ENSG00000203740,NTMT2,0.01202163220585651,0,0.4207571272049777,1
ENSG00000203747,FCGR3A,0,0,0,0
ENSG00000203756,TMEM244,0,0,0,0
ENSG00000203757,OR6K3,0,0,0,0
ENSG00000203782,LORICRIN,0,0,0,0
ENSG00000203783,PRR9,0.02941485542855936,0,1.0295199399995778,1
ENSG00000203784,LELP1,0,0,0,0
ENSG00000203786,KPRP,0.013616030261354932,0,0.47656105914742275,1
ENSG00000203795,FAM24A,0,0,0,0
ENSG00000203805,PLPP4,0.033642704590433344,0,0.6018835343323397,2
ENSG00000203811,H3C14,0,0,0,0
ENSG00000203818,NA,0,0,0,0
ENSG00000203852,H3C15,0,0,0,0
ENSG00000203859,HSD3B2,0,0,0,0
ENSG00000203864,NA,0.06388940093306042,0,0.6177583280000197,5
ENSG00000203870,SMIM9,0,0,0,0
ENSG00000203877,RIPPLY2,0.13782754804111336,0,1.977361843375805,9
ENSG00000203908,KHDC3L,0,0,0,0
ENSG00000203909,DPPA5,0,0,0,0
ENSG00000203910,C1orf146,0.04247150299306324,0,0.823677770666693,3
ENSG00000203923,SPANXN1,0,0,0,0
ENSG00000203926,SPANXA2,0,0,0,0
ENSG00000203933,CXorf66,0,0,0,0
ENSG00000203970,DEFB110,0,0,0,0
ENSG00000203972,GLYATL3,0,0,0,0
ENSG00000203989,RHOXF2B,0.02024464829632546,0,0.4207571272049777,2
ENSG00000204001,LCN8,0,0,0,0
ENSG00000204006,C1orf185,0,0,0,0
ENSG00000204007,GLT6D1,0,0,0,0
ENSG00000204010,IFIT1B,0,0,0,0
ENSG00000204020,LIPN,0,0,0,0
ENSG00000204033,LRIT2,0.1399741538641838,0,3.5053807594657798,2
ENSG00000204065,TCEAL5,0,0,0,0
ENSG00000204071,TCEAL6,0.014307676569248083,0,0.5007686799236829,1
ENSG00000204118,NA,0,0,0,0
ENSG00000204140,CLPSL1,0.011766825295238465,0,0.4118388853333465,1
ENSG00000204165,CXorf65,0,0,0,0
ENSG00000204174,NPY4R,0.043743617662460266,0,0.9291430838537696,2
ENSG00000204183,NA,0.05217684030716795,0,0.9531221182948455,4
ENSG00000204195,AWAT1,0,0,0,0
ENSG00000204246,OR13C3,0.03005408051464125,0,1.0518928180124443,1
ENSG00000204248,COL11A2,0.06210124585721574,0,1.214100563949712,3
ENSG00000204278,TMEM235,0,0,0,0
ENSG00000204279,PAGE3,0,0,0,0
ENSG00000204290,BTNL2,0.05625866640722258,0,1.2541602848198006,3
ENSG00000204291,COL15A1,0,0,0,0
ENSG00000204296,TSBP1,0.021253642714403696,0,0.5334989314016404,2
ENSG00000204300,TMEM225,0.022632878193697144,0,0.7921507367794003,1
ENSG00000204335,SP5,0.036763879621921354,0,0.8788274859448022,3
ENSG00000204345,CD300LD,0,0,0,0
ENSG00000204347,BTBD17,0,0,0,0
ENSG00000204361,NXPE2,0.05790711993359448,0,1.1882261051691003,2
ENSG00000204363,SPANXN5,0,0,0,0
ENSG00000204365,NA,0.018032448308784754,0,0.6311356908074666,1
ENSG00000204366,ZBTB12,0,0,0,0
ENSG00000204379,XAGE1A,0,0,0,0
ENSG00000204382,XAGE1B,0,0,0,0
ENSG00000204414,CSHL1,0,0,0,0
ENSG00000204420,MPIG6B,0.039141795690494446,0,0.8788274859448022,3
ENSG00000204424,LY6G6F,0,0,0,0
ENSG00000204446,NA,0.009109076315522557,0,0.3188176710432894,1
ENSG00000204449,TRIM49C,0.008223016090468964,0,0.28780556316641376,1
ENSG00000204450,TRIM64,0,0,0,0
ENSG00000204464,NA,0.05726032425405905,0,0.834369109875565,3
ENSG00000204472,AIF1,0.012363405659529028,0,0.21970687148620055,2
ENSG00000204478,PRAMEF20,0,0,0,0
ENSG00000204479,PRAMEF17,0,0,0,0
ENSG00000204480,PRAMEF19,0,0,0,0
ENSG00000204481,PRAMEF14,0,0,0,0
ENSG00000204482,LST1,0.010988542378968914,0,0.21301232659731553,2
ENSG00000204501,PRAMEF15,0,0,0,0
ENSG00000204505,PRAMEF9,0,0,0,0
ENSG00000204510,PRAMEF7,0,0,0,0
ENSG00000204511,MCCD1,0.013773740893276,0,0.4820809312646598,1
ENSG00000204518,AADACL4,0,0,0,0
ENSG00000204538,PSORS1C2,0.03452825421508717,0,1.0212279244563662,2
ENSG00000204539,CDSN,0,0,0,0
ENSG00000204542,C6orf15,0.019775112477131943,0,0.6921289366996177,1
ENSG00000204548,DEFB121,0,0,0,0
ENSG00000204571,KRTAP5-11,0,0,0,0
ENSG00000204577,LILRB3,0.0522705958820254,0,0.8011530194255573,12
ENSG00000204595,DPRX,0,0,0,0
ENSG00000204610,TRIM15,0,0,0,0
ENSG00000204612,FOXB2,0,0,0,0
ENSG00000204613,TRIM10,0.04713085055867732,0,1.6495797695537062,1
ENSG00000204614,TRIM40,0.043439720368919556,0,0.882513610566159,2
ENSG00000204640,NMS,0,0,0,0
ENSG00000204653,ASPDH,0.014307676569248083,0,0.5007686799236829,1
ENSG00000204655,MOG,0.01013312802264875,0,0.3546594807927065,1
ENSG00000204657,OR2H2,0,0,0,0
ENSG00000204669,C9orf57,0.06487566000643388,0,1.5843014735588006,2
ENSG00000204671,IL31,0,0,0,0
ENSG00000204687,MAS1L,0,0,0,0
ENSG00000204688,OR2H1,0,0,0,0
ENSG00000204694,OR11A1,0.007048778853691635,0,0.2467072598792072,1
ENSG00000204695,OR14J1,0,0,0,0
ENSG00000204700,OR2J2,0,0,0,0
ENSG00000204701,OR2J3,0,0,0,0
ENSG00000204703,OR2B3,0,0,0,0
ENSG00000204704,OR2W1,0,0,0,0
ENSG00000204710,SPDYC,0.045844182668323075,0,0.8333666680000533,3
ENSG00000204767,INSYN2B,0,0,0,0
ENSG00000204779,FOXD4L5,0.01277028309425723,0,0.2410404656323299,2
ENSG00000204849,SPATA31A1,0,0,0,0
ENSG00000204873,KRTAP9-3,0,0,0,0
ENSG00000204880,KRTAP4-8,0,0,0,0
ENSG00000204887,KRTAP1-4,0.021704881554442147,0,0.41926154625335305,2
ENSG00000204897,KRT25,0,0,0,0
ENSG00000204913,LRRC3C,0,0,0,0
ENSG00000204918,PRR20B,0,0,0,0
ENSG00000204919,PRR20A,0,0,0,0
ENSG00000204960,NA,0,0,0,0
ENSG00000204961,PCDHA9,0.06441075848982276,0,1.0015373598473658,4
ENSG00000204962,PCDHA8,0,0,0,0
ENSG00000204965,PCDHA5,0.025109356741280047,0,0.8788274859448022,1
ENSG00000204969,PCDHA2,0.01866248751362945,0,0.6531870629770307,1
ENSG00000204978,ERICH4,0,0,0,0
ENSG00000204979,MS4A13,0,0,0,0
ENSG00000204983,PRSS1,0,0,0,0
ENSG00000205002,AARD,0.015710283519559106,0,0.5498599231845688,1
ENSG00000205022,PABPN1L,0,0,0,0
ENSG00000205029,OR5D16,0,0,0,0
ENSG00000205030,OR5L2,0,0,0,0
ENSG00000205038,PKHD1L1,0.06668343143460465,0,1.214100563949712,4
ENSG00000205057,NA,0.022546985925829273,0,0.6018835343323397,2
ENSG00000205090,TMEM240,0,0,0,0
ENSG00000205097,FRG2,0,0,0,0
ENSG00000205108,SPATA31F1,0.017196672409495427,0,0.6018835343323397,1
ENSG00000205116,TMEM88B,0,0,0,0
ENSG00000205126,ACCSL,0.008432958548762044,0,0.29515354920667153,1
ENSG00000205143,ARID3C,0.07231537887773436,0,0.979780594465546,5
ENSG00000205174,NA,0,0,0,0
ENSG00000205177,C11orf91,0.026757721403894843,0,0.28780556316641376,4
ENSG00000205186,FABP9,0.03271850790683409,0,0.6376353420865788,3
ENSG00000205212,NA,0.059410715559388545,0,1.257784638760059,3
ENSG00000205307,SAP25,0,0,0,0
ENSG00000205323,SARNP,0.13643264362849994,0,1.8582861677075393,8
ENSG00000205327,OR6C68,0,0,0,0
ENSG00000205328,OR6C65,0,0,0,0
ENSG00000205329,OR6C3,0,0,0,0
ENSG00000205330,OR6C1,0,0,0,0
ENSG00000205362,MT1A,0.03365285055306075,0,0.4207571272049777,3
ENSG00000205363,INSYN1,0.057719782310378366,0,0.5903070984133431,5
ENSG00000205409,OR52E6,0,0,0,0
ENSG00000205439,KRTAP12-3,0,0,0,0
ENSG00000205442,IZUMO3,0,0,0,0
ENSG00000205445,KRTAP10-2,0.030155496345859463,0,0.3546594807927065,4
ENSG00000205456,TP53TG3D,0.09784524875750182,0,0.9291430838537696,40
ENSG00000205457,TP53TG3C,0,0,0,0
ENSG00000205495,OR52J3,0,0,0,0
ENSG00000205496,OR51A2,0,0,0,0
ENSG00000205497,OR51A4,0,0,0,0
ENSG00000205549,NA,0.011905238114286475,0,0.41668333400002666,1
ENSG00000205639,MFSD2B,0.11883319823704594,0,0.9531221182948455,11
ENSG00000205642,VCX3B,0,0,0,0
ENSG00000205649,HTN3,0,0,0,0
ENSG00000205669,ACOT6,0,0,0,0
ENSG00000205670,SMIM11,0,0,0,0
ENSG00000205693,MANSC4,0,0,0,0
ENSG00000205718,MBD3L4,0,0,0,0
ENSG00000205754,NA,0.005350313516333852,0,0.18726097307168482,1
ENSG00000205777,GAGE1,0,0,0,0
ENSG00000205784,ARRDC5,0.1112273125650487,0,2.951535492066715,4
ENSG00000205809,KLRC2,0.03931523138454179,0,0.6921289366996177,3
ENSG00000205810,KLRC3,0,0,0,0
ENSG00000205832,C16orf96,0,0,0,0
ENSG00000205846,CLEC6A,0,0,0,0
ENSG00000205853,NA,0.044791438743564324,0,1.5677003560247509,1
ENSG00000205857,NANOGNB,0,0,0,0
ENSG00000205858,LRRC72,0,0,0,0
ENSG00000205863,C1QTNF9B,0.08842543815827295,0,2.2580772964492146,4
ENSG00000205864,KRTAP5-6,0.006277339185320012,0,0.21970687148620055,1
ENSG00000205867,KRTAP5-2,0,0,0,0
ENSG00000205869,KRTAP5-1,0.009426369145947865,0,0.32992292010817514,1
ENSG00000205882,DEFB134,0.042663214520468694,0,0.8333666680000533,2
ENSG00000205883,DEFB135,0,0,0,0
ENSG00000205884,DEFB136,0.014307676569248083,0,0.5007686799236829,1
ENSG00000205899,BHLHA9,0,0,0,0
ENSG00000205916,DAZ4,0,0,0,0
ENSG00000205922,ONECUT3,0.01581204670712679,0,0.3404093081521221,2
ENSG00000205923,CEMP1,0,0,0,0
ENSG00000205927,OLIG2,0,0,0,0
ENSG00000205944,DAZ2,0,0,0,0
ENSG00000206013,IFITM5,0,0,0,0
ENSG00000206026,SMIM21,0,0,0,0
ENSG00000206043,C18orf63,0,0,0,0
ENSG00000206047,DEFA1,0,0,0,0
ENSG00000206102,KRTAP19-8,0.009109076315522557,0,0.3188176710432894,1
ENSG00000206104,KRTAP20-3,0,0,0,0
ENSG00000206105,KRTAP20-4,0,0,0,0
ENSG00000206106,KRTAP22-2,0,0,0,0
ENSG00000206107,KRTAP27-1,0,0,0,0
ENSG00000206127,GOLGA8O,0,0,0,0
ENSG00000206150,RNASE13,0,0,0,0
ENSG00000206172,HBA1,0.008223016090468964,0,0.28780556316641376,1
ENSG00000206177,HBM,0,0,0,0
ENSG00000206181,ELOA2,0.07527898301514982,0,2.1339957256065616,2
ENSG00000206203,TSSK2,0,0,0,0
ENSG00000206260,PRR23A,0,0,0,0
ENSG00000206262,FOXL2NB,0,0,0,0
ENSG00000206384,COL6A6,0.08817882894433877,0,2.0030747196947316,4
ENSG00000206422,LRRC30,0,0,0,0
ENSG00000206483,NA,0,0,0,0
ENSG00000206536,OR5K3,0,0,0,0
ENSG00000206549,,0.005883412647619233,0,0.20591944266667325,1
ENSG00000206557,TRIM71,0.048843850201999973,0,1.5379481004034037,2
ENSG00000206579,XKR4,0.023638920326062813,0,0.5007686799236829,2
ENSG00000211448,DIO2,0.06420376219600618,0,2.2471316768602176,1
ENSG00000212122,TSSK1B,0.012607337293802279,0,0.4412568052830795,1
ENSG00000212124,TAS2R19,0.09739998245287887,0,0.5498599231845688,10
ENSG00000212126,TAS2R50,0,0,0,0
ENSG00000212128,TAS2R13,0,0,0,0
ENSG00000212643,NA,0,0,0,0
ENSG00000212657,KRTAP16-1,0,0,0,0
ENSG00000212659,KRTAP9-6,0,0,0,0
ENSG00000212710,CTAGE1,0.03221807816646107,0,0.4726432883116969,4
ENSG00000212721,KRTAP4-11,0,0,0,0
ENSG00000212722,KRTAP4-9,0,0,0,0
ENSG00000212724,KRTAP2-3,0.02012699617861556,0,0.37452194614336964,2
ENSG00000212725,KRTAP2-1,0,0,0,0
ENSG00000212807,OR2A42,0,0,0,0
ENSG00000212899,KRTAP3-3,0,0,0,0
ENSG00000212900,KRTAP3-2,0.049298553507498524,0,1.1235658384301088,2
ENSG00000212901,KRTAP3-1,0.030520115025735522,0,1.068204025900743,1
ENSG00000212933,KRTAP12-4,0,0,0,0
ENSG00000212935,KRTAP10-3,0,0,0,0
ENSG00000212938,KRTAP6-3,0,0,0,0
ENSG00000213022,KLK9,0,0,0,0
ENSG00000213023,SYT3,0.05284856323305615,0,1.3352550323759287,3
ENSG00000213029,NA,0,0,0,0
ENSG00000213030,CGB8,0.009725980232917777,0,0.3404093081521221,1
ENSG00000213077,NA,0.03634526332869072,0,0.5007686799236829,3
ENSG00000213088,ACKR1,0,0,0,0
ENSG00000213171,LINGO4,0.029417063238096206,0,1.0295972133333662,1
ENSG00000213199,ASIC3,0.05213214668597464,0,0.709318961585413,4
ENSG00000213203,GIMAP1,0,0,0,0
ENSG00000213213,CCDC183,0.12941496950220638,0,0.9291430838537696,12
ENSG00000213218,CSH2,0,0,0,0
ENSG00000213221,DNLZ,0.0479590500357068,0,0.8415142544099554,3
ENSG00000213231,TCL1B,0,0,0,0
ENSG00000213240,NA,0,0,0,0
ENSG00000213265,TSGA13,0.018225045781314998,0,0.6378766023460251,1
ENSG00000213297,ZNF625-ZNF20,0,0,0,0
ENSG00000213397,HAUS7,0.06319164809562047,0,0.5498599231845688,6
ENSG00000213401,MAGEA12,0,0,0,0
ENSG00000213402,PTPRCAP,0,0,0,0
ENSG00000213413,PVRIG,0.017332092405991522,0,0.3188176710432894,2
ENSG00000213416,KRTAP4-12,0,0,0,0
ENSG00000213417,KRTAP2-4,0,0,0,0
ENSG00000213578,CPLX3,0,0,0,0
ENSG00000213588,ZBTB9,0,0,0,0
ENSG00000213599,NA,0,0,0,0
ENSG00000213648,SULT1A4,0,0,0,0
ENSG00000213658,LAT,0.006752046975881382,0,0.23632164415584844,1
ENSG00000213689,TREX1,0,0,0,0
ENSG00000213759,UGT2B11,0.014307676569248083,0,0.5007686799236829,1
ENSG00000213780,GTF2H4,0,0,0,0
ENSG00000213822,CEACAM18,0,0,0,0
ENSG00000213892,CEACAM16,0,0,0,0
ENSG00000213920,MDP1,0.06153021536934815,0,0.47656105914742275,7
ENSG00000213921,LEUTX,0,0,0,0
ENSG00000213927,CCL27,0,0,0,0
ENSG00000213931,HBE1,0.07099793507823918,0,1.4179298649350907,2
ENSG00000213934,HBG1,0,0,0,0
ENSG00000213973,ZNF99,0,0,0,0
ENSG00000213996,TM6SF2,0.02500182126553332,0,0.5562460732503767,2
ENSG00000213999,MEF2B,0.012762863078809637,0,0.23632164415584844,4
ENSG00000214042,IFNA7,0,0,0,0
ENSG00000214097,SMCO1,0.023561140305000144,0,0.8246399106750049,1
ENSG00000214107,MAGEB1,0,0,0,0
ENSG00000214216,IQCJ,0,0,0,0
ENSG00000214265,,0,0,0,0
ENSG00000214285,NPS,0,0,0,0
ENSG00000214324,PRR23E,0,0,0,0
ENSG00000214336,FOXI3,0,0,0,0
ENSG00000214338,SOGA3,0,0,0,0
ENSG00000214360,EFCAB9,0.011316439096848572,0,0.39607536838970014,1
ENSG00000214402,LCNL1,0,0,0,0
ENSG00000214414,TRIM77,0,0,0,0
ENSG00000214415,GNAT3,0,0,0,0
ENSG00000214435,AS3MT,0.004902475904759894,0,0.1715866566665963,1
ENSG00000214447,FAM187A,0,0,0,0
ENSG00000214491,SEC14L6,0,0,0,0
ENSG00000214510,SPINK13,0.0796431433308944,0,1.1806141968266861,5
ENSG00000214511,HIGD1C,0.054100967307868446,0,1.0015373598473658,4
ENSG00000214518,KRTAP2-2,0,0,0,0
ENSG00000214562,NUTM2D,0.15687945293418795,0,2.503843399618414,8
ENSG00000214642,DEFB113,0,0,0,0
ENSG00000214643,NA,0,0,0,0
ENSG00000214681,IQCF5,0,0,0,0
ENSG00000214686,IQCF6,0,0,0,0
ENSG00000214688,C10orf105,0.08034826019870747,0,0.823677770666693,7
ENSG00000214700,C12orf71,0.01202163220585651,0,0.4207571272049777,1
ENSG00000214736,TOMM6,0,0,0,0
ENSG00000214782,MS4A18,0,0,0,0
ENSG00000214787,MS4A4E,0.01586112329140394,0,0.3188176710432894,2
ENSG00000214819,CDRT15L2,0.0353417104575002,0,1.2369598660125074,1
ENSG00000214860,EVPLL,0.09313435238388044,0,0.6591206144586016,9
ENSG00000214866,DCDC2C,0,0,0,0
ENSG00000214891,TRIM64C,0,0,0,0
ENSG00000214929,SPATA31D1,0.034317331333319274,0,1.2011065966661743,1
ENSG00000214940,NPIPA8,0,0,0,0
ENSG00000214943,GPR33,0,0,0,0
ENSG00000214946,TBC1D26,0,0,0,0
ENSG00000214967,NPIPA7,0,0,0,0
ENSG00000215009,ACSM4,0,0,0,0
ENSG00000215113,CXorf49B,0,0,0,0
ENSG00000215115,CXorf49,0,0,0,0
ENSG00000215183,MSMP,0,0,0,0
ENSG00000215186,GOLGA6B,0,0,0,0
ENSG00000215203,GRXCR1,0,0,0,0
ENSG00000215218,UBE2QL1,0.11405541973033456,0,1.2622713816149331,6
ENSG00000215269,GAGE12G,0,0,0,0
ENSG00000215274,GAGE10,0.08332025238509806,0,1.5677003560247509,5
ENSG00000215343,ZNF705D,0.006010816102928255,0,0.21037856360248886,1
ENSG00000215356,ZNF705B,0,0,0,0
ENSG00000215372,ZNF705G,0,0,0,0
ENSG00000215397,SCRT2,0,0,0,0
ENSG00000215454,KRTAP10-4,0,0,0,0
ENSG00000215455,KRTAP10-1,0,0,0,0
ENSG00000215472,RPL17-C18orf32,0,0,0,0
ENSG00000215474,SKOR2,0,0,0,0
ENSG00000215529,EFCAB8,0.017196672409495427,0,0.6018835343323397,1
ENSG00000215545,DEFB116,0,0,0,0
ENSG00000215547,DEFB115,0,0,0,0
ENSG00000215568,GAB4,0,0,0,0
ENSG00000215595,C20orf202,0.08503815472561797,0,1.333747328504101,3
ENSG00000215612,HMX1,0.006886870446638,0,0.2410404656323299,1
ENSG00000215695,RSC1A1,0,0,0,0
ENSG00000215704,CELA2B,0.0787754778044129,0,1.2757532046920501,4
ENSG00000215906,LACTBL1,0,0,0,0
ENSG00000215910,C1orf167,0.013504093951762764,0,0.4726432883116969,1
ENSG00000216490,IFI30,0.0706387267139209,0,1.2037670686646793,3
ENSG00000216649,GAGE12E,0,0,0,0
ENSG00000217555,CKLF,0.039022095086427344,0,0.8002483971024607,3
ENSG00000218819,TDRD15,0,0,0,0
ENSG00000218823,PAPOLB,0,0,0,0
ENSG00000219073,CELA3B,0.035715714342859424,0,1.25005000200008,1
ENSG00000219435,CATSPERZ,0,0,0,0
ENSG00000219438,TAFA5,0,0,0,0
ENSG00000219607,PPP1R3G,0.08193510230491081,0,1.2011065966661743,5
ENSG00000220008,LINGO3,0.07581813147294177,0,1.2037670686646793,3
ENSG00000221813,OR6B1,0,0,0,0
ENSG00000221818,EBF2,0.009109076315522557,0,0.3188176710432894,1
ENSG00000221826,PSG3,0.11637757391213455,0,1.805650602997019,3
ENSG00000221836,OR2A5,0,0,0,0
ENSG00000221837,KRTAP10-9,0,0,0,0
ENSG00000221840,OR4A5,0,0,0,0
ENSG00000221852,KRTAP1-5,0,0,0,0
ENSG00000221855,TAS2R41,0,0,0,0
ENSG00000221858,OR2A12,0.027008187903525528,0,0.9452865766233938,1
ENSG00000221859,KRTAP10-10,0,0,0,0
ENSG00000221864,KRTAP12-2,0,0,0,0
ENSG00000221867,MAGEA3,0,0,0,0
ENSG00000221870,NA,0,0,0,0
ENSG00000221874,ZNF816-ZNF321P,0,0,0,0
ENSG00000221878,PSG7,0,0,0,0
ENSG00000221880,KRTAP1-3,0.06534325196728392,0,1.0263987711132794,4
ENSG00000221882,OR3A2,0.006075015260438336,0,0.21262553411534169,1
ENSG00000221888,OR1C1,0,0,0,0
ENSG00000221900,POM121L12,0,0,0,0
ENSG00000221910,OR2F2,0,0,0,0
ENSG00000221931,OR6X1,0,0,0,0
ENSG00000221932,HEPN1,0,0,0,0
ENSG00000221933,OR2A25,0,0,0,0
ENSG00000221937,TAS2R40,0,0,0,0
ENSG00000221938,OR2A14,0,0,0,0
ENSG00000221946,FXYD7,0,0,0,0
ENSG00000221954,OR4C12,0,0,0,0
ENSG00000221961,NA,0,0,0,0
ENSG00000221962,NA,0,0,0,0
ENSG00000221970,OR2A1,0,0,0,0
ENSG00000221972,NA,0,0,0,0
ENSG00000221977,OR4E2,0,0,0,0
ENSG00000221989,OR2A2,0,0,0,0
ENSG00000222004,NA,0,0,0,0
ENSG00000222014,RAB6C,0.038530031259435944,0,0.5498599231845688,4
ENSG00000222018,C21orf140,0,0,0,0
ENSG00000222028,PSMB11,0.12316785253359352,0,4.310874838675773,1
ENSG00000222036,POTEM,0,0,0,0
ENSG00000222038,POTEJ,0.02095684775925966,0,0.29515354920667153,3
ENSG00000223417,TRIM49D1,0,0,0,0
ENSG00000223443,USP17L2,0,0,0,0
ENSG00000223510,CDRT15,0.037478293282388914,0,0.6591206144586016,4
ENSG00000223569,USP17L15,0,0,0,0
ENSG00000223601,EBLN1,0,0,0,0
ENSG00000223609,HBD,0.05829381457157132,0,1.1816082207792422,3
ENSG00000223614,ZNF735,0,0,0,0
ENSG00000223638,RFPL4A,0,0,0,0
ENSG00000223802,CERS1,0.024141612070246288,0,0.6390369797919466,2
ENSG00000223953,C1QTNF5,0,0,0,0
ENSG00000224089,CT47A10,0,0,0,0
ENSG00000224586,GPX5,0,0,0,0
ENSG00000224659,GAGE12J,0,0,0,0
ENSG00000224712,NPIPA3,0.011766825295238465,0,0.4118388853333465,2
ENSG00000224902,GAGE12H,0,0,0,0
ENSG00000224916,APOC4-APOC2,0,0,0,0
ENSG00000224940,PRRT4,0.10426849221776387,0,2.199439692738275,4
ENSG00000224982,TMEM233,0,0,0,0
ENSG00000225327,USP17L3,0,0,0,0
ENSG00000225362,NA,0.021184901797545296,0,0.28780556316641376,3
ENSG00000225781,OR6V1,0.02466904827140688,0,0.8634166894992413,1
ENSG00000225899,FRG2B,0,0,0,0
ENSG00000225932,NA,0.042776269948337484,0,0.5498599231845688,4
ENSG00000226023,CT47A6,0,0,0,0
ENSG00000226288,OR52I2,0.04586092619542126,0,0.9452865766233938,2
ENSG00000226372,DCAF8L1,0,0,0,0
ENSG00000226397,NA,0,0,0,0
ENSG00000226430,USP17L7,0,0,0,0
ENSG00000226600,CT47A9,0,0,0,0
ENSG00000226685,CT47A12,0,0,0,0
ENSG00000226761,TAS2R46,0.027008187903525528,0,0.9452865766233938,1
ENSG00000226777,NA,0,0,0,0
ENSG00000226784,PGAM4,0.02540431992965079,0,0.5756111263328275,2
ENSG00000226929,CT47A11,0,0,0,0
ENSG00000226941,RBMY1J,0,0,0,0
ENSG00000226979,LTA,0,0,0,0
ENSG00000227011,NA,0,0,0,0
ENSG00000227059,ANHX,0,0,0,0
ENSG00000227140,USP17L5,0,0,0,0
ENSG00000227151,PRR20D,0,0,0,0
ENSG00000227152,OR2T7,0,0,0,0
ENSG00000227234,SPANXB1,0,0,0,0
ENSG00000227488,GAGE12D,0,0,0,0
ENSG00000227551,USP17L12,0,0,0,0
ENSG00000227729,RD3L,0,0,0,0
ENSG00000228075,BOD1L2,0,0,0,0
ENSG00000228083,IFNA14,0,0,0,0
ENSG00000228146,NA,0.16629352386652912,0,2.676952754666752,5
ENSG00000228198,OR2M3,0,0,0,0
ENSG00000228278,ORM2,0.10949761850198982,0,2.0030747196947316,6
ENSG00000228517,CT47A7,0,0,0,0
ENSG00000228567,VN1R4,0,0,0,0
ENSG00000228570,NUTM2E,0,0,0,0
ENSG00000228607,CLDN25,0.08988236467228719,0,1.0669978628032808,5
ENSG00000228727,SAPCD1,0.1637632116318121,0,1.6830285088199108,11
ENSG00000228836,CT45A5,0,0,0,0
ENSG00000228856,USP17L30,0,0,0,0
ENSG00000228927,TSPY3,0,0,0,0
ENSG00000229183,PGA4,0,0,0,0
ENSG00000229292,RFPL4AL1,0,0,0,0
ENSG00000229314,ORM1,0.043466910358927136,0,1.233536299396036,2
ENSG00000229549,TSPY8,0,0,0,0
ENSG00000229571,PRAMEF25,0,0,0,0
ENSG00000229579,USP17L26,0,0,0,0
ENSG00000229637,PRAC2,0,0,0,0
ENSG00000229665,PRR20C,0,0,0,0
ENSG00000229859,PGA3,0,0,0,0
ENSG00000229924,FAM90A26,0,0,0,0
ENSG00000229937,PRPS1L1,0.008958287748712861,0,0.31354007120495014,1
ENSG00000229972,IQCF3,0,0,0,0
ENSG00000230031,POTEB2,0,0,0,0
ENSG00000230178,OR4F3,0,0,0,0
ENSG00000230301,OR5H6,0,0,0,0
ENSG00000230347,CT47A8,0,0,0,0
ENSG00000230430,USP17L25,0,0,0,0
ENSG00000230522,MBD3L2,0,0,0,0
ENSG00000230549,USP17L1,0,0,0,0
ENSG00000230594,CT47A4,0,0,0,0
ENSG00000230657,PRB4,0.05494466191360076,0,1.5023060397710486,2
ENSG00000230667,SETSIP,0.028456378459829623,0,0.3546594807927065,4
ENSG00000230778,ANKRD63,0.011780570152500072,0,0.41231995533750243,1
ENSG00000231051,USP17L28,0,0,0,0
ENSG00000231068,KRTAP21-3,0,0,0,0
ENSG00000231122,NA,0.026874863246138584,0,0.9406202136148505,1
ENSG00000231192,OR5H1,0.005350313516333852,0,0.18726097307168482,1
ENSG00000231213,PLSCR5,0.03805536035043202,0,0.8385230925067061,2
ENSG00000231256,CFAP97D1,0.018032448308784754,0,0.6311356908074666,1
ENSG00000231274,SBK3,0.03643630526209023,0,1.2752706841731576,1
ENSG00000231396,USP17L10,0,0,0,0
ENSG00000231637,USP17L29,0,0,0,0
ENSG00000231824,AKAIN1,0,0,0,0
ENSG00000231852,CYP21A2,0,0,0,0
ENSG00000231861,OR5K2,0.061484172565609826,0,1.3937146257806543,3
ENSG00000232070,TMEM253,0.07000220649232286,0,0.9452865766233938,6
ENSG00000232125,DYTN,0,0,0,0
ENSG00000232196,NA,0.019138608461415445,0,0.4645715419268848,2
ENSG00000232237,ASCL5,0.009109076315522557,0,0.3188176710432894,1
ENSG00000232258,TMEM114,0.08516072578384348,0,2.1301232659731553,2
ENSG00000232263,KRTAP25-1,0,0,0,0
ENSG00000232264,USP17L24,0,0,0,0
ENSG00000232268,OR52I1,0.009426369145947865,0,0.32992292010817514,1
ENSG00000232382,OR5K1,0,0,0,0
ENSG00000232399,USP17L13,0,0,0,0
ENSG00000232423,PRAMEF6,0,0,0,0
ENSG00000232653,GOLGA8N,0.04624096516555796,0,0.9531221182948455,4
ENSG00000232948,DEFB130A,0,0,0,0
ENSG00000233050,DEFB130B,0,0,0,0
ENSG00000233136,USP17L11,0,0,0,0
ENSG00000233232,NPIPB7,0,0,0,0
ENSG00000233412,OR5H15,0,0,0,0
ENSG00000233670,PIRT,0,0,0,0
ENSG00000233701,PRR23C,0,0,0,0
ENSG00000233802,TRIM49D2,0,0,0,0
ENSG00000233803,TSPY4,0,0,0,0
ENSG00000233816,IFNA13,0,0,0,0
ENSG00000233917,POTEB,0,0,0,0
ENSG00000233932,CTXN2,0,0,0,0
ENSG00000234068,PAGE2,0,0,0,0
ENSG00000234224,TMEM229A,0.011361129619262103,0,0.21037856360248886,2
ENSG00000234278,PRR20E,0,0,0,0
ENSG00000234289,H2BC12L,0,0,0,0
ENSG00000234414,RBMY1A1,0,0,0,0
ENSG00000234438,KBTBD13,0,0,0,0
ENSG00000234511,C5orf58,0.05332660800096219,0,0.8385230925067061,3
ENSG00000234560,OR10G8,0,0,0,0
ENSG00000234769,NA,0.12469758762280166,0,0.6018835343323397,13
ENSG00000234829,IFNA17,0,0,0,0
ENSG00000234857,HNRNPUL2-BSCL2,0.02143292161567613,0,0.27812303662518834,3
ENSG00000234906,APOC2,0,0,0,0
ENSG00000235156,NA,0.09339233526793264,0,1.4296831774422682,7
ENSG00000235268,KDM4E,0.04998737076509898,0,0.5498599231845688,5
ENSG00000235376,RPEL1,0.08429689171844862,0,0.5756111263328275,7
ENSG00000235631,RNF148,0.03698195677446333,0,0.3546594807927065,4
ENSG00000235711,ANKRD34C,0,0,0,0
ENSG00000235718,MFRP,0,0,0,0
ENSG00000235780,USP17L27,0,0,0,0
ENSG00000235942,LCE6A,0,0,0,0
ENSG00000236027,PATE3,0,0,0,0
ENSG00000236032,OR5H14,0,0,0,0
ENSG00000236125,USP17L4,0,0,0,0
ENSG00000236126,CT47A3,0,0,0,0
ENSG00000236279,CLEC2L,0,0,0,0
ENSG00000236320,SLFN14,0.009331243756814725,0,0.32659353148851533,1
ENSG00000236334,PPIAL4G,0.09948875485134698,0,1.214100563949712,8
ENSG00000236362,GAGE12F,0,0,0,0
ENSG00000236371,CT47A1,0,0,0,0
ENSG00000236396,SLC35G4,0,0,0,0
ENSG00000236398,TAS2R39,0,0,0,0
ENSG00000236424,TSPY10,0,0,0,0
ENSG00000236446,CT47B1,0,0,0,0
ENSG00000236637,IFNA4,0,0,0,0
ENSG00000236737,GAGE12B,0,0,0,0
ENSG00000236761,CTAGE9,0.043795694712128824,0,0.4645715419268848,5
ENSG00000236980,C3orf84,0,0,0,0
ENSG00000236981,OR10G9,0,0,0,0
ENSG00000237038,USP17L8,0,0,0,0
ENSG00000237110,TAAR9,0,0,0,0
ENSG00000237136,C4orf51,0.0890508356251154,0,0.7089649324675453,7
ENSG00000237247,MBD3L5,0,0,0,0
ENSG00000237353,PATE4,0.17250143945178176,0,5.718732709769073,2
ENSG00000237388,OR4A47,0,0,0,0
ENSG00000237412,PRSS56,0,0,0,0
ENSG00000237521,OR7E24,0,0,0,0
ENSG00000237671,GAGE12C,0,0,0,0
ENSG00000237693,IRGM,0.025610282131158693,0,0.41668333400002666,3
ENSG00000237763,AMY1A,0.006010816102928255,0,0.21037856360248886,5
ENSG00000237787,NA,0.04188630076112066,0,0.8520493063892621,3
ENSG00000237847,NA,0,0,0,0
ENSG00000237957,CT47A5,0,0,0,0
ENSG00000238074,TSPY9,0,0,0,0
ENSG00000238243,OR2W3,0,0,0,0
ENSG00000238269,PAGE2B,0,0,0,0
ENSG00000239511,NA,0,0,0,0
ENSG00000239590,OR1J4,0.015260057512867761,0,0.5341020129503715,1
ENSG00000239605,STPG4,0.02294152380370239,0,0.5562460732503767,2
ENSG00000239732,TLR9,0,0,0,0
ENSG00000239810,PRAMEF11,0,0,0,0
ENSG00000239839,DEFA3,0,0,0,0
ENSG00000239886,KRTAP9-2,0,0,0,0
ENSG00000239961,LILRA4,0,0,0,0
ENSG00000239998,LILRA2,0.013616030261354932,0,0.47656105914742275,1
ENSG00000240021,TEX35,0.018032448308784754,0,0.6311356908074666,1
ENSG00000240053,LY6G5B,0.08099751259453028,0,0.6863466266663852,7
ENSG00000240247,DEFA1B,0,0,0,0
ENSG00000240303,ACAD11,0.017962070861379784,0,0.2467072598792072,3
ENSG00000240386,LCE1F,0,0,0,0
ENSG00000240403,KIR3DL2,0,0,0,0
ENSG00000240432,KRTAP13-3,0,0,0,0
ENSG00000240505,TNFRSF13B,0,0,0,0
ENSG00000240542,KRTAP9-1,0,0,0,0
ENSG00000240563,L1TD1,0.009725980232917777,0,0.3404093081521221,1
ENSG00000240654,C1QTNF9,0,0,0,0
ENSG00000240694,PNMA2,0.054860489395386854,0,1.2037670686646793,3
ENSG00000240720,LRRD1,0.02767497655630452,0,0.6808186163042442,2
ENSG00000240764,PCDHGC5,0.0202662560452975,0,0.709318961585413,1
ENSG00000240771,ARHGEF25,0,0,0,0
ENSG00000240871,KRTAP4-7,0,0,0,0
ENSG00000241119,UGT1A9,0.009109076315522557,0,0.3188176710432894,1
ENSG00000241123,KRTAP10-5,0,0,0,0
ENSG00000241128,OR14A2,0,0,0,0
ENSG00000241186,TDGF1,0.01470742771427968,0,0.5147599699997889,1
ENSG00000241233,KRTAP5-8,0.02652791616631015,0,0.6018835343323397,2
ENSG00000241241,KRTAP4-16,0,0,0,0
ENSG00000241404,EGFL8,0.05582153884163095,0,0.823677770666693,3
ENSG00000241476,SSX2,0,0,0,0
ENSG00000241595,KRTAP9-4,0,0,0,0
ENSG00000241598,KRTAP5-4,0,0,0,0
ENSG00000241644,INMT,0,0,0,0
ENSG00000241697,TMEFF1,0.014307676569248083,0,0.5007686799236829,1
ENSG00000241978,NA,0.03714091698596668,0,0.4412568052830795,3
ENSG00000242019,KIR3DL3,0,0,0,0
ENSG00000242173,ARHGDIG,0.01202163220585651,0,0.4207571272049777,1
ENSG00000242180,NA,0.05525617495083171,0,0.8634166894992413,3
ENSG00000242221,PSG2,0.032382449770934206,0,0.6921289366996177,2
ENSG00000242252,BGLAP,0.04133878116685012,0,1.2752706841731576,2
ENSG00000242362,CT47A2,0,0,0,0
ENSG00000242389,RBMY1E,0,0,0,0
ENSG00000242419,PCDHGC4,0.06196520838235628,0,0.5498599231845688,6
ENSG00000242441,GTF2A1L,0.015710283519559106,0,0.5498599231845688,1
ENSG00000242875,RBMY1B,0,0,0,0
ENSG00000242950,ERVW-1,0,0,0,0
ENSG00000243073,PRAMEF4,0,0,0,0
ENSG00000243130,PSG11,0,0,0,0
ENSG00000243207,PPAN-P2RY11,0,0,0,0
ENSG00000243414,TICAM2,0,0,0,0
ENSG00000243480,AMY2A,0.014106428738088194,0,0.28780556316641376,2
ENSG00000243489,KRTAP10-11,0,0,0,0
ENSG00000243509,TNFRSF6B,0,0,0,0
ENSG00000243708,PLA2G4B,0,0,0,0
ENSG00000243709,LEFTY1,0.014975063066350347,0,0.28780556316641376,2
ENSG00000243729,OR5V1,0,0,0,0
ENSG00000243749,TMEM35B,0,0,0,0
ENSG00000243772,KIR2DL3,0,0,0,0
ENSG00000243789,JMJD7,0.04638777830569811,0,0.6921289366996177,3
ENSG00000244020,MT1HL1,0,0,0,0
ENSG00000244025,KRTAP19-3,0,0,0,0
ENSG00000244057,LCE3C,0,0,0,0
ENSG00000244115,DNAJC25-GNG10,0,0,0,0
ENSG00000244355,LY6G6D,0,0,0,0
ENSG00000244362,KRTAP19-7,0,0,0,0
ENSG00000244395,RBMY1D,0,0,0,0
ENSG00000244411,KRTAP5-7,0.009887556238565971,0,0.34606446834980886,1
ENSG00000244414,CFHR1,0.0250540427789825,0,0.4645715419268848,2
ENSG00000244474,UGT1A4,0,0,0,0
ENSG00000244482,LILRA6,0,0,0,0
ENSG00000244537,KRTAP4-2,0,0,0,0
ENSG00000244588,RAD21L1,0.04142876422546812,0,0.5341020129503715,3
ENSG00000244623,OR2AE1,0,0,0,0
ENSG00000244624,KRTAP20-1,0,0,0,0
ENSG00000244693,NA,0.07662956453050379,0,0.9291430838537696,5
ENSG00000244752,CRYBB2,0.09404925620247871,0,1.2622713816149331,4
ENSG00000248167,TRIM39-RPP21,0,0,0,0
ENSG00000248385,TARM1,0,0,0,0
ENSG00000248405,PRR5-ARHGAP8,0.014233832193397212,0,0.28780556316641376,2
ENSG00000248672,LY75-CD302,0,0,0,0
ENSG00000248746,ACTN3,0,0,0,0
ENSG00000248871,TNFSF12-TNFSF13,0,0,0,0
ENSG00000248919,ATP5MF-PTCD1,0.0802167040759497,0,1.4390278158320688,3
ENSG00000248920,USP17L19,0,0,0,0
ENSG00000248933,USP17L22,0,0,0,0
ENSG00000249104,USP17L17,0,0,0,0
ENSG00000249581,CLRN2,0,0,0,0
ENSG00000249751,ECSCR,0,0,0,0
ENSG00000249773,,0.09593127765039716,0,0.7401217796376216,11
ENSG00000249811,USP17L21,0,0,0,0
ENSG00000249853,HS3ST5,0.11152112499642503,0,1.2752706841731576,6
ENSG00000249860,NA,0.005883412647619233,0,0.20591944266667325,1
ENSG00000249861,LGALS16,0,0,0,0
ENSG00000249931,GOLGA8K,0.019210152474007976,0,0.5007686799236829,2
ENSG00000249961,TERB1,0.04478002585593341,0,0.5334989314016404,4
ENSG00000250021,ARPIN-AP3S2,0,0,0,0
ENSG00000250067,YJEFN3,0.10625613439790932,0,0.6598458402163503,9
ENSG00000250151,ARPC4-TTLL3,0,0,0,0
ENSG00000250254,PTTG2,0.09970172729457424,0,1.642238033781247,5
ENSG00000250361,GYPB,0.011780570152500072,0,0.41231995533750243,1
ENSG00000250423,KIAA1210,0,0,0,0
ENSG00000250506,CDK3,0.10125524613884,0,0.42525106823068337,11
ENSG00000250709,CCDC169-SOHLH2,0,0,0,0
ENSG00000250741,NT5C1B-RDH14,0,0,0,0
ENSG00000250745,USP17L20,0,0,0,0
ENSG00000250799,PRODH2,0,0,0,0
ENSG00000250844,USP17L18,0,0,0,0
ENSG00000250913,USP17L23,0,0,0,0
ENSG00000251201,TMED7-TICAM2,0.005865135834933024,0,0.20527975422265587,1
ENSG00000251258,RFPL4B,0,0,0,0
ENSG00000251349,MSANTD3-TMEFF1,0,0,0,0
ENSG00000251380,DCANP1,0,0,0,0
ENSG00000251503,CENPS-CORT,0,0,0,0
ENSG00000251655,PRB1,0,0,0,0
ENSG00000251692,PTX4,0,0,0,0
ENSG00000253117,OC90,0,0,0,0
ENSG00000253148,RGS21,0.027731915725415616,0,0.5498599231845688,2
ENSG00000253309,SERPINE3,0.06382381393104991,0,1.0212279244563662,4
ENSG00000253457,SMIM18,0.0868712410651872,0,0.8002483971024607,7
ENSG00000253548,PYDC2,0,0,0,0
ENSG00000253831,ETV3L,0,0,0,0
ENSG00000254402,LRRC24,0,0,0,0
ENSG00000254413,CHKB-CPT1B,0.013273472626482418,0,0.4645715419268848,1
ENSG00000254415,SIGLEC14,0,0,0,0
ENSG00000254440,PBOV1,0.018218152631045113,0,0.6376353420865788,1
ENSG00000254445,HSPB2-C11orf52,0,0,0,0
ENSG00000254462,NA,0,0,0,0
ENSG00000254466,OR4D10,0,0,0,0
ENSG00000254521,SIGLEC12,0,0,0,0
ENSG00000254535,PABPC4L,0.07604591873684043,0,1.765027221132318,3
ENSG00000254550,OMP,0.037945019587731624,0,0.6598458402163503,3
ENSG00000254585,MAGEL2,0,0,0,0
ENSG00000254636,ARMS2,0.03715143104382764,0,1.0639784423781196,2
ENSG00000254647,INS,0,0,0,0
ENSG00000254656,RTL1,0,0,0,0
ENSG00000254692,,0,0,0,0
ENSG00000254709,IGLL5,0,0,0,0
ENSG00000254737,OR10G4,0,0,0,0
ENSG00000254772,EEF1G,0,0,0,0
ENSG00000254788,CKLF-CMTM1,0,0,0,0
ENSG00000254806,SYS1-DBNDD2,0.026559265708324016,0,0.5334989314016404,2
ENSG00000254834,OR5M10,0,0,0,0
ENSG00000254852,NPIPA2,0.047972974127735095,0,0.5007686799236829,5
ENSG00000254870,ATP6V1G2-DDX39B,0,0,0,0
ENSG00000254959,INMT-MINDY4,0,0,0,0
ENSG00000255009,UBTFL1,0,0,0,0
ENSG00000255012,OR5M1,0,0,0,0
ENSG00000255071,SAA2-SAA4,0,0,0,0
ENSG00000255072,PIGY,0,0,0,0
ENSG00000255073,ZFP91-CNTF,0,0,0,0
ENSG00000255104,ZNF286A-TBC1D26,0,0,0,0
ENSG00000255152,MSH5-SAPCD1,0,0,0,0
ENSG00000255181,CCDC166,0,0,0,0
ENSG00000255223,OR5M11,0.03178548990002153,0,1.1124921465007533,1
ENSG00000255245,FXYD6-FXYD2,0,0,0,0
ENSG00000255251,PRR23D1,0,0,0,0
ENSG00000255298,OR8G5,0,0,0,0
ENSG00000255307,OR52B2,0,0,0,0
ENSG00000255330_KIAA0408,NA,0,0,0,0
ENSG00000255330_SOGA3,NA,0,0,0,0
ENSG00000255359,CCDC179,0,0,0,0
ENSG00000255374,TAS2R43,0.026122008764171364,0,0.2667494657008202,8
ENSG00000255378,PRR23D2,0,0,0,0
ENSG00000255524,NPIPB8,0.08590484769091866,0,1.418637923170826,5
ENSG00000255526,NEDD8-MDP1,0,0,0,0
ENSG00000255552,NA,0.007621413305737718,0,0.2667494657008202,1
ENSG00000255582,OR10G2,0,0,0,0
ENSG00000255633,NA,0.031331381964302504,0,0.4645715419268848,3
ENSG00000255713,OR4D2,0,0,0,0
ENSG00000255804,OR6J1,0.0076300287564338804,0,0.26705100647518576,1
ENSG00000255819,KLRC4-KLRK1,0.005350313516333852,0,0.18726097307168482,1
ENSG00000255833,TIFAB,0,0,0,0
ENSG00000255837,TAS2R20,0.01877367918173789,0,0.4207571272049777,2
ENSG00000256162,SMLR1,0,0,0,0
ENSG00000256188,TAS2R30,0.02019108921686732,0,0.5007686799236829,2
ENSG00000256374,NA,0.021076675837714002,0,0.4966431886876601,2
ENSG00000256394,ASIC5,0,0,0,0
ENSG00000256436,TAS2R31,0.07262933254049438,0,0.5334989314016404,7
ENSG00000256453,DND1,0,0,0,0
ENSG00000256463,SALL3,0.009887556238565971,0,0.34606446834980886,1
ENSG00000256646,,0,0,0,0
ENSG00000256660,CLEC12B,0,0,0,0
ENSG00000256671,LIMS4,0,0,0,0
ENSG00000256713,PGA5,0,0,0,0
ENSG00000256762,STH,0.0076300287564338804,0,0.26705100647518576,1
ENSG00000256797,KLRF2,0.03001796008880719,0,0.5498599231845688,2
ENSG00000256892,NA,0.014307676569248083,0,0.5007686799236829,1
ENSG00000256977,LIMS3,0,0,0,0
ENSG00000256980,KHDC1L,0,0,0,0
ENSG00000257008,GPR142,0,0,0,0
ENSG00000257115,OR11H12,0,0,0,0
ENSG00000257127,NA,0,0,0,0
ENSG00000257138,TAS2R38,0.012150030520876673,0,0.42525106823068337,1
ENSG00000257315,ZBED6,0,0,0,0
ENSG00000257341,,0,0,0,0
ENSG00000257529,RPL36A-HNRNPH2,0,0,0,0
ENSG00000257591,ZNF625,0.0640180588372071,0,0.4645715419268848,6
ENSG00000257949,TEN1,0.038480591327128943,0,0.6177583280000197,3
ENSG00000258083,OR9A4,0.04207571272049775,0,1.472649945217422,1
ENSG00000258223,PRSS58,0,0,0,0
ENSG00000258227,CLEC5A,0.011978901321524371,0,0.41926154625335305,1
ENSG00000258388,PPT2-EGFL8,0.07572057148912262,0,1.151222252665655,4
ENSG00000258417,,0,0,0,0
ENSG00000258436,RNASE12,0,0,0,0
ENSG00000258453,OR11H2,0,0,0,0
ENSG00000258465,,0.07337386757827019,0,0.5007686799236829,7
ENSG00000258529,,0,0,0,0
ENSG00000258555,SPECC1L-ADORA2A,0.006010816102928255,0,0.21037856360248886,1
ENSG00000258588,TRIM6-TRIM34,0,0,0,0
ENSG00000258643,BCL2L2-PABPN1,0.051737200555460744,0,0.5341020129503715,6
ENSG00000258644,SYNJ2BP-COX16,0,0,0,0
ENSG00000258659,TRIM34,0.0973861830634636,0,1.881240427229701,6
ENSG00000258713,C20orf141,0,0,0,0
ENSG00000258790,,0.009887556238565971,0,0.34606446834980886,1
ENSG00000258817,OR4C13,0,0,0,0
ENSG00000258834,NA,0,0,0,0
ENSG00000258873,DUXA,0,0,0,0
ENSG00000258947,TUBB3,0.07714276491724144,0,1.2037670686646793,5
ENSG00000258984,UBE2F-SCLY,0.03863817510321248,0,0.34606446834980886,5
ENSG00000258986,TMEM179,0,0,0,0
ENSG00000258992,TSPY1,0,0,0,0
ENSG00000259024,TVP23C-CDRT4,0,0,0,0
ENSG00000259040,BLOC1S5-TXNDC5,0,0,0,0
ENSG00000259060,,0,0,0,0
ENSG00000259112,NDUFC2-KCTD14,0,0,0,0
ENSG00000259171,,0,0,0,0
ENSG00000259224,SLC35G6,0.009725980232917777,0,0.3404093081521221,1
ENSG00000259288,BUB1B-PAK6,0,0,0,0
ENSG00000259305,ZHX1-C8orf76,0.15319824015074204,0,0.9564530131298682,14
ENSG00000259332,ST20-MTHFS,0,0,0,0
ENSG00000259384,GH1,0,0,0,0
ENSG00000259399,TGIF2-RAB5IF,0,0,0,0
ENSG00000259511,NA,0.01883201755596005,0,0.6591206144586016,1
ENSG00000259571,BLID,0,0,0,0
ENSG00000259823,LYPD8,0,0,0,0
ENSG00000260097,SPDYE6,0.0716455388155671,0,0.979780594465546,6
ENSG00000260230,FRRS1L,0.028615353138496166,0,1.0015373598473658,1
ENSG00000260238,PMF1-BGLAP,0,0,0,0
ENSG00000260286,ARMH2,0.05624675091318643,0,0.41926154625335305,7
ENSG00000260287,TBC1D3G,0.009725980232917777,0,0.3404093081521221,1
ENSG00000260314,MRC1,0,0,0,0
ENSG00000260428,SCX,0.05217613471728008,0,0.4934145197584144,5
ENSG00000260596,DUX4,0,0,0,0
ENSG00000260691,ANKRD20A1,0.036171076261762886,0,0.5007686799236829,6
ENSG00000260903,XKR7,0,0,0,0
ENSG00000261052,SULT1A3,0,0,0,0
ENSG00000261190,NA,0,0,0,0
ENSG00000261247,GOLGA8T,0.034690368398934496,0,1.0015373598473658,4
ENSG00000261272,MUC22,0,0,0,0
ENSG00000261408,TEN1-CDK3,0.04955539578004841,0,0.6311356908074666,6
ENSG00000261509,TP53TG3B,0,0,0,0
ENSG00000261587,TMEM249,0,0,0,0
ENSG00000261594,TPBGL,0.01885273829189573,0,0.6598458402163503,1
ENSG00000261603,NA,0.008223016090468964,0,0.28780556316641376,1
ENSG00000261611,,0,0,0,0
ENSG00000261678,SCRT1,0.006277339185320012,0,0.21970687148620055,1
ENSG00000261739,GOLGA8S,0,0,0,0
ENSG00000261796,ISY1-RAB43,0,0,0,0
ENSG00000261915,,0,0,0,0
ENSG00000261949,GFY,0.05436929061470159,0,1.4910862861812086,2
ENSG00000262180,NA,0.126427591881665,0,2.503843399618414,4
ENSG00000262304,,0,0,0,0
ENSG00000262484,CCER2,0.03998654563332909,0,0.6376353420865788,3
ENSG00000262628,OR1D5,0,0,0,0
ENSG00000262664,OVCA2,0,0,0,0
ENSG00000262874,C19orf84,0.01924220433817131,0,0.3546594807927065,2
ENSG00000263353,PPIAL4A,0.07881391172667779,0,0.6598458402163503,7
ENSG00000263464,NA,0,0,0,0
ENSG00000263513,FAM72C,0.08382158419115322,0,1.0997198463691376,12
ENSG00000263761,GDF2,0,0,0,0
ENSG00000263809,,0.004902475904759894,0,0.1715866566665963,1
ENSG00000264058,,0,0,0,0
ENSG00000264343,NOTCH2NLA,0.09949306422864465,0,0.8246399106750049,8
ENSG00000264424,MYH4,0,0,0,0
ENSG00000264668,,0,0,0,0
ENSG00000265818,EEF1E1-BLOC1S5,0,0,0,0
ENSG00000266524,GDF10,0,0,0,0
ENSG00000266733,NA,0.009887556238565971,0,0.34606446834980886,1
ENSG00000266964,FXYD1,0.02503253432749147,0,0.39607536838970014,3
ENSG00000267022,,0,0,0,0
ENSG00000267059,,0,0,0,0
ENSG00000267179,,0.005865135834933024,0,0.20527975422265587,1
ENSG00000267206,LCN6,0,0,0,0
ENSG00000267228,,0,0,0,0
ENSG00000267368,UPK3BL1,0,0,0,0
ENSG00000267467,APOC4,0,0,0,0
ENSG00000267631,CGB1,0,0,0,0
ENSG00000267645,,0.008958287748712861,0,0.31354007120495014,1
ENSG00000267673,FDX2,0.023959699894492398,0,0.3404093081521221,3
ENSG00000267697,NA,0,0,0,0
ENSG00000267757,NA,0,0,0,0
ENSG00000267908,NA,0,0,0,0
ENSG00000267978_MAGEA9,NA,0,0,0,0
ENSG00000267978_MAGEA9B,NA,0,0,0,0
ENSG00000268009,SSX4,0,0,0,0
ENSG00000268089,GABRQ,0.005350313516333852,0,0.18726097307168482,1
ENSG00000268173,,0,0,0,0
ENSG00000268182,SMIM17,0,0,0,0
ENSG00000268221,OPN1MW,0,0,0,0
ENSG00000268223,ARL14EPL,0.058856440444516094,0,0.882513610566159,3
ENSG00000268447,SSX2B,0,0,0,0
ENSG00000268500,SIGLEC5,0,0,0,0
ENSG00000268606,MAGEA2,0,0,0,0
ENSG00000268629,TEX13A,0,0,0,0
ENSG00000268651,CTAG1A,0,0,0,0
ENSG00000268674,,0,0,0,0
ENSG00000268738,HSFX2,0.007621413305737718,0,0.2667494657008202,1
ENSG00000268940,CT45A1,0,0,0,0
ENSG00000268964,ERVV-2,0.03853753687590292,0,1.1124921465007533,2
ENSG00000268975,MIA-RAB4B,0,0,0,0
ENSG00000268988,SPANXN2,0,0,0,0
ENSG00000268991,NA,0,0,0,0
ENSG00000269067,ZNF728,0.02466904827140688,0,0.8634166894992413,1
ENSG00000269096,CT45A3,0,0,0,0
ENSG00000269113,TRABD2B,0,0,0,0
ENSG00000269226_TMSB15A,NA,0,0,0,0
ENSG00000269226_TMSB15B,NA,0,0,0,0
ENSG00000269405,NXF2,0.008223016090468964,0,0.28780556316641376,1
ENSG00000269433_OPN1MW,NA,0,0,0,0
ENSG00000269433_OPN1MW2,NA,0,0,0,0
ENSG00000269437,NXF2B,0,0,0,0
ENSG00000269502,DMRTC1,0,0,0,0
ENSG00000269699,ZIM2,0,0,0,0
ENSG00000269741,,0.045425871824901695,0,0.8854606476200146,3
ENSG00000269791,SSX4B,0,0,0,0
ENSG00000269891,ARHGAP19-SLIT1,0,0,0,0
ENSG00000269897,COMMD3-BMI1,0,0,0,0
ENSG00000269955,FMC1-LUC7L2,0,0,0,0
ENSG00000269964,MEI4,0,0,0,0
ENSG00000270024,NA,0,0,0,0
ENSG00000270106,TSNAX-DISC1,0.04888685559338398,0,0.5498599231845688,5
ENSG00000270136,MICOS10-NBL1,0,0,0,0
ENSG00000270181,BIVM-ERCC5,0,0,0,0
ENSG00000270276,H4C15,0.005865135834933024,0,0.20527975422265587,1
ENSG00000270316,BORCS7-ASMT,0,0,0,0
ENSG00000270339,PPIAL4H,0.03796433256381256,0,0.5498599231845688,3
ENSG00000270394,NA,0,0,0,0
ENSG00000270601,PRAMEF5,0,0,0,0
ENSG00000270617,URGCP-MRPS24,0,0,0,0
ENSG00000270757,HSPE1-MOB4,0,0,0,0
ENSG00000270800,RPS10-NUDT3,0,0,0,0
ENSG00000270898,NA,0.09550352840734834,0,1.214100563949712,5
ENSG00000270946,CT45A9,0,0,0,0
ENSG00000271079,CTAGE15,0,0,0,0
ENSG00000271271,UGT2A2,0,0,0,0
ENSG00000271321,CTAGE6,0,0,0,0
ENSG00000271449,CT45A2,0,0,0,0
ENSG00000271567,PPIAL4E,0.023685808266786543,0,0.41668333400002666,2
ENSG00000271698,,0,0,0,0
ENSG00000271723,MROH7-TTC4,0,0,0,0
ENSG00000272196_HIST2H2AA3,NA,0.06881074260735928,0,0.4726432883116969,8
ENSG00000272196_HIST2H2AA4,NA,0.06881074260735928,0,0.4726432883116969,8
ENSG00000272414,FAM47E-STBD1,0.061926314289788204,0,1.25005000200008,4
ENSG00000272573,MUSTN1,0.023672063409524956,0,0.41668333400002666,2
ENSG00000272752,NA,0.06383734985631602,0,0.5007686799236829,7
ENSG00000272804,KRTAP10-7,0,0,0,0
ENSG00000272968,RBAK-RBAKDN,0,0,0,0
ENSG00000272980,,0.028681136850867185,0,0.5007686799236829,3
ENSG00000273003,ARL2-SNX15,0,0,0,0
ENSG00000273025,,0,0,0,0
ENSG00000273079,GRIN2B,0.009804951809519787,0,0.3431733133331926,1
ENSG00000273111,LYPD4,0,0,0,0
ENSG00000273259,,0.02917794069875331,0,1.0212279244563662,1
ENSG00000273274,ZBTB8B,0.16833591518713797,0,4.440730677825729,5
ENSG00000273294,C1QTNF3-AMACR,0.028513111506343992,0,0.6018835343323397,2
ENSG00000273331,TM4SF19-DYNLT2B,0,0,0,0
ENSG00000273398,,0,0,0,0
ENSG00000273514,FOXD4L6,0.005350313516333852,0,0.18726097307168482,1
ENSG00000273590,NA,0,0,0,0
ENSG00000273703,H2BC14,0.028645653934706798,0,0.41926154625335305,3
ENSG00000273706,LHX1,0.02675156758166925,0,0.936304865358424,1
ENSG00000273716,NA,0.021987673909914258,0,0.31354007120495014,3
ENSG00000273777,CEACAM20,0.05027910782465875,0,1.0015373598473658,3
ENSG00000273976,GOLGA6L1,0,0,0,0
ENSG00000274049,INO80B-WBP1,0,0,0,0
ENSG00000274102,OR4M2,0,0,0,0
ENSG00000274183,H2AB1,0,0,0,0
ENSG00000274209,ANTXRL,0,0,0,0
ENSG00000274226,TBC1D3H,0,0,0,0
ENSG00000274252,GGTLC3,0,0,0,0
ENSG00000274274,GAGE13,0,0,0,0
ENSG00000274391,TPTE,0,0,0,0
ENSG00000274419_TBC1D3,NA,0,0,0,0
ENSG00000274419_TBC1D3C,NA,0,0,0,0
ENSG00000274529,SEBOX,0,0,0,0
ENSG00000274588,DGKK,0.014307676569248083,0,0.5007686799236829,1
ENSG00000274600,RIMBP3B,0.012085831363366587,0,0.21262553411534169,2
ENSG00000274611,TBC1D3,0,0,0,0
ENSG00000274641,H2BC17,0.03658762592325597,0,0.41231995533750243,4
ENSG00000274744,NA,0,0,0,0
ENSG00000274749,KRTAP7-1,0,0,0,0
ENSG00000274791,NA,0.006075015260438336,0,0.21262553411534169,1
ENSG00000274792,,0,0,0,0
ENSG00000274808,TBC1D3B,0.03259720807477567,0,0.5007686799236829,6
ENSG00000274810,NPHP3-ACAD11,0.02819511541476654,0,0.9868290395168288,1
ENSG00000275034,TP53TG3E,0,0,0,0
ENSG00000275113,GAGE2E,0,0,0,0
ENSG00000275126,H4C13,0,0,0,0
ENSG00000275152,CCL16,0.042923029707744254,0,1.5023060397710486,1
ENSG00000275163,,0,0,0,0
ENSG00000275221,H2AC15,0,0,0,0
ENSG00000275302,CCL4,0.09382128277207842,0,1.7303223417490445,5
ENSG00000275379,H3C11,0.03954511166797255,0,0.6598458402163503,4
ENSG00000275385,CCL18,0.06245626528604919,0,0.6863466266663852,5
ENSG00000275489,SPMAP1,0.016050940549001545,0,0.5617829192150544,1
ENSG00000275553,NA,0,0,0,0
ENSG00000275572,GRIFIN,0,0,0,0
ENSG00000275591,XKR5,0.12927631483279423,0,2.30244450533131,3
ENSG00000275663,H4C7,0,0,0,0
ENSG00000275688,CCL15-CCL14,0,0,0,0
ENSG00000275722,LYZL6,0,0,0,0
ENSG00000275896,PRSS2,0,0,0,0
ENSG00000275954,TBC1D3F,0.009331243756814725,0,0.32659353148851533,1
ENSG00000275969,SPATA31A3,0.006075015260438336,0,0.21262553411534169,1
ENSG00000276040,SPATA31A7,0,0,0,0
ENSG00000276070,CCL4L2,0.0420350124397781,0,0.4966431886876601,8
ENSG00000276076,NA,0,0,0,0
ENSG00000276085,CCL3L3,0.06574562871861413,0,0.709318961585413,10
ENSG00000276119,OR13C2,0.020742808242796427,0,0.39607536838970014,2
ENSG00000276203,NA,0,0,0,0
ENSG00000276231,PIK3R6,0,0,0,0
ENSG00000276430,FAM25C,0.02132889308568446,0,0.5334989314016404,2
ENSG00000276581,SPATA31A5,0,0,0,0
ENSG00000276747,PADI6,0,0,0,0
ENSG00000276760,,0,0,0,0
ENSG00000276911,NA,0,0,0,0
ENSG00000277117,NA,0.08375072153193569,0,0.8246399106750049,6
ENSG00000277150,F8A3,0.019210152474007976,0,0.5007686799236829,2
ENSG00000277322,GOLGA6L6,0,0,0,0
ENSG00000277399,GPR179,0,0,0,0
ENSG00000277494,GPIHBP1,0,0,0,0
ENSG00000277556,OR13C5,0.05585338145244081,0,0.882513610566159,4
ENSG00000277586,NEFL,0.049100772533270526,0,1.2037670686646793,2
ENSG00000277632,CCL3,0.03545507661317885,0,0.9531221182948455,2
ENSG00000277745,H2AB3,0,0,0,0
ENSG00000277858,H2AB2,0,0,0,0
ENSG00000277932,OR52E5,0,0,0,0
ENSG00000277957,SENP3-EIF4A1,0.018482318645747432,0,0.41055950844531175,2
ENSG00000278057,TEX28,0,0,0,0
ENSG00000278085_CT45A3,NA,0,0,0,0
ENSG00000278085_CT45A4,NA,0,0,0,0
ENSG00000278085_CT45A6,NA,0,0,0,0
ENSG00000278195,SSTR3,0,0,0,0
ENSG00000278224,PRICKLE4,0.023712319751273685,0,0.3431733133331926,3
ENSG00000278272,NA,0.11220567994577521,0,0.9291430838537696,10
ENSG00000278289,CT45A6,0,0,0,0
ENSG00000278299,TBC1D3C,0,0,0,0
ENSG00000278463,H2AC4,0.05261667443222249,0,0.41926154625335305,6
ENSG00000278505,C17orf78,0.11443975329854236,0,2.30244450533131,4
ENSG00000278637,H4C1,0.030717909622837197,0,0.4412568052830795,3
ENSG00000278685,IQCA1L,0,0,0,0
ENSG00000278848,TP53TG3F,0,0,0,0
ENSG00000279132,NA,0,0,0,0
ENSG00000279686,,0,0,0,0
ENSG00000279765,NA,0.10274919568806246,0,0.9897687603245254,8
ENSG00000279804_PRAMEF18,NA,0,0,0,0
ENSG00000279804_PRAMEF22,NA,0,0,0,0
ENSG00000279973,NA,0,0,0,0
ENSG00000280165,PCDH20,0.07834214299789462,0,0.882513610566159,8
