"","module.char","ensembl_gene_id","geneName"
"1","1","ENSG00000159388","BTG2"
"2","1","ENSG00000164741","DLC1"
"3","1","ENSG00000125347","IRF1"
"4","1","ENSG00000163162","RNF149"
"5","1","ENSG00000271503","CCL5"
"6","1","ENSG00000143344","RGL1"
"7","1","ENSG00000112773","FAM46A"
"8","1","ENSG00000152804","HHEX"
"9","1","ENSG00000163297","ANTXR2"
"10","1","ENSG00000040633","PHF23"
"11","1","ENSG00000133805","AMPD3"
"12","1","ENSG00000122477","LRRC39"
"13","1","ENSG00000197746","PSAP"
"14","1","ENSG00000164291","ARSK"
"15","1","ENSG00000140105","WARS"
"16","1","ENSG00000173917","HOXB2"
"17","1","ENSG00000012232","EXTL3"
"18","1","ENSG00000129355","CDKN2D"
"19","1","ENSG00000171855","IFNB1"
"20","1","ENSG00000118508","RAB32"
"21","1","ENSG00000135211","TMEM60"
"22","1","ENSG00000060566","CREB3L3"
"23","1","ENSG00000118513","MYB"
"24","1","ENSG00000185811","IKZF1"
"25","1","ENSG00000165898","ISCA2"
"26","1","ENSG00000138623","SEMA7A"
"27","1","ENSG00000043462","LCP2"
"28","1","ENSG00000136213","CHST12"
"29","1","ENSG00000025708","TYMP"
"30","1","ENSG00000133243","BTBD2"
"31","1","ENSG00000079387","SENP1"
"32","1","ENSG00000175895","PLEKHF2"
"33","1","ENSG00000135414","GDF11"
"34","1","ENSG00000010295","IFFO1"
"35","1","ENSG00000163563","MNDA"
"36","1","ENSG00000132002","DNAJB1"
"37","1","ENSG00000173821","RNF213"
"38","1","ENSG00000105559","PLEKHA4"
"39","1","ENSG00000170473","WIBG"
"40","1","ENSG00000127220","ABHD8"
"41","1","ENSG00000185651","UBE2L3"
"42","1","ENSG00000117280","RAB29"
"43","1","ENSG00000099968","BCL2L13"
"44","1","ENSG00000179715","PCED1B"
"45","1","ENSG00000125952","MAX"
"46","1","ENSG00000117713","ARID1A"
"47","1","ENSG00000135205","CCDC146"
"48","1","ENSG00000175538","KCNE3"
"49","1","ENSG00000170855","TRIAP1"
"50","1","ENSG00000141232","TOB1"
"51","1","ENSG00000119139","TJP2"
"52","1","ENSG00000120093","HOXB3"
"53","1","ENSG00000160633","SAFB"
"54","1","ENSG00000100100","PIK3IP1"
"55","1","ENSG00000100591","AHSA1"
"56","1","ENSG00000115275","MOGS"
"57","1","ENSG00000115841","RMDN2"
"58","1","ENSG00000151461","UPF2"
"59","1","ENSG00000114315","HES1"
"60","1","ENSG00000039523","FAM65A"
"61","1","ENSG00000138316","ADAMTS14"
"62","1","ENSG00000184678","HIST2H2BE"
"63","1","ENSG00000175787","ZNF169"
"64","1","ENSG00000068120","COASY"
"65","1","ENSG00000163565","IFI16"
"66","1","ENSG00000108839","ALOX12"
"67","1","ENSG00000091136","LAMB1"
"68","1","ENSG00000165156","ZHX1"
"69","1","ENSG00000179562","GCC1"
"70","1","ENSG00000162946","DISC1"
"71","1","ENSG00000179588","ZFPM1"
"72","1","ENSG00000182742","HOXB4"
"73","1","ENSG00000196116","TDRD7"
"74","1","ENSG00000127191","TRAF2"
"75","1","ENSG00000122188","LAX1"
"76","1","ENSG00000116584","ARHGEF2"
"77","1","ENSG00000177917","ARL6IP6"
"78","1","ENSG00000168016","TRANK1"
"79","1","ENSG00000143315","PIGM"
"80","1","ENSG00000100902","PSMA6"
"81","1","ENSG00000124279","FASTKD3"
"82","1","ENSG00000164463","CREBRF"
"83","1","ENSG00000243667","WDR92"
"84","1","ENSG00000165175","MID1IP1"
"85","1","ENSG00000204406","MBD5"
"86","1","ENSG00000106560","GIMAP2"
"87","1","ENSG00000135114","OASL"
"88","1","ENSG00000119242","CCDC92"
"89","1","ENSG00000136878","USP20"
"90","1","ENSG00000109971","HSPA8"
"91","1","ENSG00000117586","TNFSF4"
"92","1","ENSG00000183513","COA5"
"93","1","ENSG00000115145","STAM2"
"94","1","ENSG00000167461","RAB8A"
"95","1","ENSG00000205413","SAMD9"
"96","1","ENSG00000180660","MAB21L1"
"97","1","ENSG00000149218","ENDOD1"
"98","1","ENSG00000165819","METTL3"
"99","1","ENSG00000140287","HDC"
"100","1","ENSG00000198719","DLL1"
"101","1","ENSG00000121858","TNFSF10"
"102","1","ENSG00000180628","PCGF5"
"103","1","ENSG00000143889","HNRNPLL"
"104","1","ENSG00000186812","ZNF397"
"105","1","ENSG00000244476","ERVFRD-1"
"106","1","ENSG00000108849","PPY"
"107","1","ENSG00000119922","IFIT2"
"108","1","ENSG00000125148","MT2A"
"109","1","ENSG00000133328","HRASLS2"
"110","1","ENSG00000163644","PPM1K"
"111","1","ENSG00000162496","DHRS3"
"112","1","ENSG00000128272","ATF4"
"113","1","ENSG00000102524","TNFSF13B"
"114","1","ENSG00000244509","APOBEC3C"
"115","1","ENSG00000115267","IFIH1"
"116","1","ENSG00000188404","SELL"
"117","1","ENSG00000165801","ARHGEF40"
"118","1","ENSG00000038210","PI4K2B"
"119","1","ENSG00000119917","IFIT3"
"120","1","ENSG00000121060","TRIM25"
"121","1","ENSG00000137965","IFI44"
"122","1","ENSG00000128284","APOL3"
"123","1","ENSG00000087087","SRRT"
"124","1","ENSG00000134321","RSAD2"
"125","1","ENSG00000134324","LPIN1"
"126","1","ENSG00000241553","ARPC4"
"127","1","ENSG00000078098","FAP"
"128","1","ENSG00000166902","MRPL16"
"129","1","ENSG00000196141","SPATS2L"
"130","1","ENSG00000146278","PNRC1"
"131","1","ENSG00000169871","TRIM56"
"132","1","ENSG00000204388","HSPA1B"
"133","1","ENSG00000115956","PLEK"
"134","1","ENSG00000181381","DDX60L"
"135","1","ENSG00000145050","MANF"
"136","1","ENSG00000090861","AARS"
"137","1","ENSG00000146242","TPBG"
"138","1","ENSG00000131236","CAP1"
"139","1","ENSG00000182199","SHMT2"
"140","1","ENSG00000140853","NLRC5"
"141","1","ENSG00000134440","NARS"
"142","1","ENSG00000152778","IFIT5"
"143","1","ENSG00000253958","CLDN23"
"144","1","ENSG00000132681","ATP1A4"
"145","1","ENSG00000125354","SEPT6"
"146","1","ENSG00000149932","TMEM219"
"147","1","ENSG00000104804","TULP2"
"148","1","ENSG00000170006","TMEM154"
"149","1","ENSG00000171148","TADA3"
"150","1","ENSG00000133321","RARRES3"
"151","1","ENSG00000139899","CBLN3"
"152","1","ENSG00000186471","AKAP14"
"153","1","ENSG00000182393","IFNL1"
"154","1","ENSG00000105048","TNNT1"
"155","1","ENSG00000099940","SNAP29"
"156","1","ENSG00000204267","TAP2"
"157","1","ENSG00000232810","TNF"
"158","1","ENSG00000166750","SLFN5"
"159","1","ENSG00000169248","CXCL11"
"160","1","ENSG00000162729","IGSF8"
"161","1","ENSG00000023330","ALAS1"
"162","1","ENSG00000163131","CTSS"
"163","1","ENSG00000234745","HLA-B"
"164","1","ENSG00000126709","IFI6"
"165","1","ENSG00000204592","HLA-E"
"166","1","ENSG00000185885","IFITM1"
"167","1","ENSG00000130303","BST2"
"168","1","ENSG00000013374","NUB1"
"169","1","ENSG00000204525","HLA-C"
"170","1","ENSG00000092010","PSME1"
"171","1","ENSG00000206503","HLA-A"
"172","1","ENSG00000204642","HLA-F"
"173","1","ENSG00000187608","ISG15"
"174","1","ENSG00000124256","ZBP1"
"175","1","ENSG00000152558","TMEM123"
"176","1","ENSG00000002549","LAP3"
"177","1","ENSG00000115415","STAT1"
"178","1","ENSG00000160932","LY6E"
"179","1","ENSG00000132274","TRIM22"
"180","1","ENSG00000165949","IFI27"
"181","1","ENSG00000142089","IFITM3"
"182","1","ENSG00000105402","NAPA"
"183","1","ENSG00000166710","B2M"
"184","1","ENSG00000110057","UNC93B1"
"185","1","ENSG00000034510","TMSB10"
"186","1","ENSG00000157601","MX1"
"187","1","ENSG00000130813","C19orf66"
"188","1","ENSG00000100342","APOL1"
"189","1","ENSG00000101608","MYL12A"
"190","1","ENSG00000223609","HBD"
"191","1","ENSG00000240065","PSMB9"
"192","1","ENSG00000068079","IFI35"
"193","1","ENSG00000173786","CNP"
"194","1","ENSG00000156587","UBE2L6"
"195","1","ENSG00000168394","TAP1"
"196","1","ENSG00000138646","HERC5"
"197","1","ENSG00000108771","DHX58"
"198","1","ENSG00000185201","IFITM2"
"199","1","ENSG00000089127","OAS1"
"200","1","ENSG00000125826","RBCK1"
"201","1","ENSG00000111331","OAS3"
"202","1","ENSG00000188313","PLSCR1"
"203","1","ENSG00000155363","MOV10"
"204","1","ENSG00000112343","TRIM38"
"205","1","ENSG00000100911","PSME2"
"206","1","ENSG00000055332","EIF2AK2"
"207","1","ENSG00000185880","TRIM69"
"208","1","ENSG00000107201","DDX58"
"209","1","ENSG00000185745","IFIT1"
"210","1","ENSG00000136147","PHF11"
"211","1","ENSG00000178685","PARP10"
"212","1","ENSG00000184009","ACTG1"
"213","1","ENSG00000117228","GBP1"
"214","1","ENSG00000135899","SP110"
"215","1","ENSG00000159403","C1R"
"216","1","ENSG00000059378","PARP12"
"217","1","ENSG00000030582","GRN"
"218","1","ENSG00000170581","STAT2"
"219","1","ENSG00000221963","APOL6"
"220","1","ENSG00000185507","IRF7"
"221","1","ENSG00000177409","SAMD9L"
"222","1","ENSG00000137200","CMTR1"
"223","1","ENSG00000172936","MYD88"
"224","1","ENSG00000134326","CMPK2"
"225","1","ENSG00000169442","CD52"
"226","1","ENSG00000258659","TRIM34"
"227","1","ENSG00000132109","TRIM21"
"228","1","ENSG00000138496","PARP9"
"229","1","ENSG00000123609","NMI"
"230","1","ENSG00000175550","DRAP1"
"231","1","ENSG00000160710","ADAR"
"232","1","ENSG00000106785","TRIM14"
"233","1","ENSG00000103966","EHD4"
"234","1","ENSG00000169245","CXCL10"
"235","1","ENSG00000110719","TCIRG1"
"236","1","ENSG00000132530","XAF1"
"237","1","ENSG00000139192","TAPBPL"
"238","1","ENSG00000183486","MX2"
"239","1","ENSG00000060491","OGFR"
"240","1","ENSG00000120885","CLU"
"241","1","ENSG00000136514","RTP4"
"242","1","ENSG00000108679","LGALS3BP"
"243","1","ENSG00000173193","PARP14"
"244","1","ENSG00000137959","IFI44L"
"245","1","ENSG00000067066","SP100"
"246","1","ENSG00000239713","APOBEC3G"
"247","1","ENSG00000169228","RAB24"
"248","1","ENSG00000132256","TRIM5"
"249","1","ENSG00000188282","RUFY4"
"250","1","ENSG00000133106","EPSTI1"
"251","1","ENSG00000135535","CD164"
"252","1","ENSG00000010030","ETV7"
"253","1","ENSG00000075624","ACTB"
"254","1","ENSG00000162704","ARPC5"
"255","1","ENSG00000183726","TMEM50A"
"256","1","ENSG00000139180","NDUFA9"
"257","1","ENSG00000023318","ERP44"
"258","1","ENSG00000204632","HLA-G"
"259","1","ENSG00000164096","C4orf3"
"260","1","ENSG00000128335","APOL2"
"261","1","ENSG00000014914","MTMR11"
"262","1","ENSG00000163840","DTX3L"
"263","1","ENSG00000136235","GPNMB"
"264","1","ENSG00000175197","DDIT3"
"265","1","ENSG00000185404","SP140L"
"266","1","ENSG00000171345","KRT19"
"267","1","ENSG00000270379","HEATR9"
"268","1","ENSG00000184979","USP18"
"269","1","ENSG00000140464","PML"
"270","1","ENSG00000115271","GCA"
"271","1","ENSG00000196684","HSH2D"
"272","1","ENSG00000134684","YARS"
"273","1","ENSG00000132661","NXT1"
"274","1","ENSG00000147168","IL2RG"
"275","1","ENSG00000178913","TAF7"
"276","1","ENSG00000149131","SERPING1"
"277","1","ENSG00000204439","C6orf47"
"278","1","ENSG00000122557","HERPUD2"
"279","1","ENSG00000116809","ZBTB17"
"280","1","ENSG00000006042","TMEM98"
"281","1","ENSG00000163746","PLSCR2"
"282","1","ENSG00000124201","ZNFX1"
"283","1","ENSG00000154305","MIA3"
"284","1","ENSG00000164342","TLR3"
"285","1","ENSG00000189060","H1F0"
"286","1","ENSG00000197283","SYNGAP1"
"287","1","ENSG00000100949","RABGGTA"
"288","1","ENSG00000123992","DNPEP"
"289","1","ENSG00000100226","GTPBP1"
"290","1","ENSG00000155629","PIK3AP1"
"291","1","ENSG00000106211","HSPB1"
"292","1","ENSG00000164136","IL15"
"293","1","ENSG00000102871","TRADD"
"294","1","ENSG00000105726","ATP13A1"
"295","1","ENSG00000135679","MDM2"
"296","1","ENSG00000205808","PPAPDC2"
"297","1","ENSG00000176788","BASP1"
"298","1","ENSG00000165527","ARF6"
"299","1","ENSG00000182179","UBA7"
"300","1","ENSG00000265241","RBM8A"
"301","1","ENSG00000146859","TMEM140"
"302","1","ENSG00000146425","DYNLT1"
"303","1","ENSG00000125977","EIF2S2"
"304","1","ENSG00000163121","NEURL3"
"305","1","ENSG00000157657","ZNF618"
"306","1","ENSG00000175573","C11orf68"
"307","1","ENSG00000164877","MICALL2"
"308","1","ENSG00000198556","ZNF789"
"309","1","ENSG00000140090","SLC24A4"
"310","1","ENSG00000177989","ODF3B"
"311","1","ENSG00000162654","GBP4"
"312","1","ENSG00000128394","APOBEC3F"
"313","1","ENSG00000204264","PSMB8"
"314","1","ENSG00000169249","ZRSR2"
"315","1","ENSG00000111335","OAS2"
"316","1","ENSG00000151470","C4orf33"
"317","1","ENSG00000064666","CNN2"
"318","1","ENSG00000129221","AIPL1"
"319","1","ENSG00000167705","RILP"
"320","1","ENSG00000183831","ANKRD45"
"321","1","ENSG00000158156","XKR8"
"322","1","ENSG00000169715","MT1E"
"323","1","ENSG00000174021","GNG5"
"324","1","ENSG00000159228","CBR1"
"325","1","ENSG00000133313","CNDP2"
"326","1","ENSG00000153879","CEBPG"
"327","1","ENSG00000205220","PSMB10"
"328","1","ENSG00000186806","VSIG10L"
"329","1","ENSG00000130487","KLHDC7B"
"330","1","ENSG00000204389","HSPA1A"
"331","1","ENSG00000138035","PNPT1"
"332","1","ENSG00000198520","C1orf228"
"333","1","ENSG00000160233","LRRC3"
"334","1","ENSG00000185189","NRBP2"
"335","1","ENSG00000196565","HBG2"
"336","1","ENSG00000174720","LARP7"
"337","1","ENSG00000197448","GSTK1"
"338","1","ENSG00000168811","IL12A"
"339","1","ENSG00000101439","CST3"
"340","1","ENSG00000196187","TMEM63A"
"341","1","ENSG00000107798","LIPA"
"342","1","ENSG00000197324","LRP10"
"343","1","ENSG00000177556","ATOX1"
"344","1","ENSG00000250722","SEPP1"
"345","1","ENSG00000196526","AFAP1"
"346","1","ENSG00000137628","DDX60"
"347","1","ENSG00000151611","MMAA"
"348","1","ENSG00000172757","CFL1"
"349","1","ENSG00000165861","ZFYVE1"
"350","1","ENSG00000125877","ITPA"
"351","1","ENSG00000166333","ILK"
"352","1","ENSG00000108518","PFN1"
"353","1","ENSG00000214102","WEE2"
"354","1","ENSG00000141316","SPACA3"
"355","1","ENSG00000120217","CD274"
"356","1","ENSG00000162542","TMCO4"
"357","1","ENSG00000175309","PHYKPL"
"358","1","ENSG00000260027","HOXB7"
"359","1","ENSG00000204397","CARD16"
"360","1","ENSG00000137413","TAF8"
"361","1","ENSG00000145016","KIAA0226"
"362","1","ENSG00000175449","RFESD"
"363","1","ENSG00000173226","IQCB1"
"364","1","ENSG00000130589","HELZ2"
"365","1","ENSG00000115935","WIPF1"
"366","1","ENSG00000213563","C8orf82"
"367","1","ENSG00000124785","NRN1"
"368","1","ENSG00000086065","CHMP5"
"369","1","ENSG00000129515","SNX6"
"370","1","ENSG00000166326","TRIM44"
"371","1","ENSG00000087237","CETP"
"372","1","ENSG00000136436","CALCOCO2"
"373","1","ENSG00000058799","YIPF1"
"374","1","ENSG00000107290","SETX"
"375","1","ENSG00000276085","CCL3L3"
"376","1","ENSG00000231925","TAPBP"
"377","1","ENSG00000197110","IFNL3"
"378","1","ENSG00000135148","TRAFD1"
"379","1","ENSG00000094631","HDAC6"
"380","1","ENSG00000169288","MRPL1"
"381","1","ENSG00000213020","ZNF611"
"382","1","ENSG00000110497","AMBRA1"
"383","1","ENSG00000112658","SRF"
"384","1","ENSG00000204138","PHACTR4"
"385","1","ENSG00000181374","CCL13"
"386","1","ENSG00000117226","GBP3"
"387","1","ENSG00000070882","OSBPL3"
"388","1","ENSG00000183709","IFNL2"
"389","1","ENSG00000124067","SLC12A4"
"390","1","ENSG00000242802","AP5Z1"
"391","1","ENSG00000186577","C6orf1"
"392","1","ENSG00000123106","CCDC91"
"393","1","ENSG00000120341","SEC16B"
"394","1","ENSG00000157379","DHRS1"
"395","1","ENSG00000075407","ZNF37A"
"396","1","ENSG00000023191","RNH1"
"397","1","ENSG00000041880","PARP3"
"398","1","ENSG00000103353","UBFD1"
"399","1","ENSG00000188379","IFNA2"
"400","1","ENSG00000144036","EXOC6B"
"401","1","ENSG00000071127","WDR1"
"402","1","ENSG00000166888","STAT6"
"403","1","ENSG00000189013","KIR2DL4"
"404","1","ENSG00000077522","ACTN2"
"405","1","ENSG00000137996","RTCA"
"406","1","ENSG00000104324","CPQ"
"407","1","ENSG00000145555","MYO10"
"408","1","ENSG00000096996","IL12RB1"
"409","1","ENSG00000076650","GPATCH1"
"410","1","ENSG00000146411","SLC2A12"
"411","1","ENSG00000100603","SNW1"
"412","1","ENSG00000196954","CASP4"
"413","1","ENSG00000185475","TMEM179B"
"414","1","ENSG00000163156","SCNM1"
"415","1","ENSG00000196092","PAX5"
"416","1","ENSG00000100209","HSCB"
"417","1","ENSG00000139410","SDSL"
"418","1","ENSG00000213931","HBE1"
"419","1","ENSG00000146192","FGD2"
"420","1","ENSG00000163661","PTX3"
"421","1","ENSG00000108094","CUL2"
"422","1","ENSG00000135801","TAF5L"
"423","1","ENSG00000160602","NEK8"
"424","1","ENSG00000175294","CATSPER1"
"425","1","ENSG00000169016","E2F6"
"426","1","ENSG00000100106","TRIOBP"
"427","1","ENSG00000132485","ZRANB2"
"428","1","ENSG00000196743","GM2A"
"429","1","ENSG00000152219","ARL14EP"
"430","1","ENSG00000143162","CREG1"
"431","1","ENSG00000180573","HIST1H2AC"
"432","1","ENSG00000188612","SUMO2"
"433","1","ENSG00000183695","MRGPRX2"
"434","1","ENSG00000140538","NTRK3"
"435","1","ENSG00000253797","UTP14C"
"436","1","ENSG00000116977","LGALS8"
"437","1","ENSG00000163512","AZI2"
"438","1","ENSG00000004866","ST7"
"439","1","ENSG00000038274","MAT2B"
"440","1","ENSG00000102897","LYRM1"
"441","1","ENSG00000177047","IFNW1"
"442","1","ENSG00000187688","TRPV2"
"443","1","ENSG00000168300","PCMTD1"
"444","1","ENSG00000043143","JADE2"
"445","1","ENSG00000147601","TERF1"
"446","1","ENSG00000188157","AGRN"
"447","1","ENSG00000188428","BLOC1S5"
"448","1","ENSG00000205352","PRR13"
"449","1","ENSG00000055955","ITIH4"
"450","1","ENSG00000163320","CGGBP1"
"451","1","ENSG00000135842","FAM129A"
"452","1","ENSG00000168334","XIRP1"
"453","1","ENSG00000013364","MVP"
"454","1","ENSG00000105246","EBI3"
"455","1","ENSG00000154451","GBP5"
"456","1","ENSG00000135655","USP15"
"457","1","ENSG00000204616","TRIM31"
"458","1","ENSG00000172123","SLFN12"
"459","1","ENSG00000075142","SRI"
"460","1","ENSG00000185753","CXorf38"
"461","1","ENSG00000170703","TTLL6"
"462","1","ENSG00000072694","FCGR2B"
"463","1","ENSG00000163666","HESX1"
"464","1","ENSG00000198576","ARC"
"465","1","ENSG00000197721","CR1L"
"466","1","ENSG00000204010","IFIT1B"
"467","1","ENSG00000172183","ISG20"
"468","1","ENSG00000175832","ETV4"
"469","1","ENSG00000108702","CCL1"
"470","1","ENSG00000197948","FCHSD1"
"471","1","ENSG00000243811","APOBEC3D"
"472","1","ENSG00000122694","GLIPR2"
"473","1","ENSG00000142677","IL22RA1"
"474","1","ENSG00000076662","ICAM3"
"475","1","ENSG00000214872","SMTNL1"
"476","1","ENSG00000196975","ANXA4"
"477","1","ENSG00000144468","RHBDD1"
"478","1","ENSG00000256043","CTSO"
"479","1","ENSG00000066926","FECH"
"480","1","ENSG00000182240","BACE2"
"481","1","ENSG00000172403","SYNPO2"
"482","1","ENSG00000106571","GLI3"
"483","1","ENSG00000104518","GSDMD"
"484","1","ENSG00000259431","THTPA"
"485","1","ENSG00000050405","LIMA1"
"486","1","ENSG00000214013","GANC"
"487","1","ENSG00000136826","KLF4"
"488","1","ENSG00000111859","NEDD9"
"489","1","ENSG00000092295","TGM1"
"490","1","ENSG00000107262","BAG1"
"491","1","ENSG00000150625","GPM6A"
"492","1","ENSG00000186417","GLDN"
"493","1","ENSG00000110274","CEP164"
"494","1","ENSG00000065911","MTHFD2"
"495","1","ENSG00000198642","KLHL9"
"496","1","ENSG00000104848","KCNA7"
"497","1","ENSG00000137752","CASP1"
"498","1","ENSG00000155313","USP25"
"499","1","ENSG00000102081","FMR1"
"500","1","ENSG00000031698","SARS"
"501","1","ENSG00000115738","ID2"
"502","1","ENSG00000169660","HEXDC"
"503","1","ENSG00000163806","SPDYA"
"504","1","ENSG00000047617","ANO2"
"505","1","ENSG00000198133","TMEM229B"
"506","1","ENSG00000267796","LIN37"
"507","1","ENSG00000185559","DLK1"
"508","1","ENSG00000102962","CCL22"
"509","1","ENSG00000197142","ACSL5"
"510","1","ENSG00000203814","HIST2H2BF"
"511","1","ENSG00000124357","NAGK"
"512","1","ENSG00000134470","IL15RA"
"513","1","ENSG00000041357","PSMA4"
"514","1","ENSG00000163536","SERPINI1"
"515","1","ENSG00000100889","PCK2"
"516","1","ENSG00000206190","ATP10A"
"517","1","ENSG00000196247","ZNF107"
"518","1","ENSG00000168769","TET2"
"519","1","ENSG00000134077","THUMPD3"
"520","1","ENSG00000057252","SOAT1"
"521","1","ENSG00000151882","CCL28"
"522","1","ENSG00000091844","RGS17"
"523","1","ENSG00000244607","CCDC13"
"524","1","ENSG00000108773","KAT2A"
"525","1","ENSG00000100567","PSMA3"
"526","1","ENSG00000028116","VRK2"
"527","1","ENSG00000078401","EDN1"
"528","1","ENSG00000100490","CDKL1"
"529","1","ENSG00000117616","RSRP1"
"530","1","ENSG00000030066","NUP160"
"531","1","ENSG00000266028","SRGAP2"
"532","1","ENSG00000172927","MYEOV"
"533","1","ENSG00000108848","LUC7L3"
"534","1","ENSG00000103175","WFDC1"
"535","1","ENSG00000141837","CACNA1A"
"536","1","ENSG00000243943","ZNF512"
"537","1","ENSG00000133961","NUMB"
"538","1","ENSG00000145388","METTL14"
"539","1","ENSG00000133997","MED6"
"540","1","ENSG00000169230","PRELID1"
"541","1","ENSG00000188554","NBR1"
"542","1","ENSG00000049239","H6PD"
"543","1","ENSG00000159256","MORC3"
"544","1","ENSG00000103051","COG4"
"545","1","ENSG00000135956","TMEM127"
"546","1","ENSG00000153767","GTF2E1"
"547","1","ENSG00000065970","FOXJ2"
"548","1","ENSG00000070413","DGCR2"
"549","1","ENSG00000144354","CDCA7"
"550","1","ENSG00000266173","STRADA"
"551","1","ENSG00000168795","ZBTB5"
"552","1","ENSG00000197608","ZNF841"
"553","1","ENSG00000091073","DTX2"
"554","1","ENSG00000165164","CXorf22"
"555","1","ENSG00000102572","STK24"
"556","1","ENSG00000136243","NUPL2"
"557","1","ENSG00000120733","KDM3B"
"558","1","ENSG00000165795","NDRG2"
"559","1","ENSG00000105287","PRKD2"
"560","1","ENSG00000173442","EHBP1L1"
"561","1","ENSG00000143373","ZNF687"
"562","1","ENSG00000196865","NHLRC2"
"563","2","ENSG00000120063","GNA13"
"564","2","ENSG00000130340","SNX9"
"565","2","ENSG00000197620","CXorf40A"
"566","2","ENSG00000102401","ARMCX3"
"567","2","ENSG00000134108","ARL8B"
"568","2","ENSG00000119986","AVPI1"
"569","2","ENSG00000176473","WDR25"
"570","2","ENSG00000165046","LETM2"
"571","2","ENSG00000135736","CCDC102A"
"572","2","ENSG00000161692","DBF4B"
"573","2","ENSG00000181444","ZNF467"
"574","2","ENSG00000111912","NCOA7"
"575","2","ENSG00000105173","CCNE1"
"576","2","ENSG00000132031","MATN3"
"577","2","ENSG00000183655","KLHL25"
"578","2","ENSG00000165288","BRWD3"
"579","2","ENSG00000158864","NDUFS2"
"580","2","ENSG00000155760","FZD7"
"581","2","ENSG00000152359","POC5"
"582","2","ENSG00000148516","ZEB1"
"583","2","ENSG00000113575","PPP2CA"
"584","2","ENSG00000127337","YEATS4"
"585","2","ENSG00000186326","RGS9BP"
"586","2","ENSG00000136603","SKIL"
"587","2","ENSG00000039319","ZFYVE16"
"588","2","ENSG00000170633","RNF34"
"589","2","ENSG00000129173","E2F8"
"590","2","ENSG00000155085","AK9"
"591","2","ENSG00000096654","ZNF184"
"592","2","ENSG00000165698","C9orf9"
"593","2","ENSG00000162772","ATF3"
"594","2","ENSG00000172738","TMEM217"
"595","2","ENSG00000196550","FAM72A"
"596","2","ENSG00000163251","FZD5"
"597","2","ENSG00000119227","PIGZ"
"598","2","ENSG00000106633","GCK"
"599","2","ENSG00000106682","EIF4H"
"600","2","ENSG00000111266","DUSP16"
"601","2","ENSG00000182993","C12orf60"
"602","2","ENSG00000102384","CENPI"
"603","2","ENSG00000196839","ADA"
"604","2","ENSG00000138759","FRAS1"
"605","2","ENSG00000183837","PNMA3"
"606","2","ENSG00000116237","ICMT"
"607","2","ENSG00000241106","HLA-DOB"
"608","2","ENSG00000204577","LILRB3"
"609","2","ENSG00000110841","PPFIBP1"
"610","2","ENSG00000026103","FAS"
"611","2","ENSG00000176095","IP6K1"
"612","2","ENSG00000134317","GRHL1"
"613","2","ENSG00000106636","YKT6"
"614","2","ENSG00000275713","HIST1H2BH"
"615","2","ENSG00000023902","PLEKHO1"
"616","2","ENSG00000259529","IRF9"
"617","2","ENSG00000102189","EEA1"
"618","2","ENSG00000059377","TBXAS1"
"619","2","ENSG00000135845","PIGC"
"620","2","ENSG00000187583","PLEKHN1"
"621","2","ENSG00000120899","PTK2B"
"622","2","ENSG00000137460","FHDC1"
"623","2","ENSG00000150337","FCGR1A"
"624","2","ENSG00000184361","SPATA32"
"625","2","ENSG00000163633","C4orf36"
"626","2","ENSG00000164124","TMEM144"
"627","2","ENSG00000132185","FCRLA"
"628","2","ENSG00000163617","KIAA1407"
"629","2","ENSG00000117013","KCNQ4"
"630","2","ENSG00000122644","ARL4A"
"631","2","ENSG00000147065","MSN"
"632","2","ENSG00000101361","NOP56"
"633","2","ENSG00000224531","SMIM13"
"634","2","ENSG00000155893","PXYLP1"
"635","2","ENSG00000107185","RGP1"
"636","2","ENSG00000167995","BEST1"
"637","2","ENSG00000143458","GABPB2"
"638","2","ENSG00000134780","DAGLA"
"639","2","ENSG00000213185","FAM24B"
"640","2","ENSG00000132570","PCBD2"
"641","2","ENSG00000111837","MAK"
"642","2","ENSG00000048162","NOP16"
"643","2","ENSG00000100479","POLE2"
"644","2","ENSG00000140391","TSPAN3"
"645","2","ENSG00000094804","CDC6"
"646","2","ENSG00000169379","ARL13B"
"647","2","ENSG00000123219","CENPK"
"648","2","ENSG00000172244","C5orf34"
"649","2","ENSG00000198554","WDHD1"
"650","2","ENSG00000255587","RAB44"
"651","2","ENSG00000155111","CDK19"
"652","2","ENSG00000113211","PCDHB6"
"653","2","ENSG00000174137","FAM53A"
"654","2","ENSG00000065328","MCM10"
"655","2","ENSG00000129810","SGOL1"
"656","2","ENSG00000185010","F8"
"657","2","ENSG00000110077","MS4A6A"
"658","2","ENSG00000184661","CDCA2"
"659","2","ENSG00000100036","SLC35E4"
"660","2","ENSG00000137310","TCF19"
"661","2","ENSG00000151849","CENPJ"
"662","2","ENSG00000203965","EFCAB7"
"663","2","ENSG00000024048","UBR2"
"664","2","ENSG00000097046","CDC7"
"665","2","ENSG00000100422","CERK"
"666","2","ENSG00000137193","PIM1"
"667","2","ENSG00000165480","SKA3"
"668","2","ENSG00000186185","KIF18B"
"669","2","ENSG00000113758","DBN1"
"670","2","ENSG00000088888","MAVS"
"671","2","ENSG00000152455","SUV39H2"
"672","2","ENSG00000123473","STIL"
"673","2","ENSG00000196912","ANKRD36B"
"674","2","ENSG00000051180","RAD51"
"675","2","ENSG00000123384","LRP1"
"676","2","ENSG00000091127","PUS7"
"677","2","ENSG00000172785","CBWD1"
"678","2","ENSG00000136114","THSD1"
"679","2","ENSG00000179750","APOBEC3B"
"680","2","ENSG00000163535","SGOL2"
"681","2","ENSG00000103494","RPGRIP1L"
"682","2","ENSG00000162885","B3GALNT2"
"683","2","ENSG00000085999","RAD54L"
"684","2","ENSG00000116199","FAM20B"
"685","2","ENSG00000121621","KIF18A"
"686","2","ENSG00000119787","ATL2"
"687","2","ENSG00000111666","CHPT1"
"688","2","ENSG00000147231","CXorf57"
"689","2","ENSG00000074706","IPCEF1"
"690","2","ENSG00000128617","OPN1SW"
"691","2","ENSG00000177842","ZNF620"
"692","2","ENSG00000124713","GNMT"
"693","2","ENSG00000143228","NUF2"
"694","2","ENSG00000133119","RFC3"
"695","2","ENSG00000100150","DEPDC5"
"696","2","ENSG00000105245","NUMBL"
"697","2","ENSG00000158158","CNNM4"
"698","2","ENSG00000147576","ADHFE1"
"699","2","ENSG00000148803","FUOM"
"700","2","ENSG00000234511","C5orf58"
"701","2","ENSG00000197852","FAM212B"
"702","2","ENSG00000142892","PIGK"
"703","2","ENSG00000116991","SIPA1L2"
"704","2","ENSG00000163950","SLBP"
"705","2","ENSG00000137494","ANKRD42"
"706","2","ENSG00000092470","WDR76"
"707","2","ENSG00000254521","SIGLEC12"
"708","2","ENSG00000064989","CALCRL"
"709","2","ENSG00000059728","MXD1"
"710","2","ENSG00000174276","ZNHIT2"
"711","2","ENSG00000173588","CEP83"
"712","2","ENSG00000138399","FASTKD1"
"713","2","ENSG00000132646","PCNA"
"714","2","ENSG00000009307","CSDE1"
"715","2","ENSG00000163492","CCDC141"
"716","2","ENSG00000111247","RAD51AP1"
"717","2","ENSG00000205269","TMEM170B"
"718","2","ENSG00000165912","PACSIN3"
"719","2","ENSG00000100304","TTLL12"
"720","2","ENSG00000086827","ZW10"
"721","2","ENSG00000118193","KIF14"
"722","2","ENSG00000152332","UHMK1"
"723","2","ENSG00000171984","C20orf196"
"724","2","ENSG00000119927","GPAM"
"725","2","ENSG00000127663","KDM4B"
"726","2","ENSG00000169598","DFFB"
"727","2","ENSG00000111231","GPN3"
"728","2","ENSG00000137274","BPHL"
"729","2","ENSG00000152061","RABGAP1L"
"730","2","ENSG00000171970","ZNF57"
"731","2","ENSG00000163961","RNF168"
"732","2","ENSG00000214113","LYRM4"
"733","2","ENSG00000051596","THOC3"
"734","2","ENSG00000119969","HELLS"
"735","2","ENSG00000150627","WDR17"
"736","2","ENSG00000159082","SYNJ1"
"737","2","ENSG00000121807","CCR2"
"738","2","ENSG00000112234","FBXL4"
"739","2","ENSG00000133131","MORC4"
"740","2","ENSG00000047315","POLR2B"
"741","2","ENSG00000172469","MANEA"
"742","2","ENSG00000183963","SMTN"
"743","2","ENSG00000162368","CMPK1"
"744","2","ENSG00000137168","PPIL1"
"745","2","ENSG00000168843","FSTL5"
"746","2","ENSG00000169242","EFNA1"
"747","2","ENSG00000151458","ANKRD50"
"748","2","ENSG00000183690","EFHC2"
"749","2","ENSG00000147894","C9orf72"
"750","2","ENSG00000150967","ABCB9"
"751","2","ENSG00000153317","ASAP1"
"752","2","ENSG00000120519","SLC10A7"
"753","2","ENSG00000179195","ZNF664"
"754","2","ENSG00000140326","CDAN1"
"755","2","ENSG00000162636","FAM102B"
"756","2","ENSG00000163558","PRKCI"
"757","2","ENSG00000197885","NKIRAS1"
"758","2","ENSG00000101003","GINS1"
"759","2","ENSG00000176142","TMEM39A"
"760","2","ENSG00000116478","HDAC1"
"761","2","ENSG00000095319","NUP188"
"762","2","ENSG00000125257","ABCC4"
"763","2","ENSG00000185414","MRPL30"
"764","2","ENSG00000174749","C4orf32"
"765","2","ENSG00000028528","SNX1"
"766","2","ENSG00000129535","NRL"
"767","2","ENSG00000101868","POLA1"
"768","2","ENSG00000171100","MTM1"
"769","2","ENSG00000147144","CCDC120"
"770","2","ENSG00000159374","M1AP"
"771","2","ENSG00000150756","FAM173B"
"772","2","ENSG00000162735","PEX19"
"773","2","ENSG00000138080","EMILIN1"
"774","2","ENSG00000151806","GUF1"
"775","2","ENSG00000150712","MTMR12"
"776","2","ENSG00000175054","ATR"
"777","2","ENSG00000175536","LIPT2"
"778","2","ENSG00000156313","RPGR"
"779","2","ENSG00000197971","MBP"
"780","2","ENSG00000136933","RABEPK"
"781","2","ENSG00000122912","SLC25A16"
"782","2","ENSG00000123908","AGO2"
"783","2","ENSG00000173706","HEG1"
"784","2","ENSG00000204520","MICA"
"785","2","ENSG00000138386","NAB1"
"786","2","ENSG00000132357","CARD6"
"787","2","ENSG00000111424","VDR"
"788","2","ENSG00000169155","ZBTB43"
"789","2","ENSG00000189369","GSPT2"
"790","2","ENSG00000198853","RUSC2"
"791","2","ENSG00000037757","MRI1"
"792","2","ENSG00000180370","PAK2"
"793","2","ENSG00000196405","EVL"
"794","2","ENSG00000005513","SOX8"
"795","2","ENSG00000172171","TEFM"
"796","2","ENSG00000183508","FAM46C"
"797","2","ENSG00000134461","ANKRD16"
"798","2","ENSG00000128191","DGCR8"
"799","2","ENSG00000172167","MTBP"
"800","2","ENSG00000152433","ZNF547"
"801","2","ENSG00000172543","CTSW"
"802","2","ENSG00000136689","IL1RN"
"803","2","ENSG00000047621","C12orf4"
"804","2","ENSG00000149970","CNKSR2"
"805","2","ENSG00000141854","MIR1199"
"806","2","ENSG00000100147","CCDC134"
"807","2","ENSG00000185633","NDUFA4L2"
"808","2","ENSG00000163507","KIAA1524"
"809","2","ENSG00000185000","DGAT1"
"810","2","ENSG00000125485","DDX31"
"811","2","ENSG00000122877","EGR2"
"812","2","ENSG00000158555","GDPD5"
"813","2","ENSG00000107938","EDRF1"
"814","2","ENSG00000171298","GAA"
"815","2","ENSG00000105409","ATP1A3"
"816","2","ENSG00000117859","OSBPL9"
"817","2","ENSG00000198561","CTNND1"
"818","2","ENSG00000121152","NCAPH"
"819","2","ENSG00000165060","FXN"
"820","2","ENSG00000168556","ING2"
"821","2","ENSG00000197977","ELOVL2"
"822","2","ENSG00000142556","ZNF614"
"823","2","ENSG00000168291","PDHB"
"824","2","ENSG00000147570","DNAJC5B"
"825","2","ENSG00000086848","ALG9"
"826","2","ENSG00000116095","PLEKHA3"
"827","2","ENSG00000197566","ZNF624"
"828","2","ENSG00000146410","MTFR2"
"829","2","ENSG00000183955","SETD8"
"830","2","ENSG00000146282","RARS2"
"831","2","ENSG00000066827","ZFAT"
"832","2","ENSG00000133392","MYH11"
"833","2","ENSG00000154359","LONRF1"
"834","2","ENSG00000113300","CNOT6"
"835","2","ENSG00000175279","APITD1"
"836","2","ENSG00000148843","PDCD11"
"837","2","ENSG00000101442","ACTR5"
"838","2","ENSG00000138411","HECW2"
"839","2","ENSG00000165879","FRAT1"
"840","2","ENSG00000150093","ITGB1"
"841","2","ENSG00000013375","PGM3"
"842","2","ENSG00000154845","PPP4R1"
"843","2","ENSG00000105875","WDR91"
"844","2","ENSG00000244687","UBE2V1"
"845","2","ENSG00000196584","XRCC2"
"846","2","ENSG00000131849","ZNF132"
"847","2","ENSG00000167077","MEI1"
"848","2","ENSG00000127423","AUNIP"
"849","2","ENSG00000167986","DDB1"
"850","2","ENSG00000254221","PCDHGB1"
"851","2","ENSG00000169105","CHST14"
"852","2","ENSG00000166562","SEC11C"
"853","2","ENSG00000120129","DUSP1"
"854","2","ENSG00000070018","LRP6"
"855","2","ENSG00000121864","ZNF639"
"856","2","ENSG00000183856","IQGAP3"
"857","2","ENSG00000158163","DZIP1L"
"858","2","ENSG00000196220","SRGAP3"
"859","2","ENSG00000112218","GPR63"
"860","2","ENSG00000128654","MTX2"
"861","2","ENSG00000120509","PDZD11"
"862","2","ENSG00000168237","GLYCTK"
"863","2","ENSG00000169951","ZNF764"
"864","2","ENSG00000181789","COPG1"
"865","2","ENSG00000171097","CCBL1"
"866","2","ENSG00000129646","QRICH2"
"867","2","ENSG00000160791","CCR5"
"868","2","ENSG00000135540","NHSL1"
"869","2","ENSG00000105639","JAK3"
"870","2","ENSG00000180957","PITPNB"
"871","2","ENSG00000184465","WDR27"
"872","2","ENSG00000177628","GBA"
"873","2","ENSG00000164506","STXBP5"
"874","2","ENSG00000184515","BEX5"
"875","2","ENSG00000117308","GALE"
"876","2","ENSG00000117597","DIEXF"
"877","2","ENSG00000176092","AIM1L"
"878","2","ENSG00000136098","NEK3"
"879","2","ENSG00000112667","DNPH1"
"880","2","ENSG00000105289","TJP3"
"881","2","ENSG00000140543","DET1"
"882","2","ENSG00000062598","ELMO2"
"883","2","ENSG00000100263","RHBDD3"
"884","2","ENSG00000181804","SLC9A9"
"885","2","ENSG00000101605","MYOM1"
"886","2","ENSG00000102100","SLC35A2"
"887","2","ENSG00000075073","TACR2"
"888","2","ENSG00000189057","FAM111B"
"889","2","ENSG00000151338","MIPOL1"
"890","2","ENSG00000198542","ITGBL1"
"891","2","ENSG00000147905","ZCCHC7"
"892","2","ENSG00000137817","PARP6"
"893","2","ENSG00000111897","SERINC1"
"894","2","ENSG00000265354","TIMM23"
"895","2","ENSG00000151689","INPP1"
"896","2","ENSG00000079999","KEAP1"
"897","2","ENSG00000162999","DUSP19"
"898","2","ENSG00000159885","ZNF222"
"899","2","ENSG00000116497","S100PBP"
"900","2","ENSG00000137760","ALKBH8"
"901","2","ENSG00000188522","FAM83G"
"902","2","ENSG00000117036","ETV3"
"903","2","ENSG00000171763","SPATA5L1"
"904","2","ENSG00000170011","MYRIP"
"905","2","ENSG00000164236","ANKRD33B"
"906","2","ENSG00000101577","LPIN2"
"907","2","ENSG00000197128","ZNF772"
"908","2","ENSG00000196812","ZSCAN16"
"909","2","ENSG00000143393","PI4KB"
"910","2","ENSG00000165804","ZNF219"
"911","2","ENSG00000146090","RASGEF1C"
"912","2","ENSG00000219626","FAM228B"
"913","2","ENSG00000008838","MED24"
"914","2","ENSG00000162616","DNAJB4"
"915","2","ENSG00000137414","FAM8A1"
"916","2","ENSG00000165997","ARL5B"
"917","2","ENSG00000094914","AAAS"
"918","2","ENSG00000186866","POFUT2"
"919","2","ENSG00000167384","ZNF180"
"920","2","ENSG00000213551","DNAJC9"
"921","2","ENSG00000104613","INTS10"
"922","2","ENSG00000170242","USP47"
"923","2","ENSG00000113231","PDE8B"
"924","2","ENSG00000159069","FBXW5"
"925","2","ENSG00000143995","MEIS1"
"926","2","ENSG00000118762","PKD2"
"927","2","ENSG00000173208","ABCD2"
"928","2","ENSG00000145723","GIN1"
"929","2","ENSG00000180425","C11orf71"
"930","2","ENSG00000164037","SLC9B1"
"931","2","ENSG00000009780","FAM76A"
"932","2","ENSG00000165996","PTPLA"
"933","2","ENSG00000170145","SIK2"
"934","2","ENSG00000196628","TCF4"
"935","2","ENSG00000080815","PSEN1"
"936","2","ENSG00000198783","ZNF830"
"937","2","ENSG00000196437","ZNF569"
"938","2","ENSG00000179954","SSC5D"
"939","2","ENSG00000197969","VPS13A"
"940","2","ENSG00000205133","TRIQK"
"941","2","ENSG00000187187","ZNF546"
"942","2","ENSG00000267508","ZNF285"
"943","2","ENSG00000196323","ZBTB44"
"944","2","ENSG00000100311","PDGFB"
"945","2","ENSG00000189144","ZNF573"
"946","2","ENSG00000197008","ZNF138"
"947","2","ENSG00000183722","LHFP"
"948","2","ENSG00000145331","TRMT10A"
"949","2","ENSG00000145375","SPATA5"
"950","2","ENSG00000185252","ZNF74"
"951","2","ENSG00000146707","POMZP3"
"952","2","ENSG00000187605","TET3"
"953","2","ENSG00000108557","RAI1"
"954","2","ENSG00000131781","FMO5"
"955","2","ENSG00000171847","FAM90A1"
"956","2","ENSG00000186496","ZNF396"
"957","2","ENSG00000120549","KIAA1217"
"958","2","ENSG00000111215","PRR4"
"959","2","ENSG00000181135","ZNF707"
"960","2","ENSG00000196417","ZNF765"
"961","2","ENSG00000133627","ACTR3B"
"962","2","ENSG00000108654","DDX5"
"963","2","ENSG00000145362","ANK2"
"964","2","ENSG00000105447","GRWD1"
"965","2","ENSG00000167632","TRAPPC9"
"966","2","ENSG00000196782","MAML3"
"967","2","ENSG00000102543","CDADC1"
"968","2","ENSG00000170417","TMEM182"
"969","2","ENSG00000147883","CDKN2B"
"970","2","ENSG00000066084","DIP2B"
"971","2","ENSG00000179361","ARID3B"
"972","2","ENSG00000184557","SOCS3"
"973","2","ENSG00000123064","DDX54"
"974","2","ENSG00000131845","ZNF304"
"975","2","ENSG00000203666","EFCAB2"
"976","2","ENSG00000152760","TCTEX1D1"
"977","2","ENSG00000107864","CPEB3"
"978","2","ENSG00000158290","CUL4B"
"979","2","ENSG00000237651","C2orf74"
"980","2","ENSG00000163867","ZMYM6"
"981","2","ENSG00000174206","C12orf66"
"982","2","ENSG00000255508","MIR3654"
"983","2","ENSG00000136895","GARNL3"
"984","2","ENSG00000141098","GFOD2"
"985","2","ENSG00000186889","TMEM17"
"986","2","ENSG00000028203","VEZT"
"987","2","ENSG00000150637","CD226"
"988","2","ENSG00000106546","AHR"
"989","2","ENSG00000170325","PRDM10"
"990","2","ENSG00000163155","LYSMD1"
"991","2","ENSG00000186020","ZNF529"
"992","2","ENSG00000131263","RLIM"
"993","2","ENSG00000096433","ITPR3"
"994","2","ENSG00000213066","FGFR1OP"
"995","2","ENSG00000204315","FKBPL"
"996","2","ENSG00000080839","RBL1"
"997","2","ENSG00000118257","NRP2"
"998","2","ENSG00000131791","PRKAB2"
"999","2","ENSG00000145476","CYP4V2"
"1000","2","ENSG00000212916","MAP10"
"1001","2","ENSG00000165097","KDM1B"
"1002","2","ENSG00000183309","ZNF623"
"1003","2","ENSG00000241852","C8orf58"
"1004","2","ENSG00000040199","PHLPP2"
"1005","2","ENSG00000157193","LRP8"
"1006","2","ENSG00000070718","AP3M2"
"1007","2","ENSG00000226124","FTCDNL1"
"1008","2","ENSG00000120942","UBIAD1"
"1009","2","ENSG00000105298","CACTIN"
"1010","2","ENSG00000108423","TUBD1"
"1011","2","ENSG00000125962","ARMCX5"
"1012","2","ENSG00000135678","CPM"
"1013","2","ENSG00000173273","TNKS"
"1014","2","ENSG00000157557","ETS2"
"1015","2","ENSG00000137955","RABGGTB"
"1016","2","ENSG00000146587","RBAK"
"1017","2","ENSG00000132640","BTBD3"
"1018","2","ENSG00000173540","GMPPB"
"1019","2","ENSG00000136052","SLC41A2"
"1020","2","ENSG00000173480","ZNF417"
"1021","2","ENSG00000072182","ASIC4"
"1022","2","ENSG00000173852","DPY19L1"
"1023","2","ENSG00000187961","KLHL17"
"1024","2","ENSG00000013392","RWDD2A"
"1025","2","ENSG00000107485","GATA3"
"1026","2","ENSG00000065308","TRAM2"
"1027","2","ENSG00000164961","KIAA0196"
"1028","2","ENSG00000145414","NAF1"
"1029","2","ENSG00000172007","RAB33B"
"1030","2","ENSG00000119673","ACOT2"
"1031","2","ENSG00000196368","NUDT11"
"1032","2","ENSG00000152475","ZNF837"
"1033","2","ENSG00000056097","ZFR"
"1034","2","ENSG00000117010","ZNF684"
"1035","2","ENSG00000137478","FCHSD2"
"1036","2","ENSG00000131196","NFATC1"
"1037","2","ENSG00000079150","FKBP7"
"1038","2","ENSG00000196850","PPTC7"
"1039","2","ENSG00000035115","SH3YL1"
"1040","2","ENSG00000198633","ZNF534"
"1041","2","ENSG00000198208","RPS6KL1"
"1042","2","ENSG00000188997","KCTD21"
"1043","2","ENSG00000134954","ETS1"
"1044","2","ENSG00000140836","ZFHX3"
"1045","2","ENSG00000166387","PPFIBP2"
"1046","2","ENSG00000164068","RNF123"
"1047","2","ENSG00000115365","LANCL1"
"1048","2","ENSG00000177427","MIEF2"
"1049","2","ENSG00000171757","LRRC34"
"1050","2","ENSG00000099338","CATSPERG"
"1051","2","ENSG00000122507","BBS9"
"1052","2","ENSG00000215251","FASTKD5"
"1053","2","ENSG00000148429","USP6NL"
"1054","2","ENSG00000166352","C11orf74"
"1055","2","ENSG00000072274","TFRC"
"1056","2","ENSG00000206562","METTL6"
"1057","2","ENSG00000178202","KDELC2"
"1058","2","ENSG00000101935","AMMECR1"
"1059","2","ENSG00000114857","NKTR"
"1060","2","ENSG00000074582","BCS1L"
"1061","2","ENSG00000178460","MCMDC2"
"1062","2","ENSG00000058262","SEC61A1"
"1063","2","ENSG00000115318","LOXL3"
"1064","2","ENSG00000130270","ATP8B3"
"1065","2","ENSG00000198182","ZNF607"
"1066","2","ENSG00000129467","ADCY4"
"1067","2","ENSG00000179044","EXOC3L1"
"1068","2","ENSG00000146350","TBC1D32"
"1069","2","ENSG00000020633","RUNX3"
"1070","2","ENSG00000139269","INHBE"
"1071","2","ENSG00000215126","CBWD7"
"1072","2","ENSG00000196890","HIST3H2BB"
"1073","2","ENSG00000149503","INCENP"
"1074","2","ENSG00000164532","TBX20"
"1075","2","ENSG00000137218","FRS3"
"1076","2","ENSG00000026036","RTEL1-TNFRSF6B"
"1077","2","ENSG00000082781","ITGB5"
"1078","2","ENSG00000138678","AGPAT9"
"1079","2","ENSG00000168939","SPRY3"
"1080","2","ENSG00000240694","PNMA2"
"1081","2","ENSG00000196263","ZNF471"
"1082","2","ENSG00000204130","RUFY2"
"1083","2","ENSG00000159164","SV2A"
"1084","2","ENSG00000161714","PLCD3"
"1085","2","ENSG00000180855","ZNF443"
"1086","2","ENSG00000176723","ZNF843"
"1087","2","ENSG00000079101","CLUL1"
"1088","2","ENSG00000166548","TK2"
"1089","2","ENSG00000173530","TNFRSF10D"
"1090","2","ENSG00000139719","VPS33A"
"1091","2","ENSG00000113391","FAM172A"
"1092","2","ENSG00000178607","ERN1"
"1093","2","ENSG00000226763","SRRM5"
"1094","2","ENSG00000213316","LTC4S"
"1095","2","ENSG00000198752","CDC42BPB"
"1096","3","ENSG00000125657","TNFSF9"
"1097","3","ENSG00000105516","DBP"
"1098","3","ENSG00000128294","TPST2"
"1099","3","ENSG00000151702","FLI1"
"1100","3","ENSG00000185614","FAM212A"
"1101","3","ENSG00000169220","RGS14"
"1102","3","ENSG00000105186","ANKRD27"
"1103","3","ENSG00000138764","CCNG2"
"1104","3","ENSG00000127955","GNAI1"
"1105","3","ENSG00000104903","LYL1"
"1106","3","ENSG00000140497","SCAMP2"
"1107","3","ENSG00000130513","GDF15"
"1108","3","ENSG00000143157","POGK"
"1109","3","ENSG00000182378","PLCXD1"
"1110","3","ENSG00000188305","C19orf35"
"1111","3","ENSG00000130517","PGPEP1"
"1112","3","ENSG00000172375","C2CD2L"
"1113","3","ENSG00000132819","RBM38"
"1114","3","ENSG00000265972","TXNIP"
"1115","3","ENSG00000148814","LRRC27"
"1116","3","ENSG00000171700","RGS19"
"1117","3","ENSG00000162923","WDR26"
"1118","3","ENSG00000079385","CEACAM1"
"1119","3","ENSG00000135426","TESPA1"
"1120","3","ENSG00000119408","NEK6"
"1121","3","ENSG00000141873","SLC39A3"
"1122","3","ENSG00000174307","PHLDA3"
"1123","3","ENSG00000180185","FAHD1"
"1124","3","ENSG00000072786","STK10"
"1125","3","ENSG00000135090","TAOK3"
"1126","3","ENSG00000213445","SIPA1"
"1127","3","ENSG00000113532","ST8SIA4"
"1128","3","ENSG00000100784","RPS6KA5"
"1129","3","ENSG00000196290","NIF3L1"
"1130","3","ENSG00000180448","HMHA1"
"1131","3","ENSG00000162852","CNST"
"1132","3","ENSG00000146094","DOK3"
"1133","3","ENSG00000123405","NFE2"
"1134","3","ENSG00000135363","LMO2"
"1135","3","ENSG00000074660","SCARF1"
"1136","3","ENSG00000166507","NDST2"
"1137","3","ENSG00000204977","TRIM13"
"1138","3","ENSG00000185864","NPIPB4"
"1139","3","ENSG00000115317","HTRA2"
"1140","3","ENSG00000103653","CSK"
"1141","3","ENSG00000167565","SERTAD3"
"1142","3","ENSG00000177191","B3GNT8"
"1143","3","ENSG00000137198","GMPR"
"1144","3","ENSG00000177000","MTHFR"
"1145","3","ENSG00000204687","MAS1L"
"1146","3","ENSG00000136044","APPL2"
"1147","3","ENSG00000137819","PAQR5"
"1148","3","ENSG00000162981","FAM84A"
"1149","3","ENSG00000185924","RTN4RL1"
"1150","3","ENSG00000185344","ATP6V0A2"
"1151","3","ENSG00000105851","PIK3CG"
"1152","3","ENSG00000163376","KBTBD8"
"1153","3","ENSG00000163606","CD200R1"
"1154","3","ENSG00000050628","PTGER3"
"1155","3","ENSG00000121104","FAM117A"
"1156","3","ENSG00000101189","MRGBP"
"1157","3","ENSG00000111679","PTPN6"
"1158","3","ENSG00000160326","SLC2A6"
"1159","3","ENSG00000149658","YTHDF1"
"1160","3","ENSG00000158092","NCK1"
"1161","3","ENSG00000135124","P2RX4"
"1162","3","ENSG00000204237","OXLD1"
"1163","3","ENSG00000137834","SMAD6"
"1164","3","ENSG00000104833","TUBB4A"
"1165","3","ENSG00000153029","MR1"
"1166","3","ENSG00000138867","GUCD1"
"1167","3","ENSG00000110768","GTF2H1"
"1168","3","ENSG00000163154","TNFAIP8L2"
"1169","3","ENSG00000103510","KAT8"
"1170","3","ENSG00000105327","BBC3"
"1171","3","ENSG00000113328","CCNG1"
"1172","3","ENSG00000087157","PGS1"
"1173","3","ENSG00000099337","KCNK6"
"1174","3","ENSG00000150593","PDCD4"
"1175","3","ENSG00000160049","DFFA"
"1176","3","ENSG00000186105","LRRC70"
"1177","3","ENSG00000110911","SLC11A2"
"1178","3","ENSG00000165406","MARCH8"
"1179","3","ENSG00000125871","MGME1"
"1180","3","ENSG00000125149","C16orf70"
"1181","3","ENSG00000105619","TFPT"
"1182","3","ENSG00000177683","THAP5"
"1183","3","ENSG00000186187","ZNRF1"
"1184","3","ENSG00000160781","PAQR6"
"1185","3","ENSG00000063176","SPHK2"
"1186","3","ENSG00000041353","RAB27B"
"1187","3","ENSG00000125726","CD70"
"1188","3","ENSG00000087088","BAX"
"1189","3","ENSG00000175938","ORAI3"
"1190","3","ENSG00000158717","RNF166"
"1191","3","ENSG00000163794","UCN"
"1192","3","ENSG00000256235","SMIM3"
"1193","3","ENSG00000136280","CCM2"
"1194","3","ENSG00000170092","SPDYE5"
"1195","3","ENSG00000180884","ZNF792"
"1196","3","ENSG00000263961","C1orf186"
"1197","3","ENSG00000205309","NT5M"
"1198","3","ENSG00000117676","RPS6KA1"
"1199","3","ENSG00000143515","ATP8B2"
"1200","3","ENSG00000048740","CELF2"
"1201","3","ENSG00000157873","TNFRSF14"
"1202","3","ENSG00000204209","DAXX"
"1203","3","ENSG00000139436","GIT2"
"1204","3","ENSG00000164086","DUSP7"
"1205","3","ENSG00000111110","PPM1H"
"1206","3","ENSG00000276231","PIK3R6"
"1207","3","ENSG00000155099","TMEM55A"
"1208","3","ENSG00000172830","SSH3"
"1209","3","ENSG00000172667","ZMAT3"
"1210","3","ENSG00000139668","WDFY2"
"1211","3","ENSG00000126821","SGPP1"
"1212","3","ENSG00000129353","SLC44A2"
"1213","3","ENSG00000176490","DIRAS1"
"1214","3","ENSG00000215041","NEURL4"
"1215","3","ENSG00000184584","TMEM173"
"1216","3","ENSG00000115107","STEAP3"
"1217","3","ENSG00000165152","TMEM246"
"1218","3","ENSG00000182511","FES"
"1219","3","ENSG00000137841","PLCB2"
"1220","3","ENSG00000177674","AGTRAP"
"1221","3","ENSG00000112294","ALDH5A1"
"1222","3","ENSG00000272031","ANKRD34A"
"1223","3","ENSG00000163932","PRKCD"
"1224","3","ENSG00000167106","FAM102A"
"1225","3","ENSG00000198829","SUCNR1"
"1226","3","ENSG00000198771","RCSD1"
"1227","3","ENSG00000155189","AGPAT5"
"1228","3","ENSG00000135297","MTO1"
"1229","3","ENSG00000044574","HSPA5"
"1230","3","ENSG00000162222","TTC9C"
"1231","3","ENSG00000185630","PBX1"
"1232","3","ENSG00000131650","KREMEN2"
"1233","3","ENSG00000132359","RAP1GAP2"
"1234","3","ENSG00000124191","TOX2"
"1235","3","ENSG00000197183","NOL4L"
"1236","3","ENSG00000108528","SLC25A11"
"1237","3","ENSG00000012124","CD22"
"1238","3","ENSG00000145014","TMEM44"
"1239","3","ENSG00000117640","MTFR1L"
"1240","3","ENSG00000166840","GLYATL1"
"1241","3","ENSG00000172725","CORO1B"
"1242","3","ENSG00000134369","NAV1"
"1243","3","ENSG00000160813","PPP1R35"
"1244","3","ENSG00000168661","ZNF30"
"1245","3","ENSG00000068831","RASGRP2"
"1246","3","ENSG00000131023","LATS1"
"1247","3","ENSG00000146112","PPP1R18"
"1248","3","ENSG00000196152","ZNF79"
"1249","3","ENSG00000182858","ALG12"
"1250","3","ENSG00000136830","FAM129B"
"1251","3","ENSG00000007312","CD79B"
"1252","3","ENSG00000178927","C17orf62"
"1253","3","ENSG00000080503","SMARCA2"
"1254","3","ENSG00000066294","CD84"
"1255","3","ENSG00000132792","CTNNBL1"
"1256","3","ENSG00000090238","YPEL3"
"1257","3","ENSG00000173327","MAP3K11"
"1258","3","ENSG00000100360","IFT27"
"1259","3","ENSG00000188778","ADRB3"
"1260","3","ENSG00000196544","C17orf59"
"1261","3","ENSG00000204116","CHIC1"
"1262","3","ENSG00000140471","LINS"
"1263","3","ENSG00000184277","TM2D3"
"1264","3","ENSG00000146416","AIG1"
"1265","3","ENSG00000136631","VPS45"
"1266","3","ENSG00000144579","CTDSP1"
"1267","3","ENSG00000166448","TMEM130"
"1268","3","ENSG00000227500","SCAMP4"
"1269","3","ENSG00000054282","SDCCAG8"
"1270","3","ENSG00000007402","CACNA2D2"
"1271","3","ENSG00000052841","TTC17"
"1272","3","ENSG00000134744","ZCCHC11"
"1273","3","ENSG00000105122","RASAL3"
"1274","3","ENSG00000113593","PPWD1"
"1275","3","ENSG00000105993","DNAJB6"
"1276","3","ENSG00000053918","KCNQ1"
"1277","3","ENSG00000077454","LRCH4"
"1278","3","ENSG00000136160","EDNRB"
"1279","3","ENSG00000066654","THUMPD1"
"1280","3","ENSG00000204217","BMPR2"
"1281","3","ENSG00000141968","VAV1"
"1282","3","ENSG00000260325","HSPB9"
"1283","3","ENSG00000243477","NAT6"
"1284","3","ENSG00000092929","UNC13D"
"1285","3","ENSG00000121775","TMEM39B"
"1286","3","ENSG00000198846","TOX"
"1287","3","ENSG00000053770","AP5M1"
"1288","3","ENSG00000076944","STXBP2"
"1289","3","ENSG00000133619","KRBA1"
"1290","3","ENSG00000170734","POLH"
"1291","3","ENSG00000143507","DUSP10"
"1292","3","ENSG00000149781","FERMT3"
"1293","3","ENSG00000125753","VASP"
"1294","3","ENSG00000249915","PDCD6"
"1295","3","ENSG00000116176","TPSG1"
"1296","3","ENSG00000142347","MYO1F"
"1297","3","ENSG00000021355","SERPINB1"
"1298","3","ENSG00000067113","PPAP2A"
"1299","3","ENSG00000129675","ARHGEF6"
"1300","3","ENSG00000107738","C10orf54"
"1301","3","ENSG00000101000","PROCR"
"1302","3","ENSG00000104814","MAP4K1"
"1303","3","ENSG00000100234","TIMP3"
"1304","3","ENSG00000100219","XBP1"
"1305","3","ENSG00000100031","GGT1"
"1306","3","ENSG00000171310","CHST11"
"1307","3","ENSG00000100351","GRAP2"
"1308","3","ENSG00000198624","CCDC69"
"1309","3","ENSG00000041802","LSG1"
"1310","3","ENSG00000092051","JPH4"
"1311","3","ENSG00000205744","DENND1C"
"1312","3","ENSG00000161513","FDXR"
"1313","3","ENSG00000103490","PYCARD"
"1314","3","ENSG00000147130","ZMYM3"
"1315","3","ENSG00000172794","RAB37"
"1316","3","ENSG00000244405","ETV5"
"1317","3","ENSG00000213903","LTB4R"
"1318","3","ENSG00000171552","BCL2L1"
"1319","3","ENSG00000102879","CORO1A"
"1320","3","ENSG00000106554","CHCHD3"
"1321","3","ENSG00000085117","CD82"
"1322","3","ENSG00000104660","LEPROTL1"
"1323","3","ENSG00000139641","ESYT1"
"1324","3","ENSG00000172578","KLHL6"
"1325","3","ENSG00000188130","MAPK12"
"1326","3","ENSG00000160908","ZNF394"
"1327","3","ENSG00000092531","SNAP23"
"1328","3","ENSG00000103381","CPPED1"
"1329","3","ENSG00000102145","GATA1"
"1330","3","ENSG00000100368","CSF2RB"
"1331","3","ENSG00000010671","BTK"
"1332","3","ENSG00000196576","PLXNB2"
"1333","3","ENSG00000167645","YIF1B"
"1334","3","ENSG00000114395","CYB561D2"
"1335","3","ENSG00000114631","PODXL2"
"1336","3","ENSG00000135778","NTPCR"
"1337","3","ENSG00000158793","NIT1"
"1338","3","ENSG00000108639","SYNGR2"
"1339","3","ENSG00000167895","TMC8"
"1340","3","ENSG00000127074","RGS13"
"1341","3","ENSG00000173269","MMRN2"
"1342","3","ENSG00000086288","NME8"
"1343","3","ENSG00000085832","EPS15"
"1344","3","ENSG00000087263","OGFOD1"
"1345","3","ENSG00000179918","SEPHS2"
"1346","3","ENSG00000104231","ZFAND1"
"1347","3","ENSG00000143390","RFX5"
"1348","3","ENSG00000109062","SLC9A3R1"
"1349","3","ENSG00000136279","DBNL"
"1350","3","ENSG00000114166","KAT2B"
"1351","3","ENSG00000173020","ADRBK1"
"1352","3","ENSG00000142694","EVA1B"
"1353","3","ENSG00000239697","TNFSF12"
"1354","3","ENSG00000114388","NPRL2"
"1355","3","ENSG00000103485","QPRT"
"1356","3","ENSG00000169764","UGP2"
"1357","3","ENSG00000087253","LPCAT2"
"1358","3","ENSG00000089006","SNX5"
"1359","3","ENSG00000166575","TMEM135"
"1360","3","ENSG00000143486","EIF2D"
"1361","3","ENSG00000072756","TRNT1"
"1362","3","ENSG00000104894","CD37"
"1363","3","ENSG00000146376","ARHGAP18"
"1364","3","ENSG00000116350","SRSF4"
"1365","3","ENSG00000165359","DDX26B"
"1366","3","ENSG00000105492","SIGLEC6"
"1367","3","ENSG00000198730","CTR9"
"1368","3","ENSG00000172932","ANKRD13D"
"1369","3","ENSG00000127084","FGD3"
"1370","3","ENSG00000175857","GAPT"
"1371","3","ENSG00000035720","STAP1"
"1372","3","ENSG00000152465","NMT2"
"1373","3","ENSG00000206052","DOK6"
"1374","3","ENSG00000156976","EIF4A2"
"1375","3","ENSG00000110063","DCPS"
"1376","3","ENSG00000140939","NOL3"
"1377","3","ENSG00000099875","MKNK2"
"1378","3","ENSG00000184574","LPAR5"
"1379","3","ENSG00000089289","IGBP1"
"1380","3","ENSG00000091039","OSBPL8"
"1381","3","ENSG00000120690","ELF1"
"1382","3","ENSG00000145241","CENPC"
"1383","3","ENSG00000108840","HDAC5"
"1384","3","ENSG00000016864","GLT8D1"
"1385","3","ENSG00000163702","IL17RC"
"1386","3","ENSG00000197165","SULT1A2"
"1387","3","ENSG00000122779","TRIM24"
"1388","3","ENSG00000168918","INPP5D"
"1389","3","ENSG00000094841","UPRT"
"1390","3","ENSG00000104368","PLAT"
"1391","3","ENSG00000128340","RAC2"
"1392","3","ENSG00000172269","DPAGT1"
"1393","3","ENSG00000064763","FAR2"
"1394","3","ENSG00000172775","FAM192A"
"1395","3","ENSG00000273045","C2orf15"
"1396","3","ENSG00000122707","RECK"
"1397","3","ENSG00000100365","NCF4"
"1398","3","ENSG00000136270","TBRG4"
"1399","3","ENSG00000214078","CPNE1"
"1400","3","ENSG00000168569","TMEM223"
"1401","3","ENSG00000213015","ZNF580"
"1402","3","ENSG00000156599","ZDHHC5"
"1403","3","ENSG00000159788","RGS12"
"1404","3","ENSG00000102710","SUPT20H"
"1405","3","ENSG00000181472","ZBTB2"
"1406","3","ENSG00000112249","ASCC3"
"1407","3","ENSG00000086232","EIF2AK1"
"1408","3","ENSG00000093010","COMT"
"1409","3","ENSG00000134758","RNF138"
"1410","3","ENSG00000205089","CCNI2"
"1411","3","ENSG00000187601","MAGEH1"
"1412","3","ENSG00000023892","DEF6"
"1413","3","ENSG00000002822","MAD1L1"
"1414","3","ENSG00000101342","TLDC2"
"1415","3","ENSG00000152464","RPP38"
"1416","3","ENSG00000136783","NIPSNAP3A"
"1417","3","ENSG00000155307","SAMSN1"
"1418","3","ENSG00000119865","CNRIP1"
"1419","3","ENSG00000129197","RPAIN"
"1420","3","ENSG00000122778","KIAA1549"
"1421","3","ENSG00000144659","SLC25A38"
"1422","3","ENSG00000075884","ARHGAP15"
"1423","3","ENSG00000197943","PLCG2"
"1424","3","ENSG00000126254","RBM42"
"1425","3","ENSG00000133639","BTG1"
"1426","3","ENSG00000104964","AES"
"1427","3","ENSG00000072818","ACAP1"
"1428","3","ENSG00000139613","SMARCC2"
"1429","3","ENSG00000133246","PRAM1"
"1430","3","ENSG00000197043","ANXA6"
"1431","3","ENSG00000114098","ARMC8"
"1432","3","ENSG00000254415","SIGLEC14"
"1433","3","ENSG00000076928","ARHGEF1"
"1434","3","ENSG00000213380","COG8"
"1435","3","ENSG00000158486","DNAH3"
"1436","3","ENSG00000198816","ZNF358"
"1437","3","ENSG00000145287","PLAC8"
"1438","3","ENSG00000164402","SEPT8"
"1439","3","ENSG00000171596","NMUR1"
"1440","3","ENSG00000112079","STK38"
"1441","3","ENSG00000187735","TCEA1"
"1442","3","ENSG00000114978","MOB1A"
"1443","3","ENSG00000111728","ST8SIA1"
"1444","3","ENSG00000130227","XPO7"
"1445","3","ENSG00000171860","C3AR1"
"1446","3","ENSG00000144118","RALB"
"1447","3","ENSG00000026950","BTN3A1"
"1448","3","ENSG00000172236","TPSAB1"
"1449","3","ENSG00000051108","HERPUD1"
"1450","3","ENSG00000197253","TPSB2"
"1451","3","ENSG00000095917","TPSD1"
"1452","3","ENSG00000090054","SPTLC1"
"1453","3","ENSG00000185432","METTL7A"
"1454","3","ENSG00000186470","BTN3A2"
"1455","3","ENSG00000115307","AUP1"
"1456","3","ENSG00000104133","SPG11"
"1457","3","ENSG00000133773","CCDC59"
"1458","3","ENSG00000117614","SYF2"
"1459","3","ENSG00000136247","ZDHHC4"
"1460","3","ENSG00000164054","SHISA5"
"1461","3","ENSG00000171659","GPR34"
"1462","3","ENSG00000175110","MRPS22"
"1463","3","ENSG00000092199","HNRNPC"
"1464","3","ENSG00000068697","LAPTM4A"
"1465","3","ENSG00000276180","HIST1H4I"
"1466","3","ENSG00000158373","HIST1H2BD"
"1467","3","ENSG00000106460","TMEM106B"
"1468","3","ENSG00000133606","MKRN1"
"1469","3","ENSG00000164039","BDH2"
"1470","3","ENSG00000115155","OTOF"
"1471","3","ENSG00000145734","BDP1"
"1472","3","ENSG00000096060","FKBP5"
"1473","3","ENSG00000111801","BTN3A3"
"1474","3","ENSG00000185862","EVI2B"
"1475","3","ENSG00000188725","SMIM15"
"1476","3","ENSG00000162851","TFB2M"
"1477","3","ENSG00000110011","DNAJC4"
"1478","3","ENSG00000116209","TMEM59"
"1479","3","ENSG00000014919","COX15"
"1480","3","ENSG00000134901","KDELC1"
"1481","3","ENSG00000069345","DNAJA2"
"1482","3","ENSG00000179627","ZBTB42"
"1483","3","ENSG00000174306","ZHX3"
"1484","3","ENSG00000145191","EIF2B5"
"1485","3","ENSG00000054267","ARID4B"
"1486","3","ENSG00000143450","OAZ3"
"1487","3","ENSG00000182326","C1S"
"1488","3","ENSG00000123329","ARHGAP9"
"1489","3","ENSG00000134215","VAV3"
"1490","3","ENSG00000112511","PHF1"
"1491","3","ENSG00000099785","MARCH2"
"1492","3","ENSG00000276293","PIP4K2B"
"1493","3","ENSG00000154767","XPC"
"1494","3","ENSG00000082397","EPB41L3"
"1495","3","ENSG00000143799","PARP1"
"1496","3","ENSG00000126822","PLEKHG3"
"1497","3","ENSG00000263001","GTF2I"
"1498","3","ENSG00000115325","DOK1"
"1499","3","ENSG00000162783","IER5"
"1500","3","ENSG00000111670","GNPTAB"
"1501","3","ENSG00000139163","ETNK1"
"1502","3","ENSG00000089505","CMTM1"
"1503","3","ENSG00000082074","FYB"
"1504","3","ENSG00000100201","DDX17"
"1505","3","ENSG00000131080","EDA2R"
"1506","3","ENSG00000130816","DNMT1"
"1507","3","ENSG00000167196","FBXO22"
"1508","3","ENSG00000124383","MPHOSPH10"
"1509","3","ENSG00000250510","GPR162"
"1510","3","ENSG00000169554","ZEB2"
"1511","3","ENSG00000241360","PDXP"
"1512","3","ENSG00000068028","RASSF1"
"1513","3","ENSG00000162521","RBBP4"
"1514","3","ENSG00000112139","MDGA1"
"1515","3","ENSG00000160796","NBEAL2"
"1516","3","ENSG00000126456","IRF3"
"1517","3","ENSG00000130653","PNPLA7"
"1518","3","ENSG00000043591","ADRB1"
"1519","3","ENSG00000168890","TMEM150A"
"1520","3","ENSG00000159842","ABR"
"1521","3","ENSG00000038219","BOD1L1"
"1522","3","ENSG00000173575","CHD2"
"1523","3","ENSG00000107874","CUEDC2"
"1524","3","ENSG00000123338","NCKAP1L"
"1525","3","ENSG00000108389","MTMR4"
"1526","3","ENSG00000064115","TM7SF3"
"1527","3","ENSG00000110048","OSBP"
"1528","3","ENSG00000168264","IRF2BP2"
"1529","3","ENSG00000197959","DNM3"
"1530","3","ENSG00000138395","CDK15"
"1531","3","ENSG00000129993","CBFA2T3"
"1532","3","ENSG00000105483","CARD8"
"1533","3","ENSG00000080546","SESN1"
"1534","3","ENSG00000244694","PTCHD4"
"1535","3","ENSG00000118473","SGIP1"
"1536","3","ENSG00000154930","ACSS1"
"1537","3","ENSG00000196547","MAN2A2"
"1538","3","ENSG00000100410","PHF5A"
"1539","3","ENSG00000144567","FAM134A"
"1540","3","ENSG00000103479","RBL2"
"1541","3","ENSG00000100439","ABHD4"
"1542","3","ENSG00000174500","GCSAM"
"1543","3","ENSG00000064490","RFXANK"
"1544","3","ENSG00000157014","TATDN2"
"1545","3","ENSG00000150347","ARID5B"
"1546","3","ENSG00000156052","GNAQ"
"1547","3","ENSG00000099992","TBC1D10A"
"1548","3","ENSG00000100191","SLC5A4"
"1549","3","ENSG00000131374","TBC1D5"
"1550","3","ENSG00000111752","PHC1"
"1551","3","ENSG00000124181","PLCG1"
"1552","3","ENSG00000263761","GDF2"
"1553","3","ENSG00000178761","FAM219B"
"1554","3","ENSG00000175544","CABP4"
"1555","3","ENSG00000253598","SLC10A5"
"1556","3","ENSG00000126062","TMEM115"
"1557","3","ENSG00000186074","CD300LF"
"1558","3","ENSG00000100596","SPTLC2"
"1559","3","ENSG00000152518","ZFP36L2"
"1560","3","ENSG00000185149","NPY2R"
"1561","3","ENSG00000253719","ATXN7L3B"
"1562","3","ENSG00000213983","AP1G2"
"1563","3","ENSG00000205078","SYCE1L"
"1564","3","ENSG00000102409","BEX4"
"1565","3","ENSG00000168591","TMUB2"
"1566","3","ENSG00000154263","ABCA10"
"1567","3","ENSG00000107796","ACTA2"
"1568","3","ENSG00000168876","ANKRD49"
"1569","3","ENSG00000143811","PYCR2"
"1570","3","ENSG00000105711","SCN1B"
"1571","3","ENSG00000151067","CACNA1C"
"1572","3","ENSG00000100650","SRSF5"
"1573","3","ENSG00000172845","SP3"
"1574","3","ENSG00000130921","C12orf65"
"1575","3","ENSG00000166682","TMPRSS5"
"1576","3","ENSG00000125734","GPR108"
"1577","3","ENSG00000175137","SH3BP5L"
"1578","3","ENSG00000244617","ASPRV1"
"1579","3","ENSG00000108468","CBX1"
"1580","3","ENSG00000144410","CPO"
"1581","3","ENSG00000101152","DNAJC5"
"1582","3","ENSG00000055917","PUM2"
"1583","3","ENSG00000183828","NUDT14"
"1584","3","ENSG00000169241","SLC50A1"
"1585","3","ENSG00000247746","USP51"
"1586","3","ENSG00000172519","OR10H5"
"1587","3","ENSG00000173809","TDRD12"
"1588","3","ENSG00000197479","PCDHB11"
"1589","3","ENSG00000168010","ATG16L2"
"1590","3","ENSG00000105397","TYK2"
"1591","3","ENSG00000136872","ALDOB"
"1592","3","ENSG00000204822","MRPL53"
"1593","3","ENSG00000134900","TPP2"
"1594","3","ENSG00000122678","POLM"
"1595","3","ENSG00000183850","ZNF730"
"1596","3","ENSG00000113971","NPHP3"
"1597","3","ENSG00000169612","FAM103A1"
"1598","3","ENSG00000089558","KCNH4"
"1599","3","ENSG00000124615","MOCS1"
"1600","4","ENSG00000135821","GLUL"
"1601","4","ENSG00000147872","PLIN2"
"1602","4","ENSG00000034152","MAP2K3"
"1603","4","ENSG00000196352","CD55"
"1604","4","ENSG00000069849","ATP1B3"
"1605","4","ENSG00000137509","PRCP"
"1606","4","ENSG00000204099","NEU4"
"1607","4","ENSG00000023445","BIRC3"
"1608","4","ENSG00000182481","KPNA2"
"1609","4","ENSG00000145703","IQGAP2"
"1610","4","ENSG00000101558","VAPA"
"1611","4","ENSG00000120875","DUSP4"
"1612","4","ENSG00000095794","CREM"
"1613","4","ENSG00000248333","CDK11B"
"1614","4","ENSG00000122862","SRGN"
"1615","4","ENSG00000092820","EZR"
"1616","4","ENSG00000054983","GALC"
"1617","4","ENSG00000115758","ODC1"
"1618","4","ENSG00000135047","CTSL"
"1619","4","ENSG00000102317","RBM3"
"1620","4","ENSG00000151327","FAM177A1"
"1621","4","ENSG00000169895","SYAP1"
"1622","4","ENSG00000107537","PHYH"
"1623","4","ENSG00000132824","SERINC3"
"1624","4","ENSG00000005486","RHBDD2"
"1625","4","ENSG00000183696","UPP1"
"1626","4","ENSG00000166598","HSP90B1"
"1627","4","ENSG00000075415","SLC25A3"
"1628","4","ENSG00000169599","NFU1"
"1629","4","ENSG00000182944","EWSR1"
"1630","4","ENSG00000188290","HES4"
"1631","4","ENSG00000172115","CYCS"
"1632","4","ENSG00000026751","SLAMF7"
"1633","4","ENSG00000132475","H3F3B"
"1634","4","ENSG00000141543","EIF4A3"
"1635","4","ENSG00000176136","MC5R"
"1636","4","ENSG00000109689","STIM2"
"1637","4","ENSG00000164687","FABP5"
"1638","4","ENSG00000023734","STRAP"
"1639","4","ENSG00000156675","RAB11FIP1"
"1640","4","ENSG00000156381","ANKRD9"
"1641","4","ENSG00000166974","MAPRE2"
"1642","4","ENSG00000117868","ESYT2"
"1643","4","ENSG00000198668","CALM1"
"1644","4","ENSG00000116560","SFPQ"
"1645","4","ENSG00000110047","EHD1"
"1646","4","ENSG00000166920","C15orf48"
"1647","4","ENSG00000099377","HSD3B7"
"1648","4","ENSG00000148834","GSTO1"
"1649","4","ENSG00000100453","GZMB"
"1650","4","ENSG00000171867","PRNP"
"1651","4","ENSG00000100138","NHP2L1"
"1652","4","ENSG00000077150","NFKB2"
"1653","4","ENSG00000102393","GLA"
"1654","4","ENSG00000104765","BNIP3L"
"1655","4","ENSG00000110031","LPXN"
"1656","4","ENSG00000012660","ELOVL5"
"1657","4","ENSG00000140941","MAP1LC3B"
"1658","4","ENSG00000082153","BZW1"
"1659","4","ENSG00000103496","STX4"
"1660","4","ENSG00000198400","NTRK1"
"1661","4","ENSG00000104951","IL4I1"
"1662","4","ENSG00000173812","EIF1"
"1663","4","ENSG00000116761","CTH"
"1664","4","ENSG00000107554","DNMBP"
"1665","4","ENSG00000049249","TNFRSF9"
"1666","4","ENSG00000160789","LMNA"
"1667","4","ENSG00000153113","CAST"
"1668","4","ENSG00000167460","TPM4"
"1669","4","ENSG00000124225","PMEPA1"
"1670","4","ENSG00000173905","GOLIM4"
"1671","4","ENSG00000120314","WDR55"
"1672","4","ENSG00000036672","USP2"
"1673","4","ENSG00000177189","RPS6KA3"
"1674","4","ENSG00000152413","HOMER1"
"1675","4","ENSG00000168610","STAT3"
"1676","4","ENSG00000111640","GAPDH"
"1677","4","ENSG00000177426","TGIF1"
"1678","4","ENSG00000135346","CGA"
"1679","4","ENSG00000161091","MFSD12"
"1680","4","ENSG00000115461","IGFBP5"
"1681","4","ENSG00000172831","CES2"
"1682","4","ENSG00000102265","TIMP1"
"1683","4","ENSG00000213585","VDAC1"
"1684","4","ENSG00000065989","PDE4A"
"1685","4","ENSG00000128564","VGF"
"1686","4","ENSG00000109321","AREG"
"1687","4","ENSG00000023909","GCLM"
"1688","4","ENSG00000127314","RAP1B"
"1689","4","ENSG00000073756","PTGS2"
"1690","4","ENSG00000138650","PCDH10"
"1691","4","ENSG00000141433","ADCYAP1"
"1692","4","ENSG00000026025","VIM"
"1693","4","ENSG00000164924","YWHAZ"
"1694","4","ENSG00000130066","SAT1"
"1695","4","ENSG00000102119","EMD"
"1696","4","ENSG00000147162","OGT"
"1697","4","ENSG00000133872","SARAF"
"1698","4","ENSG00000164746","C7orf57"
"1699","4","ENSG00000196924","FLNA"
"1700","4","ENSG00000104998","IL27RA"
"1701","4","ENSG00000183943","PRKX"
"1702","4","ENSG00000061656","SPAG4"
"1703","4","ENSG00000196396","PTPN1"
"1704","4","ENSG00000185056","C5orf47"
"1705","4","ENSG00000115762","PLEKHB2"
"1706","4","ENSG00000092421","SEMA6A"
"1707","4","ENSG00000114125","RNF7"
"1708","4","ENSG00000074800","ENO1"
"1709","4","ENSG00000090621","PABPC4"
"1710","4","ENSG00000160584","SIK3"
"1711","4","ENSG00000107819","SFXN3"
"1712","4","ENSG00000136932","C9orf156"
"1713","4","ENSG00000081181","ARG2"
"1714","4","ENSG00000071575","TRIB2"
"1715","4","ENSG00000153989","NUS1"
"1716","4","ENSG00000177963","RIC8A"
"1717","4","ENSG00000134242","PTPN22"
"1718","4","ENSG00000073921","PICALM"
"1719","4","ENSG00000122958","VPS26A"
"1720","4","ENSG00000100504","PYGL"
"1721","4","ENSG00000113430","IRX4"
"1722","4","ENSG00000102144","PGK1"
"1723","4","ENSG00000104856","RELB"
"1724","4","ENSG00000110148","CCKBR"
"1725","4","ENSG00000006327","TNFRSF12A"
"1726","4","ENSG00000173559","NABP1"
"1727","4","ENSG00000102743","SLC25A15"
"1728","4","ENSG00000011105","TSPAN9"
"1729","4","ENSG00000140526","ABHD2"
"1730","4","ENSG00000147010","SH3KBP1"
"1731","4","ENSG00000275700","AATF"
"1732","4","ENSG00000100418","DESI1"
"1733","4","ENSG00000175782","SLC35E3"
"1734","4","ENSG00000028137","TNFRSF1B"
"1735","4","ENSG00000137267","TUBB2A"
"1736","4","ENSG00000095637","SORBS1"
"1737","4","ENSG00000183688","FAM101B"
"1738","4","ENSG00000143595","AQP10"
"1739","4","ENSG00000111344","RASAL1"
"1740","4","ENSG00000182718","ANXA2"
"1741","4","ENSG00000119280","C1orf198"
"1742","4","ENSG00000134333","LDHA"
"1743","4","ENSG00000105193","RPS16"
"1744","4","ENSG00000116793","PHTF1"
"1745","4","ENSG00000183853","KIRREL"
"1746","4","ENSG00000198408","MGEA5"
"1747","4","ENSG00000242372","EIF6"
"1748","4","ENSG00000145675","PIK3R1"
"1749","4","ENSG00000188042","ARL4C"
"1750","4","ENSG00000127948","POR"
"1751","4","ENSG00000181773","GPR3"
"1752","4","ENSG00000070214","SLC44A1"
"1753","4","ENSG00000138378","STAT4"
"1754","4","ENSG00000175352","NRIP3"
"1755","4","ENSG00000197930","ERO1L"
"1756","4","ENSG00000057019","DCBLD2"
"1757","4","ENSG00000113013","HSPA9"
"1758","4","ENSG00000107130","NCS1"
"1759","4","ENSG00000103018","CYB5B"
"1760","4","ENSG00000154096","THY1"
"1761","4","ENSG00000125740","FOSB"
"1762","4","ENSG00000009954","BAZ1B"
"1763","4","ENSG00000145506","NKD2"
"1764","4","ENSG00000145817","YIPF5"
"1765","4","ENSG00000105717","PBX4"
"1766","4","ENSG00000116667","C1orf21"
"1767","4","ENSG00000198805","PNP"
"1768","4","ENSG00000133134","BEX2"
"1769","4","ENSG00000143924","EML4"
"1770","4","ENSG00000111711","GOLT1B"
"1771","4","ENSG00000124787","RPP40"
"1772","4","ENSG00000095209","TMEM38B"
"1773","4","ENSG00000134824","FADS2"
"1774","4","ENSG00000170379","FAM115C"
"1775","4","ENSG00000143774","GUK1"
"1776","4","ENSG00000147416","ATP6V1B2"
"1777","4","ENSG00000139200","PIANP"
"1778","4","ENSG00000067082","KLF6"
"1779","4","ENSG00000167996","FTH1"
"1780","4","ENSG00000170248","PDCD6IP"
"1781","4","ENSG00000175182","FAM131A"
"1782","4","ENSG00000085415","SEH1L"
"1783","4","ENSG00000044115","CTNNA1"
"1784","4","ENSG00000072042","RDH11"
"1785","4","ENSG00000099625","C19orf26"
"1786","4","ENSG00000169306","IL1RAPL1"
"1787","4","ENSG00000249992","TMEM158"
"1788","4","ENSG00000149925","ALDOA"
"1789","4","ENSG00000162909","CAPN2"
"1790","4","ENSG00000162407","PPAP2B"
"1791","4","ENSG00000077782","FGFR1"
"1792","4","ENSG00000198546","ZNF511"
"1793","4","ENSG00000143761","ARF1"
"1794","4","ENSG00000091527","CDV3"
"1795","4","ENSG00000243317","C7orf73"
"1796","4","ENSG00000159840","ZYX"
"1797","4","ENSG00000152700","SAR1B"
"1798","4","ENSG00000139629","GALNT6"
"1799","4","ENSG00000169224","GCSAML"
"1800","4","ENSG00000102760","RGCC"
"1801","4","ENSG00000133636","NTS"
"1802","4","ENSG00000157168","NRG1"
"1803","4","ENSG00000175592","FOSL1"
"1804","4","ENSG00000173068","BNC2"
"1805","4","ENSG00000151690","MFSD6"
"1806","4","ENSG00000170396","ZNF804A"
"1807","4","ENSG00000178573","MAF"
"1808","4","ENSG00000005812","FBXL3"
"1809","4","ENSG00000131979","GCH1"
"1810","4","ENSG00000089280","FUS"
"1811","4","ENSG00000170955","PRKCDBP"
"1812","4","ENSG00000180773","SLC36A4"
"1813","4","ENSG00000101901","ALG13"
"1814","4","ENSG00000140263","SORD"
"1815","4","ENSG00000087245","MMP2"
"1816","4","ENSG00000140678","ITGAX"
"1817","4","ENSG00000115526","CHST10"
"1818","4","ENSG00000167703","SLC43A2"
"1819","4","ENSG00000101460","MAP1LC3A"
"1820","4","ENSG00000104447","TRPS1"
"1821","4","ENSG00000133317","LGALS12"
"1822","4","ENSG00000120802","TMPO"
"1823","4","ENSG00000184216","IRAK1"
"1824","4","ENSG00000115414","FN1"
"1825","4","ENSG00000117560","FASLG"
"1826","4","ENSG00000179388","EGR3"
"1827","4","ENSG00000165802","NSMF"
"1828","4","ENSG00000081791","KIAA0141"
"1829","4","ENSG00000153395","LPCAT1"
"1830","4","ENSG00000164692","COL1A2"
"1831","4","ENSG00000128683","GAD1"
"1832","4","ENSG00000162494","LRRC38"
"1833","4","ENSG00000146535","GNA12"
"1834","4","ENSG00000129749","CHRNA10"
"1835","4","ENSG00000137575","SDCBP"
"1836","4","ENSG00000166224","SGPL1"
"1837","4","ENSG00000161647","MPP3"
"1838","4","ENSG00000082146","STRADB"
"1839","4","ENSG00000177469","PTRF"
"1840","4","ENSG00000117394","SLC2A1"
"1841","4","ENSG00000119599","DCAF4"
"1842","4","ENSG00000171798","KNDC1"
"1843","4","ENSG00000117395","EBNA1BP2"
"1844","4","ENSG00000122547","EEPD1"
"1845","4","ENSG00000143847","PPFIA4"
"1846","4","ENSG00000115963","RND3"
"1847","4","ENSG00000131711","MAP1B"
"1848","4","ENSG00000170500","LONRF2"
"1849","4","ENSG00000026508","CD44"
"1850","4","ENSG00000113916","BCL6"
"1851","4","ENSG00000105401","CDC37"
"1852","4","ENSG00000112182","BACH2"
"1853","4","ENSG00000176014","TUBB6"
"1854","4","ENSG00000086475","SEPHS1"
"1855","4","ENSG00000153071","DAB2"
"1856","4","ENSG00000144381","HSPD1"
"1857","4","ENSG00000145040","UCN2"
"1858","4","ENSG00000141526","SLC16A3"
"1859","4","ENSG00000087074","PPP1R15A"
"1860","4","ENSG00000188176","SMTNL2"
"1861","4","ENSG00000131831","RAI2"
"1862","4","ENSG00000147614","ATP6V0D2"
"1863","4","ENSG00000168056","LTBP3"
"1864","4","ENSG00000103034","NDRG4"
"1865","4","ENSG00000145107","TM4SF19"
"1866","4","ENSG00000137941","TTLL7"
"1867","4","ENSG00000158710","TAGLN2"
"1868","4","ENSG00000155090","KLF10"
"1869","4","ENSG00000136068","FLNB"
"1870","4","ENSG00000133169","BEX1"
"1871","4","ENSG00000109472","CPE"
"1872","4","ENSG00000163975","MFI2"
"1873","4","ENSG00000178718","RPP25"
"1874","4","ENSG00000179820","MYADM"
"1875","4","ENSG00000197415","VEPH1"
"1876","4","ENSG00000064393","HIPK2"
"1877","4","ENSG00000131730","CKMT2"
"1878","4","ENSG00000165169","DYNLT3"
"1879","4","ENSG00000125895","TMEM74B"
"1880","4","ENSG00000168234","TTC39C"
"1881","4","ENSG00000070388","FGF22"
"1882","4","ENSG00000205639","MFSD2B"
"1883","4","ENSG00000163803","PLB1"
"1884","4","ENSG00000215218","UBE2QL1"
"1885","4","ENSG00000131668","BARX1"
"1886","4","ENSG00000141469","SLC14A1"
"1887","4","ENSG00000125538","IL1B"
"1888","4","ENSG00000196937","FAM3C"
"1889","4","ENSG00000010810","FYN"
"1890","4","ENSG00000006128","TAC1"
"1891","4","ENSG00000167186","COQ7"
"1892","4","ENSG00000197694","SPTAN1"
"1893","4","ENSG00000095397","DFNB31"
"1894","4","ENSG00000129946","SHC2"
"1895","4","ENSG00000138472","GUCA1C"
"1896","4","ENSG00000147573","TRIM55"
"1897","4","ENSG00000011465","DCN"
"1898","4","ENSG00000105185","PDCD5"
"1899","4","ENSG00000134590","FAM127A"
"1900","4","ENSG00000213024","NUP62"
"1901","4","ENSG00000057757","PITHD1"
"1902","4","ENSG00000103316","CRYM"
"1903","4","ENSG00000110881","ASIC1"
"1904","4","ENSG00000064961","HMG20B"
"1905","4","ENSG00000277586","NEFL"
"1906","4","ENSG00000114480","GBE1"
"1907","4","ENSG00000164849","GPR146"
"1908","4","ENSG00000120658","ENOX1"
"1909","4","ENSG00000164850","GPER1"
"1910","4","ENSG00000204444","APOM"
"1911","4","ENSG00000103154","NECAB2"
"1912","4","ENSG00000136193","SCRN1"
"1913","4","ENSG00000128578","STRIP2"
"1914","4","ENSG00000157483","MYO1E"
"1915","4","ENSG00000035862","TIMP2"
"1916","4","ENSG00000077585","GPR137B"
"1917","4","ENSG00000198830","HMGN2"
"1918","4","ENSG00000135919","SERPINE2"
"1919","4","ENSG00000091262","ABCC6"
"1920","4","ENSG00000186395","KRT10"
"1921","4","ENSG00000178726","THBD"
"1922","4","ENSG00000185420","SMYD3"
"1923","4","ENSG00000073711","PPP2R3A"
"1924","4","ENSG00000121390","PSPC1"
"1925","4","ENSG00000071246","VASH1"
"1926","4","ENSG00000137831","UACA"
"1927","4","ENSG00000124334","IL9R"
"1928","4","ENSG00000274997","HIST1H2AH"
"1929","4","ENSG00000135472","FAIM2"
"1930","4","ENSG00000165102","HGSNAT"
"1931","4","ENSG00000183397","C19orf71"
"1932","4","ENSG00000138032","PPM1B"
"1933","4","ENSG00000132478","UNK"
"1934","4","ENSG00000139675","HNRNPA1L2"
"1935","4","ENSG00000164627","KIF6"
"1936","4","ENSG00000184924","PTRHD1"
"1937","4","ENSG00000168172","HOOK3"
"1938","4","ENSG00000182512","GLRX5"
"1939","4","ENSG00000123496","IL13RA2"
"1940","4","ENSG00000175697","GPR156"
"1941","4","ENSG00000115652","UXS1"
"1942","4","ENSG00000149599","DUSP15"
"1943","4","ENSG00000184205","TSPYL2"
"1944","4","ENSG00000182809","CRIP2"
"1945","4","ENSG00000274736","CCL23"
"1946","4","ENSG00000067704","IARS2"
"1947","4","ENSG00000156136","DCK"
"1948","4","ENSG00000118816","CCNI"
"1949","4","ENSG00000099901","RANBP1"
"1950","4","ENSG00000113648","H2AFY"
"1951","4","ENSG00000100412","ACO2"
"1952","4","ENSG00000132507","EIF5A"
"1953","4","ENSG00000114573","ATP6V1A"
"1954","4","ENSG00000110917","MLEC"
"1955","4","ENSG00000076003","MCM6"
"1956","4","ENSG00000010404","IDS"
"1957","4","ENSG00000139734","DIAPH3"
"1958","4","ENSG00000092964","DPYSL2"
"1959","4","ENSG00000228716","DHFR"
"1960","4","ENSG00000105220","GPI"
"1961","4","ENSG00000167815","PRDX2"
"1962","4","ENSG00000144959","NCEH1"
"1963","4","ENSG00000138801","PAPSS1"
"1964","4","ENSG00000089159","PXN"
"1965","4","ENSG00000152256","PDK1"
"1966","4","ENSG00000271303","SRXN1"
"1967","4","ENSG00000166963","MAP1A"
"1968","4","ENSG00000162734","PEA15"
"1969","4","ENSG00000091129","NRCAM"
"1970","4","ENSG00000156508","EEF1A1"
"1971","4","ENSG00000047249","ATP6V1H"
"1972","4","ENSG00000110400","PVRL1"
"1973","4","ENSG00000125885","MCM8"
"1974","4","ENSG00000185624","P4HB"
"1975","4","ENSG00000144455","SUMF1"
"1976","4","ENSG00000170801","HTRA3"
"1977","4","ENSG00000131188","PRR7"
"1978","4","ENSG00000171017","LRRC8E"
"1979","4","ENSG00000141576","RNF157"
"1980","4","ENSG00000079156","OSBPL6"
"1981","4","ENSG00000117519","CNN3"
"1982","4","ENSG00000126602","TRAP1"
"1983","4","ENSG00000130787","HIP1R"
"1984","4","ENSG00000156113","KCNMA1"
"1985","4","ENSG00000104774","MAN2B1"
"1986","4","ENSG00000103043","VAC14"
"1987","4","ENSG00000108829","LRRC59"
"1988","4","ENSG00000174939","ASPHD1"
"1989","4","ENSG00000138160","KIF11"
"1990","4","ENSG00000166002","SMCO4"
"1991","4","ENSG00000136379","ABHD17C"
"1992","4","ENSG00000116133","DHCR24"
"1993","4","ENSG00000167658","EEF2"
"1994","4","ENSG00000176658","MYO1D"
"1995","4","ENSG00000168243","GNG4"
"1996","4","ENSG00000228253","MT-ATP8"
"1997","4","ENSG00000182871","COL18A1"
"1998","4","ENSG00000181938","GINS3"
"1999","4","ENSG00000189159","HN1"
"2000","4","ENSG00000064726","BTBD1"
"2001","4","ENSG00000125520","SLC2A4RG"
"2002","4","ENSG00000136867","SLC31A2"
"2003","4","ENSG00000134690","CDCA8"
"2004","4","ENSG00000116990","MYCL"
"2005","4","ENSG00000197217","ENTPD4"
"2006","4","ENSG00000181826","RELL1"
"2007","4","ENSG00000109674","NEIL3"
"2008","4","ENSG00000135525","MAP7"
"2009","4","ENSG00000147324","MFHAS1"
"2010","4","ENSG00000140534","TICRR"
"2011","4","ENSG00000161203","AP2M1"
"2012","4","ENSG00000140527","WDR93"
"2013","4","ENSG00000196549","MME"
"2014","4","ENSG00000162458","FBLIM1"
"2015","4","ENSG00000142634","EFHD2"
"2016","4","ENSG00000132872","SYT4"
"2017","4","ENSG00000188396","TCTEX1D4"
"2018","4","ENSG00000066027","PPP2R5A"
"2019","4","ENSG00000163499","CRYBA2"
"2020","4","ENSG00000137100","DCTN3"
"2021","4","ENSG00000033178","UBA6"
"2022","4","ENSG00000174851","YIF1A"
"2023","4","ENSG00000113140","SPARC"
"2024","4","ENSG00000168268","NT5DC2"
"2025","4","ENSG00000154710","RABGEF1"
"2026","4","ENSG00000172137","CALB2"
"2027","4","ENSG00000004846","ABCB5"
"2028","4","ENSG00000141127","PRPSAP2"
"2029","4","ENSG00000125458","NT5C"
"2030","4","ENSG00000065923","SLC9A7"
"2031","4","ENSG00000105668","UPK1A"
"2032","4","ENSG00000130829","DUSP9"
"2033","4","ENSG00000134046","MBD2"
"2034","4","ENSG00000163017","ACTG2"
"2035","4","ENSG00000005448","WDR54"
"2036","4","ENSG00000081842","PCDHA6"
"2037","4","ENSG00000134363","FST"
"2038","4","ENSG00000131507","NDFIP1"
"2039","4","ENSG00000149489","ROM1"
"2040","4","ENSG00000109133","TMEM33"
"2041","4","ENSG00000166401","SERPINB8"
"2042","4","ENSG00000171451","DSEL"
"2043","4","ENSG00000082196","C1QTNF3"
"2044","4","ENSG00000122133","PAEP"
"2045","4","ENSG00000069329","VPS35"
"2046","4","ENSG00000138448","ITGAV"
"2047","4","ENSG00000100505","TRIM9"
"2048","4","ENSG00000164684","ZNF704"
"2049","4","ENSG00000101335","MYL9"
"2050","4","ENSG00000196611","MMP1"
"2051","4","ENSG00000185467","KPNA7"
"2052","4","ENSG00000142173","COL6A2"
"2053","4","ENSG00000108578","BLMH"
"2054","4","ENSG00000008952","SEC62"
"2055","4","ENSG00000122861","PLAU"
"2056","4","ENSG00000140280","LYSMD2"
"2057","4","ENSG00000105974","CAV1"
"2058","4","ENSG00000102007","PLP2"
"2059","4","ENSG00000134986","NREP"
"2060","4","ENSG00000152284","TCF7L1"
"2061","4","ENSG00000126246","IGFLR1"
"2062","4","ENSG00000154928","EPHB1"
"2063","4","ENSG00000115073","ACTR1B"
"2064","4","ENSG00000160256","FAM207A"
"2065","4","ENSG00000167580","AQP2"
"2066","4","ENSG00000099399","MAGEB2"
"2067","4","ENSG00000133678","TMEM254"
"2068","4","ENSG00000174343","CHRNA9"
"2069","4","ENSG00000169710","FASN"
"2070","4","ENSG00000141480","ARRB2"
"2071","4","ENSG00000142657","PGD"
"2072","4","ENSG00000182670","TTC3"
"2073","4","ENSG00000130520","LSM4"
"2074","4","ENSG00000095380","NANS"
"2075","4","ENSG00000242247","ARFGAP3"
"2076","4","ENSG00000182934","SRPR"
"2077","4","ENSG00000106462","EZH2"
"2078","4","ENSG00000119403","PHF19"
"2079","4","ENSG00000189077","TMEM120A"
"2080","4","ENSG00000159713","TPPP3"
"2081","4","ENSG00000040608","RTN4R"
"2082","4","ENSG00000119004","CYP20A1"
"2083","4","ENSG00000198840","MT-ND3"
"2084","4","ENSG00000002586","CD99"
"2085","4","ENSG00000146701","MDH2"
"2086","4","ENSG00000143842","SOX13"
"2087","4","ENSG00000013275","PSMC4"
"2088","4","ENSG00000012061","ERCC1"
"2089","4","ENSG00000122012","SV2C"
"2090","4","ENSG00000158164","TMSB15A"
"2091","4","ENSG00000065485","PDIA5"
"2092","4","ENSG00000152127","MGAT5"
"2093","4","ENSG00000020129","NCDN"
"2094","4","ENSG00000141627","DYM"
"2095","4","ENSG00000108100","CCNY"
"2096","4","ENSG00000122359","ANXA11"
"2097","4","ENSG00000174871","CNIH2"
"2098","4","ENSG00000123095","BHLHE41"
"2099","4","ENSG00000136770","DNAJC1"
"2100","4","ENSG00000093167","LRRFIP2"
"2101","5","ENSG00000134107","BHLHE40"
"2102","5","ENSG00000168906","MAT2A"
"2103","5","ENSG00000185905","C16orf54"
"2104","5","ENSG00000159399","HK2"
"2105","5","ENSG00000144802","NFKBIZ"
"2106","5","ENSG00000276070","CCL4L1"
"2107","5","ENSG00000003402","CFLAR"
"2108","5","ENSG00000158769","F11R"
"2109","5","ENSG00000128487","SPECC1"
"2110","5","ENSG00000275302","CCL4"
"2111","5","ENSG00000125454","SLC25A19"
"2112","5","ENSG00000143851","PTPN7"
"2113","5","ENSG00000131051","RBM39"
"2114","5","ENSG00000164683","HEY1"
"2115","5","ENSG00000106105","GARS"
"2116","5","ENSG00000143549","TPM3"
"2117","5","ENSG00000068878","PSME4"
"2118","5","ENSG00000134222","PSRC1"
"2119","5","ENSG00000184922","FMNL1"
"2120","5","ENSG00000169490","TM2D2"
"2121","5","ENSG00000136997","MYC"
"2122","5","ENSG00000116752","BCAS2"
"2123","5","ENSG00000155252","PI4K2A"
"2124","5","ENSG00000135362","PRR5L"
"2125","5","ENSG00000008256","CYTH3"
"2126","5","ENSG00000111252","SH2B3"
"2127","5","ENSG00000123358","NR4A1"
"2128","5","ENSG00000103066","PLA2G15"
"2129","5","ENSG00000140931","CMTM3"
"2130","5","ENSG00000105939","ZC3HAV1"
"2131","5","ENSG00000168246","UBTD2"
"2132","5","ENSG00000213626","LBH"
"2133","5","ENSG00000204160","ZDHHC18"
"2134","5","ENSG00000160877","NACC1"
"2135","5","ENSG00000161202","DVL3"
"2136","5","ENSG00000179218","CALR"
"2137","5","ENSG00000187266","EPOR"
"2138","5","ENSG00000160818","GPATCH4"
"2139","5","ENSG00000160767","FAM189B"
"2140","5","ENSG00000213965","NUDT19"
"2141","5","ENSG00000160679","CHTOP"
"2142","5","ENSG00000109066","TMEM104"
"2143","5","ENSG00000174944","P2RY14"
"2144","5","ENSG00000133121","STARD13"
"2145","5","ENSG00000146426","TIAM2"
"2146","5","ENSG00000217128","FNIP1"
"2147","5","ENSG00000143418","CERS2"
"2148","5","ENSG00000134815","DHX34"
"2149","5","ENSG00000138621","PPCDC"
"2150","5","ENSG00000101199","ARFGAP1"
"2151","5","ENSG00000141497","ZMYND15"
"2152","5","ENSG00000204574","ABCF1"
"2153","5","ENSG00000080189","SLC35C2"
"2154","5","ENSG00000187531","SIRT7"
"2155","5","ENSG00000166501","PRKCB"
"2156","5","ENSG00000089053","ANAPC5"
"2157","5","ENSG00000168528","SERINC2"
"2158","5","ENSG00000049323","LTBP1"
"2159","5","ENSG00000169919","GUSB"
"2160","5","ENSG00000171067","C11orf24"
"2161","5","ENSG00000070614","NDST1"
"2162","5","ENSG00000100448","CTSG"
"2163","5","ENSG00000103507","BCKDK"
"2164","5","ENSG00000146670","CDCA5"
"2165","5","ENSG00000120738","EGR1"
"2166","5","ENSG00000168496","FEN1"
"2167","5","ENSG00000146918","NCAPG2"
"2168","5","ENSG00000112992","NNT"
"2169","5","ENSG00000111206","FOXM1"
"2170","5","ENSG00000175567","UCP2"
"2171","5","ENSG00000119333","WDR34"
"2172","5","ENSG00000104738","MCM4"
"2173","5","ENSG00000171224","C10orf35"
"2174","5","ENSG00000064012","CASP8"
"2175","5","ENSG00000176055","MBLAC2"
"2176","5","ENSG00000136982","DSCC1"
"2177","5","ENSG00000152689","RASGRP3"
"2178","5","ENSG00000105063","PPP6R1"
"2179","5","ENSG00000013810","TACC3"
"2180","5","ENSG00000131462","TUBG1"
"2181","5","ENSG00000118804","FAM47E-STBD1"
"2182","5","ENSG00000080493","SLC4A4"
"2183","5","ENSG00000071539","TRIP13"
"2184","5","ENSG00000213347","MXD3"
"2185","5","ENSG00000075218","GTSE1"
"2186","5","ENSG00000198951","NAGA"
"2187","5","ENSG00000132405","TBC1D14"
"2188","5","ENSG00000103187","COTL1"
"2189","5","ENSG00000138092","CENPO"
"2190","5","ENSG00000100162","CENPM"
"2191","5","ENSG00000168078","PBK"
"2192","5","ENSG00000169607","CKAP2L"
"2193","5","ENSG00000275385","CCL18"
"2194","5","ENSG00000198901","PRC1"
"2195","5","ENSG00000140525","FANCI"
"2196","5","ENSG00000160298","C21orf58"
"2197","5","ENSG00000214717","ZBED1"
"2198","5","ENSG00000127329","PTPRB"
"2199","5","ENSG00000197451","HNRNPAB"
"2200","5","ENSG00000119522","DENND1A"
"2201","5","ENSG00000141959","PFKL"
"2202","5","ENSG00000087586","AURKA"
"2203","5","ENSG00000139514","SLC7A1"
"2204","5","ENSG00000100325","ASCC2"
"2205","5","ENSG00000075702","WDR62"
"2206","5","ENSG00000133226","SRRM1"
"2207","5","ENSG00000170921","TANC2"
"2208","5","ENSG00000119777","TMEM214"
"2209","5","ENSG00000137135","ARHGEF39"
"2210","5","ENSG00000157456","CCNB2"
"2211","5","ENSG00000112118","MCM3"
"2212","5","ENSG00000175220","ARHGAP1"
"2213","5","ENSG00000167670","CHAF1A"
"2214","5","ENSG00000165943","MOAP1"
"2215","5","ENSG00000253729","PRKDC"
"2216","5","ENSG00000099814","CEP170B"
"2217","5","ENSG00000007202","KIAA0100"
"2218","5","ENSG00000137804","NUSAP1"
"2219","5","ENSG00000198700","IPO9"
"2220","5","ENSG00000277161","PIGW"
"2221","5","ENSG00000137124","ALDH1B1"
"2222","5","ENSG00000166452","AKIP1"
"2223","5","ENSG00000131591","C1orf159"
"2224","5","ENSG00000135476","ESPL1"
"2225","5","ENSG00000197879","MYO1C"
"2226","5","ENSG00000100714","MTHFD1"
"2227","5","ENSG00000167799","NUDT8"
"2228","5","ENSG00000198176","TFDP1"
"2229","5","ENSG00000071894","CPSF1"
"2230","5","ENSG00000134057","CCNB1"
"2231","5","ENSG00000142945","KIF2C"
"2232","5","ENSG00000146842","TMEM209"
"2233","5","ENSG00000112031","MTRF1L"
"2234","5","ENSG00000008130","NADK"
"2235","5","ENSG00000101445","PPP1R16B"
"2236","5","ENSG00000079616","KIF22"
"2237","5","ENSG00000130477","UNC13A"
"2238","5","ENSG00000166965","RCCD1"
"2239","5","ENSG00000000971","CFH"
"2240","5","ENSG00000145012","LPP"
"2241","5","ENSG00000168763","CNNM3"
"2242","5","ENSG00000125844","RRBP1"
"2243","5","ENSG00000150594","ADRA2A"
"2244","5","ENSG00000100354","TNRC6B"
"2245","5","ENSG00000090339","ICAM1"
"2246","5","ENSG00000143630","HCN3"
"2247","5","ENSG00000123154","WDR83"
"2248","5","ENSG00000213516","RBMXL1"
"2249","5","ENSG00000153044","CENPH"
"2250","5","ENSG00000204843","DCTN1"
"2251","5","ENSG00000114737","CISH"
"2252","5","ENSG00000154027","AK5"
"2253","5","ENSG00000035499","DEPDC1B"
"2254","5","ENSG00000104885","DOT1L"
"2255","5","ENSG00000151208","DLG5"
"2256","5","ENSG00000132773","TOE1"
"2257","5","ENSG00000197355","UAP1L1"
"2258","5","ENSG00000162073","PAQR4"
"2259","5","ENSG00000110697","PITPNM1"
"2260","5","ENSG00000173517","PEAK1"
"2261","5","ENSG00000151148","UBE3B"
"2262","5","ENSG00000131470","PSMC3IP"
"2263","5","ENSG00000077514","POLD3"
"2264","5","ENSG00000225190","PLEKHM1"
"2265","5","ENSG00000038532","CLEC16A"
"2266","5","ENSG00000127463","EMC1"
"2267","5","ENSG00000134569","LRP4"
"2268","5","ENSG00000172943","PHF8"
"2269","5","ENSG00000103111","MON1B"
"2270","5","ENSG00000103657","HERC1"
"2271","5","ENSG00000140009","ESR2"
"2272","5","ENSG00000105514","RAB3D"
"2273","5","ENSG00000136159","NUDT15"
"2274","5","ENSG00000066136","NFYC"
"2275","5","ENSG00000167522","ANKRD11"
"2276","5","ENSG00000104859","CLASRP"
"2277","5","ENSG00000163026","C2orf44"
"2278","5","ENSG00000115507","OTX1"
"2279","5","ENSG00000258839","MC1R"
"2280","5","ENSG00000135372","NAT10"
"2281","5","ENSG00000151725","CENPU"
"2282","5","ENSG00000150455","TIRAP"
"2283","5","ENSG00000167642","SPINT2"
"2284","5","ENSG00000165688","PMPCA"
"2285","5","ENSG00000134575","ACP2"
"2286","5","ENSG00000099985","OSM"
"2287","5","ENSG00000126787","DLGAP5"
"2288","5","ENSG00000239306","RBM14"
"2289","5","ENSG00000131473","ACLY"
"2290","5","ENSG00000140400","MAN2C1"
"2291","5","ENSG00000173137","ADCK5"
"2292","5","ENSG00000184635","ZNF93"
"2293","5","ENSG00000136153","LMO7"
"2294","5","ENSG00000157184","CPT2"
"2295","5","ENSG00000179409","GEMIN4"
"2296","5","ENSG00000149554","CHEK1"
"2297","5","ENSG00000198925","ATG9A"
"2298","5","ENSG00000079819","EPB41L2"
"2299","5","ENSG00000103707","MTFMT"
"2300","5","ENSG00000131969","ABHD12B"
"2301","5","ENSG00000225968","ELFN1"
"2302","5","ENSG00000163918","RFC4"
"2303","5","ENSG00000107263","RAPGEF1"
"2304","5","ENSG00000197226","TBC1D9B"
"2305","5","ENSG00000133275","CSNK1G2"
"2306","5","ENSG00000156959","LHFPL4"
"2307","5","ENSG00000143437","ARNT"
"2308","5","ENSG00000018408","WWTR1"
"2309","5","ENSG00000198910","L1CAM"
"2310","5","ENSG00000172081","MOB3A"
"2311","5","ENSG00000172493","AFF1"
"2312","5","ENSG00000160360","GPSM1"
"2313","5","ENSG00000272325","NUDT3"
"2314","5","ENSG00000011007","TCEB3"
"2315","5","ENSG00000184840","TMED9"
"2316","5","ENSG00000136720","HS6ST1"
"2317","5","ENSG00000070950","RAD18"
"2318","5","ENSG00000123374","CDK2"
"2319","5","ENSG00000204673","AKT1S1"
"2320","5","ENSG00000148396","SEC16A"
"2321","5","ENSG00000083444","PLOD1"
"2322","5","ENSG00000174951","FUT1"
"2323","5","ENSG00000003249","DBNDD1"
"2324","5","ENSG00000157500","APPL1"
"2325","5","ENSG00000170340","B3GNT2"
"2326","5","ENSG00000101346","POFUT1"
"2327","5","ENSG00000265190","ANXA8"
"2328","5","ENSG00000205476","CCDC85C"
"2329","5","ENSG00000007545","CRAMP1L"
"2330","5","ENSG00000013583","HEBP1"
"2331","5","ENSG00000101546","RBFA"
"2332","5","ENSG00000106948","AKNA"
"2333","5","ENSG00000136807","CDK9"
"2334","5","ENSG00000205755","CRLF2"
"2335","5","ENSG00000014216","CAPN1"
"2336","5","ENSG00000177225","PDDC1"
"2337","5","ENSG00000114030","KPNA1"
"2338","5","ENSG00000159259","CHAF1B"
"2339","5","ENSG00000101216","GMEB2"
"2340","5","ENSG00000154309","DISP1"
"2341","5","ENSG00000160753","RUSC1"
"2342","5","ENSG00000148824","MTG1"
"2343","5","ENSG00000176915","ANKLE2"
"2344","5","ENSG00000137404","NRM"
"2345","5","ENSG00000087152","ATXN7L3"
"2346","5","ENSG00000104969","SGTA"
"2347","5","ENSG00000168778","TCTN2"
"2348","5","ENSG00000078124","ACER3"
"2349","5","ENSG00000102893","PHKB"
"2350","5","ENSG00000132881","RSG1"
"2351","5","ENSG00000183826","BTBD9"
"2352","5","ENSG00000100393","EP300"
"2353","5","ENSG00000126883","NUP214"
"2354","5","ENSG00000197081","IGF2R"
"2355","5","ENSG00000112078","KCTD20"
"2356","5","ENSG00000169679","BUB1"
"2357","5","ENSG00000145604","SKP2"
"2358","5","ENSG00000166816","LDHD"
"2359","5","ENSG00000198399","ITSN2"
"2360","5","ENSG00000110080","ST3GAL4"
"2361","5","ENSG00000186517","ARHGAP30"
"2362","5","ENSG00000162746","FCRLB"
"2363","5","ENSG00000186635","ARAP1"
"2364","5","ENSG00000169896","ITGAM"
"2365","5","ENSG00000105383","CD33"
"2366","5","ENSG00000100897","DCAF11"
"2367","5","ENSG00000142186","SCYL1"
"2368","5","ENSG00000159023","EPB41"
"2369","5","ENSG00000130560","UBAC1"
"2370","5","ENSG00000197747","S100A10"
"2371","5","ENSG00000135905","DOCK10"
"2372","5","ENSG00000110619","CARS"
"2373","5","ENSG00000116898","MRPS15"
"2374","5","ENSG00000184371","CSF1"
"2375","5","ENSG00000176393","RNPEP"
"2376","5","ENSG00000048828","FAM120A"
"2377","5","ENSG00000100350","FOXRED2"
"2378","5","ENSG00000049449","RCN1"
"2379","5","ENSG00000157350","ST3GAL2"
"2380","5","ENSG00000122068","FYTTD1"
"2381","5","ENSG00000118507","AKAP7"
"2382","5","ENSG00000013288","MAN2B2"
"2383","5","ENSG00000155158","TTC39B"
"2384","5","ENSG00000124151","NCOA3"
"2385","5","ENSG00000163346","PBXIP1"
"2386","5","ENSG00000149084","HSD17B12"
"2387","5","ENSG00000131828","PDHA1"
"2388","5","ENSG00000189007","ADAT2"
"2389","5","ENSG00000183814","LIN9"
"2390","5","ENSG00000131944","C19orf40"
"2391","5","ENSG00000054965","FAM168A"
"2392","5","ENSG00000125449","ARMC7"
"2393","5","ENSG00000163481","RNF25"
"2394","5","ENSG00000166261","ZNF202"
"2395","5","ENSG00000139651","ZNF740"
"2396","5","ENSG00000164985","PSIP1"
"2397","5","ENSG00000224051","CPTP"
"2398","5","ENSG00000185347","C14orf80"
"2399","5","ENSG00000138074","SLC5A6"
"2400","5","ENSG00000100796","SMEK1"
"2401","5","ENSG00000205423","CNEP1R1"
"2402","5","ENSG00000198373","WWP2"
"2403","5","ENSG00000181090","EHMT1"
"2404","5","ENSG00000174606","ANGEL2"
"2405","5","ENSG00000151062","CACNA2D4"
"2406","5","ENSG00000178971","CTC1"
"2407","5","ENSG00000162419","GMEB1"
"2408","5","ENSG00000174839","DENND6A"
"2409","5","ENSG00000109534","GAR1"
"2410","5","ENSG00000182795","C1orf116"
"2411","5","ENSG00000160219","GAB3"
"2412","5","ENSG00000272886","DCP1A"
"2413","5","ENSG00000101265","RASSF2"
"2414","5","ENSG00000213676","ATF6B"
"2415","5","ENSG00000076067","RBMS2"
"2416","5","ENSG00000140983","RHOT2"
"2417","5","ENSG00000189046","ALKBH2"
"2418","5","ENSG00000158615","PPP1R15B"
"2419","5","ENSG00000089916","GPATCH2L"
"2420","5","ENSG00000134262","AP4B1"
"2421","5","ENSG00000176401","EID2B"
"2422","5","ENSG00000106080","FKBP14"
"2423","5","ENSG00000130940","CASZ1"
"2424","5","ENSG00000006282","SPATA20"
"2425","5","ENSG00000079974","RABL2B"
"2426","5","ENSG00000178229","ZNF543"
"2427","5","ENSG00000091181","IL5RA"
"2428","5","ENSG00000010322","NISCH"
"2429","5","ENSG00000111450","STX2"
"2430","5","ENSG00000010318","PHF7"
"2431","5","ENSG00000132694","ARHGEF11"
"2432","5","ENSG00000124120","TTPAL"
"2433","5","ENSG00000131389","SLC6A6"
"2434","5","ENSG00000007392","LUC7L"
"2435","5","ENSG00000143322","ABL2"
"2436","5","ENSG00000010327","STAB1"
"2437","5","ENSG00000084652","TXLNA"
"2438","5","ENSG00000087274","ADD1"
"2439","5","ENSG00000148331","ASB6"
"2440","5","ENSG00000173548","SNX33"
"2441","5","ENSG00000164024","METAP1"
"2442","5","ENSG00000100441","KHNYN"
"2443","5","ENSG00000137504","CREBZF"
"2444","5","ENSG00000184857","TMEM186"
"2445","5","ENSG00000159461","AMFR"
"2446","5","ENSG00000164362","TERT"
"2447","5","ENSG00000186111","PIP5K1C"
"2448","5","ENSG00000173402","DAG1"
"2449","5","ENSG00000100601","ALKBH1"
"2450","5","ENSG00000085449","WDFY1"
"2451","5","ENSG00000096070","BRPF3"
"2452","5","ENSG00000064995","TAF11"
"2453","5","ENSG00000100442","FKBP3"
"2454","5","ENSG00000197037","ZSCAN25"
"2455","5","ENSG00000163960","UBXN7"
"2456","5","ENSG00000168575","SLC20A2"
"2457","5","ENSG00000144021","CIAO1"
"2458","5","ENSG00000037474","NSUN2"
"2459","5","ENSG00000070061","IKBKAP"
"2460","5","ENSG00000125746","EML2"
"2461","5","ENSG00000189190","ZNF600"
"2462","5","ENSG00000133794","ARNTL"
"2463","5","ENSG00000141380","SS18"
"2464","5","ENSG00000132604","TERF2"
"2465","5","ENSG00000179833","SERTAD2"
"2466","5","ENSG00000082641","NFE2L1"
"2467","5","ENSG00000153404","PLEKHG4B"
"2468","5","ENSG00000178802","MPI"
"2469","5","ENSG00000083844","ZNF264"
"2470","5","ENSG00000051009","FAM160A2"
"2471","5","ENSG00000166272","WBP1L"
"2472","5","ENSG00000176472","ZNF575"
"2473","5","ENSG00000117682","DHDDS"
"2474","5","ENSG00000068400","GRIPAP1"
"2475","5","ENSG00000180346","TIGD2"
"2476","5","ENSG00000145916","RMND5B"
"2477","5","ENSG00000115282","TTC31"
"2478","5","ENSG00000134109","EDEM1"
"2479","5","ENSG00000151692","RNF144A"
"2480","5","ENSG00000101311","FERMT1"
"2481","5","ENSG00000160294","MCM3AP"
"2482","5","ENSG00000196110","ZNF699"
"2483","5","ENSG00000156966","B3GNT7"
"2484","5","ENSG00000166164","BRD7"
"2485","5","ENSG00000113812","ACTR8"
"2486","5","ENSG00000196689","TRPV1"
"2487","5","ENSG00000085760","MTIF2"
"2488","5","ENSG00000008311","AASS"
"2489","5","ENSG00000075856","SART3"
"2490","5","ENSG00000126790","L3HYPDH"
"2491","5","ENSG00000155287","SLC25A28"
"2492","5","ENSG00000166471","TMEM41B"
"2493","5","ENSG00000170322","NFRKB"
"2494","5","ENSG00000114026","OGG1"
"2495","5","ENSG00000182318","ZSCAN22"
"2496","5","ENSG00000188026","RILPL1"
"2497","5","ENSG00000124574","ABCC10"
"2498","5","ENSG00000044090","CUL7"
"2499","5","ENSG00000112659","CUL9"
"2500","5","ENSG00000166747","AP1G1"
"2501","5","ENSG00000145743","FBXL17"
"2502","5","ENSG00000143624","INTS3"
"2503","5","ENSG00000139645","ANKRD52"
"2504","5","ENSG00000102870","ZNF629"
"2505","5","ENSG00000032742","IFT88"
"2506","5","ENSG00000063322","MED29"
"2507","5","ENSG00000112062","MAPK14"
"2508","5","ENSG00000095002","MSH2"
"2509","5","ENSG00000112584","FAM120B"
"2510","5","ENSG00000119392","GLE1"
"2511","5","ENSG00000132716","DCAF8"
"2512","5","ENSG00000119862","LGALSL"
"2513","5","ENSG00000135637","CCDC142"
"2514","5","ENSG00000138760","SCARB2"
"2515","6","ENSG00000095370","SH2D3C"
"2516","6","ENSG00000116833","NR5A2"
"2517","6","ENSG00000174456","C12orf76"
"2518","6","ENSG00000115875","SRSF7"
"2519","6","ENSG00000111885","MAN1A1"
"2520","6","ENSG00000115602","IL1RL1"
"2521","6","ENSG00000118689","FOXO3"
"2522","6","ENSG00000204131","NHSL2"
"2523","6","ENSG00000239900","ADSL"
"2524","6","ENSG00000126953","TIMM8A"
"2525","6","ENSG00000102984","ZNF821"
"2526","6","ENSG00000093183","SEC22C"
"2527","6","ENSG00000162396","PARS2"
"2528","6","ENSG00000114541","FRMD4B"
"2529","6","ENSG00000101109","STK4"
"2530","6","ENSG00000220008","LINGO3"
"2531","6","ENSG00000179335","CLK3"
"2532","6","ENSG00000123360","PDE1B"
"2533","6","ENSG00000138617","PARP16"
"2534","6","ENSG00000121039","RDH10"
"2535","6","ENSG00000122299","ZC3H7A"
"2536","6","ENSG00000173545","ZNF622"
"2537","6","ENSG00000107789","MINPP1"
"2538","6","ENSG00000139990","DCAF5"
"2539","6","ENSG00000166783","KIAA0430"
"2540","6","ENSG00000203867","RBM20"
"2541","6","ENSG00000104341","LAPTM4B"
"2542","6","ENSG00000104064","GABPB1"
"2543","6","ENSG00000160208","RRP1B"
"2544","6","ENSG00000129472","RAB2B"
"2545","6","ENSG00000131508","UBE2D2"
"2546","6","ENSG00000173451","THAP2"
"2547","6","ENSG00000181104","F2R"
"2548","6","ENSG00000189067","LITAF"
"2549","6","ENSG00000140416","TPM1"
"2550","6","ENSG00000155926","SLA"
"2551","6","ENSG00000149179","C11orf49"
"2552","6","ENSG00000182831","C16orf72"
"2553","6","ENSG00000164151","ICE1"
"2554","6","ENSG00000128581","IFT22"
"2555","6","ENSG00000170606","HSPA4"
"2556","6","ENSG00000204344","STK19"
"2557","6","ENSG00000048707","VPS13D"
"2558","6","ENSG00000180530","NRIP1"
"2559","6","ENSG00000155850","SLC26A2"
"2560","6","ENSG00000086200","IPO11"
"2561","6","ENSG00000156671","SAMD8"
"2562","6","ENSG00000116701","NCF2"
"2563","6","ENSG00000118217","ATF6"
"2564","6","ENSG00000124370","MCEE"
"2565","6","ENSG00000151287","TEX30"
"2566","6","ENSG00000117906","RCN2"
"2567","6","ENSG00000134480","CCNH"
"2568","6","ENSG00000076248","UNG"
"2569","6","ENSG00000060069","CTDP1"
"2570","6","ENSG00000178234","GALNT11"
"2571","6","ENSG00000119682","AREL1"
"2572","6","ENSG00000040531","CTNS"
"2573","6","ENSG00000102043","MTMR8"
"2574","6","ENSG00000159593","NAE1"
"2575","6","ENSG00000142856","ITGB3BP"
"2576","6","ENSG00000132383","RPA1"
"2577","6","ENSG00000144589","STK11IP"
"2578","6","ENSG00000101474","APMAP"
"2579","6","ENSG00000213760","ATP6V1G2"
"2580","6","ENSG00000186642","PDE2A"
"2581","6","ENSG00000122218","COPA"
"2582","6","ENSG00000138069","RAB1A"
"2583","6","ENSG00000154429","CCSAP"
"2584","6","ENSG00000090487","SPG21"
"2585","6","ENSG00000149308","NPAT"
"2586","6","ENSG00000158636","C11orf30"
"2587","6","ENSG00000133835","HSD17B4"
"2588","6","ENSG00000126698","DNAJC8"
"2589","6","ENSG00000166685","COG1"
"2590","6","ENSG00000179364","PACS2"
"2591","6","ENSG00000090060","PAPOLA"
"2592","6","ENSG00000138796","HADH"
"2593","6","ENSG00000106771","TMEM245"
"2594","6","ENSG00000082438","COBLL1"
"2595","6","ENSG00000083457","ITGAE"
"2596","6","ENSG00000136861","CDK5RAP2"
"2597","6","ENSG00000100916","BRMS1L"
"2598","6","ENSG00000100211","CBY1"
"2599","6","ENSG00000113163","COL4A3BP"
"2600","6","ENSG00000196704","AMZ2"
"2601","6","ENSG00000188352","FOCAD"
"2602","6","ENSG00000117385","LEPRE1"
"2603","6","ENSG00000182552","RWDD4"
"2604","6","ENSG00000100129","EIF3L"
"2605","6","ENSG00000121073","SLC35B1"
"2606","6","ENSG00000138029","HADHB"
"2607","6","ENSG00000167625","ZNF526"
"2608","6","ENSG00000188312","CENPP"
"2609","6","ENSG00000104177","MYEF2"
"2610","6","ENSG00000075336","TIMM21"
"2611","6","ENSG00000114735","HEMK1"
"2612","6","ENSG00000119912","IDE"
"2613","6","ENSG00000153823","PID1"
"2614","6","ENSG00000081237","PTPRC"
"2615","6","ENSG00000109814","UGDH"
"2616","6","ENSG00000061676","NCKAP1"
"2617","6","ENSG00000183520","UTP11L"
"2618","6","ENSG00000102054","RBBP7"
"2619","6","ENSG00000166734","CASC4"
"2620","6","ENSG00000144136","SLC20A1"
"2621","6","ENSG00000101473","ACOT8"
"2622","6","ENSG00000134072","CAMK1"
"2623","6","ENSG00000187555","USP7"
"2624","6","ENSG00000144895","EIF2A"
"2625","6","ENSG00000145725","PPIP5K2"
"2626","6","ENSG00000119414","PPP6C"
"2627","6","ENSG00000078668","VDAC3"
"2628","6","ENSG00000135968","GCC2"
"2629","6","ENSG00000096717","SIRT1"
"2630","6","ENSG00000107643","MAPK8"
"2631","6","ENSG00000168286","THAP11"
"2632","6","ENSG00000108055","SMC3"
"2633","6","ENSG00000119707","RBM25"
"2634","6","ENSG00000204576","PRR3"
"2635","6","ENSG00000092201","SUPT16H"
"2636","6","ENSG00000070269","TMEM260"
"2637","6","ENSG00000165312","OTUD1"
"2638","6","ENSG00000156110","ADK"
"2639","6","ENSG00000065883","CDK13"
"2640","6","ENSG00000159184","HOXB13"
"2641","6","ENSG00000198380","GFPT1"
"2642","6","ENSG00000188690","UROS"
"2643","6","ENSG00000198393","ZNF26"
"2644","6","ENSG00000166337","TAF10"
"2645","6","ENSG00000177311","ZBTB38"
"2646","6","ENSG00000181852","RNF41"
"2647","6","ENSG00000083720","OXCT1"
"2648","6","ENSG00000166896","XRCC6BP1"
"2649","6","ENSG00000149136","SSRP1"
"2650","6","ENSG00000116691","MIIP"
"2651","6","ENSG00000182134","TDRKH"
"2652","6","ENSG00000166394","CYB5R2"
"2653","6","ENSG00000175970","UNC119B"
"2654","6","ENSG00000170522","ELOVL6"
"2655","6","ENSG00000117153","KLHL12"
"2656","6","ENSG00000106688","SLC1A1"
"2657","6","ENSG00000086189","DIMT1"
"2658","6","ENSG00000133812","SBF2"
"2659","6","ENSG00000176390","CRLF3"
"2660","6","ENSG00000108384","RAD51C"
"2661","6","ENSG00000162144","CYB561A3"
"2662","6","ENSG00000138381","ASNSD1"
"2663","6","ENSG00000175029","CTBP2"
"2664","6","ENSG00000115183","TANC1"
"2665","6","ENSG00000170037","CNTROB"
"2666","6","ENSG00000171204","TMEM126B"
"2667","6","ENSG00000100815","TRIP11"
"2668","6","ENSG00000070540","WIPI1"
"2669","6","ENSG00000204296","C6orf10"
"2670","6","ENSG00000133433","GSTT2B"
"2671","6","ENSG00000090565","RAB11FIP3"
"2672","6","ENSG00000198265","HELZ"
"2673","6","ENSG00000078304","PPP2R5C"
"2674","6","ENSG00000124486","USP9X"
"2675","6","ENSG00000104517","UBR5"
"2676","6","ENSG00000125991","ERGIC3"
"2677","6","ENSG00000183576","SETD3"
"2678","6","ENSG00000150403","TMCO3"
"2679","6","ENSG00000141179","PCTP"
"2680","6","ENSG00000198105","ZNF248"
"2681","6","ENSG00000066422","ZBTB11"
"2682","6","ENSG00000102096","PIM2"
"2683","6","ENSG00000160783","PMF1"
"2684","6","ENSG00000204371","EHMT2"
"2685","6","ENSG00000139323","POC1B"
"2686","6","ENSG00000107959","PITRM1"
"2687","6","ENSG00000159884","CCDC107"
"2688","6","ENSG00000136527","TRA2B"
"2689","6","ENSG00000148481","FAM188A"
"2690","6","ENSG00000157800","SLC37A3"
"2691","6","ENSG00000181555","SETD2"
"2692","6","ENSG00000134287","ARF3"
"2693","6","ENSG00000114861","FOXP1"
"2694","6","ENSG00000135049","AGTPBP1"
"2695","6","ENSG00000101236","RNF24"
"2696","6","ENSG00000123268","ATF1"
"2697","6","ENSG00000174437","ATP2A2"
"2698","6","ENSG00000130985","UBA1"
"2699","6","ENSG00000101773","RBBP8"
"2700","6","ENSG00000154174","TOMM70A"
"2701","6","ENSG00000152492","CCDC50"
"2702","6","ENSG00000129518","EAPP"
"2703","6","ENSG00000151773","CCDC122"
"2704","6","ENSG00000154719","MRPL39"
"2705","6","ENSG00000072501","SMC1A"
"2706","6","ENSG00000109180","OCIAD1"
"2707","6","ENSG00000135686","KLHL36"
"2708","6","ENSG00000184867","ARMCX2"
"2709","6","ENSG00000136003","ISCU"
"2710","6","ENSG00000101367","MAPRE1"
"2711","6","ENSG00000128342","LIF"
"2712","6","ENSG00000203950","FAM127B"
"2713","6","ENSG00000162976","PQLC3"
"2714","6","ENSG00000114784","EIF1B"
"2715","6","ENSG00000173757","STAT5B"
"2716","6","ENSG00000164751","PEX2"
"2717","6","ENSG00000198960","ARMCX6"
"2718","6","ENSG00000153237","CCDC148"
"2719","6","ENSG00000127483","HP1BP3"
"2720","6","ENSG00000013441","CLK1"
"2721","6","ENSG00000172409","CLP1"
"2722","6","ENSG00000128563","PRKRIP1"
"2723","6","ENSG00000108826","MRPL27"
"2724","6","ENSG00000117475","BLZF1"
"2725","6","ENSG00000155868","MED7"
"2726","6","ENSG00000166128","RAB8B"
"2727","6","ENSG00000117697","NSL1"
"2728","6","ENSG00000172426","RSPH9"
"2729","6","ENSG00000169410","PTPN9"
"2730","6","ENSG00000115232","ITGA4"
"2731","6","ENSG00000164347","GFM2"
"2732","6","ENSG00000140563","MCTP2"
"2733","6","ENSG00000109452","INPP4B"
"2734","6","ENSG00000032219","ARID4A"
"2735","6","ENSG00000114021","NIT2"
"2736","6","ENSG00000109929","SC5D"
"2737","6","ENSG00000115364","MRPL19"
"2738","6","ENSG00000086589","RBM22"
"2739","6","ENSG00000244754","N4BP2L2"
"2740","6","ENSG00000005893","LAMP2"
"2741","6","ENSG00000133142","TCEAL4"
"2742","6","ENSG00000158477","CD1A"
"2743","6","ENSG00000101350","KIF3B"
"2744","6","ENSG00000106392","C1GALT1"
"2745","6","ENSG00000144843","ADPRH"
"2746","6","ENSG00000168938","PPIC"
"2747","6","ENSG00000120451","SNX19"
"2748","6","ENSG00000100523","DDHD1"
"2749","6","ENSG00000117602","RCAN3"
"2750","6","ENSG00000254004","ZNF260"
"2751","6","ENSG00000130714","POMT1"
"2752","6","ENSG00000167004","PDIA3"
"2753","6","ENSG00000134371","CDC73"
"2754","6","ENSG00000158805","ZNF276"
"2755","6","ENSG00000157106","SMG1"
"2756","6","ENSG00000163694","RBM47"
"2757","6","ENSG00000172340","SUCLG2"
"2758","6","ENSG00000123810","B9D2"
"2759","6","ENSG00000105879","CBLL1"
"2760","6","ENSG00000169026","MFSD7"
"2761","6","ENSG00000112159","MDN1"
"2762","6","ENSG00000081665","ZNF506"
"2763","6","ENSG00000078618","NRD1"
"2764","6","ENSG00000223547","ZNF844"
"2765","6","ENSG00000156273","BACH1"
"2766","6","ENSG00000067646","ZFY"
"2767","6","ENSG00000164164","OTUD4"
"2768","6","ENSG00000197162","ZNF785"
"2769","6","ENSG00000198363","ASPH"
"2770","6","ENSG00000197548","ATG7"
"2771","6","ENSG00000125945","ZNF436"
"2772","6","ENSG00000136754","ABI1"
"2773","6","ENSG00000163635","ATXN7"
"2774","6","ENSG00000165671","NSD1"
"2775","6","ENSG00000167523","SPATA33"
"2776","6","ENSG00000134668","SPOCD1"
"2777","6","ENSG00000152620","NADK2"
"2778","6","ENSG00000114956","DGUOK"
"2779","6","ENSG00000104375","STK3"
"2780","6","ENSG00000116539","ASH1L"
"2781","6","ENSG00000170852","KBTBD2"
"2782","6","ENSG00000140829","DHX38"
"2783","6","ENSG00000145715","RASA1"
"2784","6","ENSG00000003400","CASP10"
"2785","6","ENSG00000137770","CTDSPL2"
"2786","6","ENSG00000124508","BTN2A2"
"2787","6","ENSG00000028839","TBPL1"
"2788","6","ENSG00000187796","CARD9"
"2789","6","ENSG00000150456","N6AMT2"
"2790","6","ENSG00000171453","POLR1C"
"2791","6","ENSG00000182185","RAD51B"
"2792","6","ENSG00000204681","GABBR1"
"2793","6","ENSG00000154059","IMPACT"
"2794","6","ENSG00000125482","TTF1"
"2795","6","ENSG00000067208","EVI5"
"2796","6","ENSG00000116120","FARSB"
"2797","6","ENSG00000152942","RAD17"
"2798","6","ENSG00000182973","CNOT10"
"2799","6","ENSG00000111731","C2CD5"
"2800","6","ENSG00000106868","SUSD1"
"2801","6","ENSG00000223501","VPS52"
"2802","6","ENSG00000148719","DNAJB12"
"2803","6","ENSG00000198887","SMC5"
"2804","6","ENSG00000114742","WDR48"
"2805","6","ENSG00000140450","ARRDC4"
"2806","6","ENSG00000171150","SOCS5"
"2807","6","ENSG00000170175","CHRNB1"
"2808","6","ENSG00000136811","ODF2"
"2809","6","ENSG00000119684","MLH3"
"2810","6","ENSG00000108433","GOSR2"
"2811","6","ENSG00000163714","U2SURP"
"2812","6","ENSG00000180233","ZNRF2"
"2813","6","ENSG00000184743","ATL3"
"2814","6","ENSG00000084092","NOA1"
"2815","6","ENSG00000167842","MIS12"
"2816","6","ENSG00000153310","FAM49B"
"2817","6","ENSG00000139350","NEDD1"
"2818","6","ENSG00000134255","CEPT1"
"2819","6","ENSG00000121058","COIL"
"2820","6","ENSG00000172465","TCEAL1"
"2821","6","ENSG00000112699","GMDS"
"2822","6","ENSG00000169217","CD2BP2"
"2823","6","ENSG00000034693","PEX3"
"2824","6","ENSG00000001084","GCLC"
"2825","6","ENSG00000141040","ZNF287"
"2826","6","ENSG00000153560","UBP1"
"2827","6","ENSG00000136709","WDR33"
"2828","6","ENSG00000263528","IKBKE"
"2829","6","ENSG00000100154","TTC28"
"2830","6","ENSG00000133641","C12orf29"
"2831","6","ENSG00000196104","SPOCK3"
"2832","6","ENSG00000161547","SRSF2"
"2833","6","ENSG00000150768","DLAT"
"2834","6","ENSG00000178177","LCORL"
"2835","6","ENSG00000152213","ARL11"
"2836","6","ENSG00000011132","APBA3"
"2837","6","ENSG00000115289","PCGF1"
"2838","6","ENSG00000123353","ORMDL2"
"2839","6","ENSG00000124459","ZNF45"
"2840","6","ENSG00000140598","EFTUD1"
"2841","6","ENSG00000188976","NOC2L"
"2842","6","ENSG00000113263","ITK"
"2843","6","ENSG00000124532","MRS2"
"2844","6","ENSG00000115839","RAB3GAP1"
"2845","6","ENSG00000157191","NECAP2"
"2846","6","ENSG00000074054","CLASP1"
"2847","6","ENSG00000130244","FAM98C"
"2848","6","ENSG00000129484","PARP2"
"2849","6","ENSG00000089048","ESF1"
"2850","6","ENSG00000132664","POLR3F"
"2851","6","ENSG00000121406","ZNF549"
"2852","6","ENSG00000158773","USF1"
"2853","6","ENSG00000089876","DHX32"
"2854","6","ENSG00000205362","MT1A"
"2855","6","ENSG00000142082","SIRT3"
"2856","6","ENSG00000143442","POGZ"
"2857","6","ENSG00000178104","PDE4DIP"
"2858","6","ENSG00000161021","MAML1"
"2859","6","ENSG00000167778","SPRYD3"
"2860","6","ENSG00000169045","HNRNPH1"
"2861","6","ENSG00000049618","ARID1B"
"2862","6","ENSG00000099810","MTAP"
"2863","6","ENSG00000111906","HDDC2"
"2864","6","ENSG00000171444","MCC"
"2865","6","ENSG00000177646","ACAD9"
"2866","6","ENSG00000197429","IPP"
"2867","6","ENSG00000172331","BPGM"
"2868","6","ENSG00000099949","LZTR1"
"2869","6","ENSG00000196378","ZNF34"
"2870","6","ENSG00000117593","DARS2"
"2871","6","ENSG00000122970","IFT81"
"2872","6","ENSG00000124535","WRNIP1"
"2873","6","ENSG00000112701","SENP6"
"2874","6","ENSG00000144320","KIAA1715"
"2875","6","ENSG00000079134","THOC1"
"2876","6","ENSG00000188921","PTPLAD2"
"2877","6","ENSG00000234465","PINLYP"
"2878","6","ENSG00000158480","SPATA2"
"2879","6","ENSG00000005194","CIAPIN1"
"2880","6","ENSG00000130158","DOCK6"
"2881","6","ENSG00000084072","PPIE"
"2882","6","ENSG00000131148","EMC8"
"2883","6","ENSG00000113583","C5orf15"
"2884","6","ENSG00000163659","TIPARP"
"2885","6","ENSG00000203485","INF2"
"2886","6","ENSG00000117020","AKT3"
"2887","6","ENSG00000179454","KLHL28"
"2888","6","ENSG00000084733","RAB10"
"2889","6","ENSG00000116984","MTR"
"2890","6","ENSG00000140993","TIGD7"
"2891","6","ENSG00000198538","ZNF28"
"2892","6","ENSG00000133858","ZFC3H1"
"2893","6","ENSG00000162065","TBC1D24"
"2894","6","ENSG00000113838","TBCCD1"
"2895","6","ENSG00000100320","RBFOX2"
"2896","6","ENSG00000141101","NOB1"
"2897","6","ENSG00000273559","CWC25"
"2898","6","ENSG00000136141","LRCH1"
"2899","6","ENSG00000136485","DCAF7"
"2900","6","ENSG00000172590","MRPL52"
"2901","6","ENSG00000140718","FTO"
"2902","6","ENSG00000115514","TXNDC9"
"2903","6","ENSG00000163754","GYG1"
"2904","6","ENSG00000182150","ERCC6L2"
"2905","6","ENSG00000102547","CAB39L"
"2906","6","ENSG00000151532","VTI1A"
"2907","6","ENSG00000158411","MITD1"
"2908","6","ENSG00000095564","BTAF1"
"2909","6","ENSG00000136682","CBWD2"
"2910","6","ENSG00000243335","KCTD7"
"2911","7","ENSG00000106004","HOXA5"
"2912","7","ENSG00000027697","IFNGR1"
"2913","7","ENSG00000004975","DVL2"
"2914","7","ENSG00000118985","ELL2"
"2915","7","ENSG00000153048","CARHSP1"
"2916","7","ENSG00000147526","TACC1"
"2917","7","ENSG00000158470","B4GALT5"
"2918","7","ENSG00000170445","HARS"
"2919","7","ENSG00000113269","RNF130"
"2920","7","ENSG00000118200","CAMSAP2"
"2921","7","ENSG00000081320","STK17B"
"2922","7","ENSG00000171490","RSL1D1"
"2923","7","ENSG00000161277","THAP8"
"2924","7","ENSG00000088448","ANKRD10"
"2925","7","ENSG00000168734","PKIG"
"2926","7","ENSG00000074319","TSG101"
"2927","7","ENSG00000119812","FAM98A"
"2928","7","ENSG00000120742","SERP1"
"2929","7","ENSG00000169756","LIMS1"
"2930","7","ENSG00000178764","ZHX2"
"2931","7","ENSG00000062716","VMP1"
"2932","7","ENSG00000135503","ACVR1B"
"2933","7","ENSG00000100991","TRPC4AP"
"2934","7","ENSG00000152484","USP12"
"2935","7","ENSG00000120992","LYPLA1"
"2936","7","ENSG00000134779","TPGS2"
"2937","7","ENSG00000126581","BECN1"
"2938","7","ENSG00000144120","TMEM177"
"2939","7","ENSG00000116679","IVNS1ABP"
"2940","7","ENSG00000102302","FGD1"
"2941","7","ENSG00000176018","LYSMD3"
"2942","7","ENSG00000225663","FAM195B"
"2943","7","ENSG00000124302","CHST8"
"2944","7","ENSG00000163959","SLC51A"
"2945","7","ENSG00000157796","WDR19"
"2946","7","ENSG00000170876","TMEM43"
"2947","7","ENSG00000196284","SUPT3H"
"2948","7","ENSG00000138735","PDE5A"
"2949","7","ENSG00000184432","COPB2"
"2950","7","ENSG00000204634","TBC1D8"
"2951","7","ENSG00000164061","BSN"
"2952","7","ENSG00000105926","MPP6"
"2953","7","ENSG00000123213","NLN"
"2954","7","ENSG00000132182","NUP210"
"2955","7","ENSG00000138641","HERC3"
"2956","7","ENSG00000178996","SNX18"
"2957","7","ENSG00000126261","UBA2"
"2958","7","ENSG00000069974","RAB27A"
"2959","7","ENSG00000179222","MAGED1"
"2960","7","ENSG00000180304","OAZ2"
"2961","7","ENSG00000013306","SLC25A39"
"2962","7","ENSG00000105486","LIG1"
"2963","7","ENSG00000059573","ALDH18A1"
"2964","7","ENSG00000160299","PCNT"
"2965","7","ENSG00000075151","EIF4G3"
"2966","7","ENSG00000167792","NDUFV1"
"2967","7","ENSG00000143499","SMYD2"
"2968","7","ENSG00000185761","ADAMTSL5"
"2969","7","ENSG00000163808","KIF15"
"2970","7","ENSG00000168061","SAC3D1"
"2971","7","ENSG00000162062","C16orf59"
"2972","7","ENSG00000162408","NOL9"
"2973","7","ENSG00000187325","TAF9B"
"2974","7","ENSG00000162378","ZYG11B"
"2975","7","ENSG00000167513","CDT1"
"2976","7","ENSG00000167100","SAMD14"
"2977","7","ENSG00000118454","ANKRD13C"
"2978","7","ENSG00000130598","TNNI2"
"2979","7","ENSG00000117528","ABCD3"
"2980","7","ENSG00000117748","RPA2"
"2981","7","ENSG00000167107","ACSF2"
"2982","7","ENSG00000092140","G2E3"
"2983","7","ENSG00000134910","STT3A"
"2984","7","ENSG00000104687","GSR"
"2985","7","ENSG00000161638","ITGA5"
"2986","7","ENSG00000171793","CTPS1"
"2987","7","ENSG00000116005","PCYOX1"
"2988","7","ENSG00000167700","MFSD3"
"2989","7","ENSG00000162063","CCNF"
"2990","7","ENSG00000160972","PPP1R16A"
"2991","7","ENSG00000255561","FDXACB1"
"2992","7","ENSG00000160352","ZNF714"
"2993","7","ENSG00000176171","BNIP3"
"2994","7","ENSG00000012963","UBR7"
"2995","7","ENSG00000101138","CSTF1"
"2996","7","ENSG00000116750","UCHL5"
"2997","7","ENSG00000143942","CHAC2"
"2998","7","ENSG00000135457","TFCP2"
"2999","7","ENSG00000074621","SLC24A1"
"3000","7","ENSG00000100577","GSTZ1"
"3001","7","ENSG00000115524","SF3B1"
"3002","7","ENSG00000115355","CCDC88A"
"3003","7","ENSG00000161328","LRRC56"
"3004","7","ENSG00000130939","UBE4B"
"3005","7","ENSG00000181045","SLC26A11"
"3006","7","ENSG00000162819","BROX"
"3007","7","ENSG00000121897","LIAS"
"3008","7","ENSG00000132635","PCED1A"
"3009","7","ENSG00000174013","FBXO45"
"3010","7","ENSG00000149231","CCDC82"
"3011","7","ENSG00000099804","CDC34"
"3012","7","ENSG00000180423","HARBI1"
"3013","7","ENSG00000174106","LEMD3"
"3014","7","ENSG00000165030","NFIL3"
"3015","7","ENSG00000109790","KLHL5"
"3016","7","ENSG00000152642","GPD1L"
"3017","7","ENSG00000164654","MIOS"
"3018","7","ENSG00000169762","TAPT1"
"3019","7","ENSG00000147853","AK3"
"3020","7","ENSG00000101452","DHX35"
"3021","7","ENSG00000086015","MAST2"
"3022","7","ENSG00000100151","PICK1"
"3023","7","ENSG00000125875","TBC1D20"
"3024","7","ENSG00000196455","PIK3R4"
"3025","7","ENSG00000198026","ZNF335"
"3026","7","ENSG00000107362","ABHD17B"
"3027","7","ENSG00000115808","STRN"
"3028","7","ENSG00000110090","CPT1A"
"3029","7","ENSG00000170464","DNAJC18"
"3030","7","ENSG00000168807","SNTB2"
"3031","7","ENSG00000115750","TAF1B"
"3032","7","ENSG00000128928","IVD"
"3033","7","ENSG00000177565","TBL1XR1"
"3034","7","ENSG00000138036","DYNC2LI1"
"3035","7","ENSG00000110844","PRPF40B"
"3036","7","ENSG00000165699","TSC1"
"3037","7","ENSG00000011485","PPP5C"
"3038","7","ENSG00000110934","BIN2"
"3039","7","ENSG00000124209","RAB22A"
"3040","7","ENSG00000135587","SMPD2"
"3041","7","ENSG00000168038","ULK4"
"3042","7","ENSG00000178252","WDR6"
"3043","7","ENSG00000185238","PRMT3"
"3044","7","ENSG00000162775","RBM15"
"3045","7","ENSG00000163399","ATP1A1"
"3046","7","ENSG00000184056","VPS33B"
"3047","7","ENSG00000123485","HJURP"
"3048","7","ENSG00000110756","HPS5"
"3049","7","ENSG00000099910","KLHL22"
"3050","7","ENSG00000141026","MED9"
"3051","7","ENSG00000034533","ASTE1"
"3052","7","ENSG00000063761","ADCK1"
"3053","7","ENSG00000144647","POMGNT2"
"3054","7","ENSG00000114062","UBE3A"
"3055","7","ENSG00000132376","INPP5K"
"3056","7","ENSG00000166912","MTMR10"
"3057","7","ENSG00000213859","KCTD11"
"3058","7","ENSG00000160055","TMEM234"
"3059","7","ENSG00000168385","SEPT2"
"3060","7","ENSG00000240204","SMKR1"
"3061","7","ENSG00000178105","DDX10"
"3062","7","ENSG00000072682","P4HA2"
"3063","7","ENSG00000167619","TMEM145"
"3064","7","ENSG00000177169","ULK1"
"3065","7","ENSG00000148848","ADAM12"
"3066","7","ENSG00000167972","ABCA3"
"3067","7","ENSG00000121879","PIK3CA"
"3068","7","ENSG00000009830","POMT2"
"3069","7","ENSG00000140474","ULK3"
"3070","7","ENSG00000145332","KLHL8"
"3071","7","ENSG00000102178","UBL4A"
"3072","7","ENSG00000103375","AQP8"
"3073","7","ENSG00000112200","ZNF451"
"3074","7","ENSG00000164597","COG5"
"3075","7","ENSG00000197050","ZNF420"
"3076","7","ENSG00000130475","FCHO1"
"3077","7","ENSG00000175662","TOM1L2"
"3078","7","ENSG00000151151","IPMK"
"3079","7","ENSG00000074696","PTPLAD1"
"3080","7","ENSG00000115607","IL18RAP"
"3081","7","ENSG00000147454","SLC25A37"
"3082","7","ENSG00000155906","RMND1"
"3083","7","ENSG00000196470","SIAH1"
"3084","7","ENSG00000163249","CCNYL1"
"3085","7","ENSG00000066044","ELAVL1"
"3086","7","ENSG00000188021","UBQLN2"
"3087","7","ENSG00000077684","JADE1"
"3088","7","ENSG00000100104","SRRD"
"3089","7","ENSG00000063046","EIF4B"
"3090","7","ENSG00000186132","C2orf76"
"3091","7","ENSG00000167380","ZNF226"
"3092","7","ENSG00000154957","ZNF18"
"3093","7","ENSG00000004660","CAMKK1"
"3094","7","ENSG00000075399","VPS9D1"
"3095","7","ENSG00000124422","USP22"
"3096","7","ENSG00000172748","ZNF596"
"3097","7","ENSG00000053108","FSTL4"
"3098","7","ENSG00000101247","NDUFAF5"
"3099","7","ENSG00000178700","DHFRL1"
"3100","7","ENSG00000174173","TRMT10C"
"3101","7","ENSG00000137824","RMDN3"
"3102","7","ENSG00000010165","METTL13"
"3103","7","ENSG00000113742","CPEB4"
"3104","7","ENSG00000270647","TAF15"
"3105","7","ENSG00000146433","TMEM181"
"3106","7","ENSG00000160211","G6PD"
"3107","7","ENSG00000196208","GREB1"
"3108","7","ENSG00000117533","VAMP4"
"3109","7","ENSG00000167487","KLHL26"
"3110","7","ENSG00000111860","CEP85L"
"3111","7","ENSG00000162402","USP24"
"3112","7","ENSG00000164296","TIGD6"
"3113","7","ENSG00000136536","MARCH7"
"3114","7","ENSG00000166946","CCNDBP1"
"3115","7","ENSG00000182606","TRAK1"
"3116","7","ENSG00000127328","RAB3IP"
"3117","7","ENSG00000163517","HDAC11"
"3118","7","ENSG00000176624","MEX3C"
"3119","7","ENSG00000103269","RHBDL1"
"3120","7","ENSG00000178502","KLHL11"
"3121","7","ENSG00000257093","KIAA1147"
"3122","7","ENSG00000165487","MICU2"
"3123","7","ENSG00000152193","RNF219"
"3124","7","ENSG00000139354","GAS2L3"
"3125","7","ENSG00000026652","AGPAT4"
"3126","7","ENSG00000198218","QRICH1"
"3127","7","ENSG00000072310","SREBF1"
"3128","7","ENSG00000089902","RCOR1"
"3129","7","ENSG00000085433","WDR47"
"3130","7","ENSG00000176896","TCEANC"
"3131","7","ENSG00000101974","ATP11C"
"3132","7","ENSG00000131013","PPIL4"
"3133","7","ENSG00000164818","HEATR2"
"3134","7","ENSG00000011523","CEP68"
"3135","7","ENSG00000109323","MANBA"
"3136","7","ENSG00000175455","CCDC14"
"3137","7","ENSG00000150681","RGS18"
"3138","7","ENSG00000131269","ABCB7"
"3139","7","ENSG00000198663","C6orf89"
"3140","7","ENSG00000178295","GEN1"
"3141","7","ENSG00000064607","SUGP2"
"3142","7","ENSG00000118496","FBXO30"
"3143","7","ENSG00000135537","LACE1"
"3144","7","ENSG00000149212","SESN3"
"3145","7","ENSG00000110060","PUS3"
"3146","7","ENSG00000175390","EIF3F"
"3147","7","ENSG00000006453","BAIAP2L1"
"3148","7","ENSG00000143952","VPS54"
"3149","7","ENSG00000174197","MGA"
"3150","7","ENSG00000179163","FUCA1"
"3151","7","ENSG00000185963","BICD2"
"3152","7","ENSG00000196123","KIAA0895L"
"3153","7","ENSG00000139835","GRTP1"
"3154","7","ENSG00000164172","MOCS2"
"3155","7","ENSG00000137845","ADAM10"
"3156","7","ENSG00000130023","ERMARD"
"3157","7","ENSG00000132801","ZSWIM3"
"3158","7","ENSG00000088836","SLC4A11"
"3159","7","ENSG00000113209","PCDHB5"
"3160","7","ENSG00000183020","AP2A2"
"3161","7","ENSG00000007168","PAFAH1B1"
"3162","7","ENSG00000146414","SHPRH"
"3163","7","ENSG00000167721","TSR1"
"3164","7","ENSG00000197594","ENPP1"
"3165","7","ENSG00000182389","CACNB4"
"3166","7","ENSG00000083097","DOPEY1"
"3167","7","ENSG00000257008","GPR142"
"3168","7","ENSG00000015676","NUDCD3"
"3169","7","ENSG00000122692","SMU1"
"3170","7","ENSG00000120328","PCDHB12"
"3171","7","ENSG00000172172","MRPL13"
"3172","7","ENSG00000184178","SCFD2"
"3173","7","ENSG00000181513","ACBD4"
"3174","7","ENSG00000182195","LDOC1"
"3175","7","ENSG00000165775","FUNDC2"
"3176","7","ENSG00000164609","SLU7"
"3177","7","ENSG00000254726","MEX3A"
"3178","7","ENSG00000113312","TTC1"
"3179","7","ENSG00000172803","SNX32"
"3180","7","ENSG00000189266","PNRC2"
"3181","7","ENSG00000196267","ZNF836"
"3182","7","ENSG00000174721","FGFBP3"
"3183","7","ENSG00000130309","COLGALT1"
"3184","7","ENSG00000141424","SLC39A6"
"3185","7","ENSG00000143375","CGN"
"3186","7","ENSG00000165525","NEMF"
"3187","7","ENSG00000117500","TMED5"
"3188","7","ENSG00000174132","FAM174A"
"3189","7","ENSG00000092931","MFSD11"
"3190","7","ENSG00000125845","BMP2"
"3191","7","ENSG00000152932","RAB3C"
"3192","7","ENSG00000124226","RNF114"
"3193","7","ENSG00000009790","TRAF3IP3"
"3194","7","ENSG00000214960","ISPD"
"3195","7","ENSG00000198298","ZNF485"
"3196","7","ENSG00000186283","TOR3A"
"3197","7","ENSG00000205726","ITSN1"
"3198","7","ENSG00000175348","TMEM9B"
"3199","7","ENSG00000173041","ZNF680"
"3200","7","ENSG00000213928","IRF9"
"3201","7","ENSG00000116205","TCEANC2"
"3202","7","ENSG00000174151","CYB561D1"
"3203","7","ENSG00000174718","KIAA1551"
"3204","7","ENSG00000180917","CMTR2"
"3205","7","ENSG00000168438","CDC40"
"3206","7","ENSG00000107341","UBE2R2"
"3207","7","ENSG00000176871","WSB2"
"3208","7","ENSG00000140386","SCAPER"
"3209","7","ENSG00000163820","FYCO1"
"3210","7","ENSG00000185670","ZBTB3"
"3211","7","ENSG00000204946","ZNF783"
"3212","7","ENSG00000035681","NSMAF"
"3213","7","ENSG00000099942","CRKL"
"3214","7","ENSG00000072134","EPN2"
"3215","7","ENSG00000144026","ZNF514"
"3216","7","ENSG00000166135","HIF1AN"
"3217","7","ENSG00000069493","CLEC2D"
"3218","7","ENSG00000132670","PTPRA"
"3219","7","ENSG00000144668","ITGA9"
"3220","7","ENSG00000152409","JMY"
"3221","7","ENSG00000143013","LMO4"
"3222","7","ENSG00000125733","TRIP10"
"3223","7","ENSG00000141642","ELAC1"
"3224","7","ENSG00000133316","WDR74"
"3225","7","ENSG00000134627","PIWIL4"
"3226","7","ENSG00000087299","L2HGDH"
"3227","7","ENSG00000164074","C4orf29"
"3228","7","ENSG00000119042","SATB2"
"3229","7","ENSG00000106009","BRAT1"
"3230","7","ENSG00000140948","ZCCHC14"
"3231","7","ENSG00000148841","ITPRIP"
"3232","7","ENSG00000081721","DUSP12"
"3233","7","ENSG00000256223","ZNF10"
"3234","7","ENSG00000185946","RNPC3"
"3235","7","ENSG00000143951","WDPCP"
"3236","7","ENSG00000167552","TUBA1A"
"3237","7","ENSG00000174233","ADCY6"
"3238","7","ENSG00000197124","ZNF682"
"3239","7","ENSG00000167258","CDK12"
"3240","7","ENSG00000100485","SOS2"
"3241","7","ENSG00000176261","ZBTB8OS"
"3242","7","ENSG00000198799","LRIG2"
"3243","7","ENSG00000186648","LRRC16B"
"3244","7","ENSG00000203778","FAM229B"
"3245","7","ENSG00000168067","MAP4K2"
"3246","7","ENSG00000081014","AP4E1"
"3247","7","ENSG00000108591","DRG2"
"3248","7","ENSG00000213401","MAGEA12"
"3249","7","ENSG00000181031","RPH3AL"
"3250","7","ENSG00000089818","NECAP1"
"3251","7","ENSG00000148459","PDSS1"
"3252","7","ENSG00000189091","SF3B3"
"3253","7","ENSG00000168779","SHOX2"
"3254","7","ENSG00000165684","SNAPC4"
"3255","7","ENSG00000180011","ZADH2"
"3256","7","ENSG00000116580","GON4L"
"3257","7","ENSG00000077713","SLC25A43"
"3258","7","ENSG00000140465","CYP1A1"
"3259","7","ENSG00000161914","ZNF653"
"3260","7","ENSG00000062282","DGAT2"
"3261","7","ENSG00000130764","LRRC47"
"3262","7","ENSG00000108349","CASC3"
"3263","7","ENSG00000110514","MADD"
"3264","7","ENSG00000196730","DAPK1"
"3265","7","ENSG00000135837","CEP350"
"3266","7","ENSG00000119048","UBE2B"
"3267","7","ENSG00000136451","VEZF1"
"3268","7","ENSG00000156026","MCU"
"3269","7","ENSG00000083937","CHMP2B"
"3270","7","ENSG00000141858","SAMD1"
"3271","8","ENSG00000134489","HRH4"
"3272","8","ENSG00000168785","TSPAN5"
"3273","8","ENSG00000124091","GCNT7"
"3274","8","ENSG00000183844","FAM3B"
"3275","8","ENSG00000177459","ERICH5"
"3276","8","ENSG00000170476","MZB1"
"3277","8","ENSG00000147437","GNRH1"
"3278","8","ENSG00000160838","LRRC71"
"3279","8","ENSG00000095713","CRTAC1"
"3280","8","ENSG00000111799","COL12A1"
"3281","8","ENSG00000185897","FFAR3"
"3282","8","ENSG00000163581","SLC2A2"
"3283","8","ENSG00000158813","EDA"
"3284","8","ENSG00000196860","TOMM20L"
"3285","8","ENSG00000275591","XKR5"
"3286","8","ENSG00000254550","OMP"
"3287","8","ENSG00000169918","OTUD7A"
"3288","8","ENSG00000144152","FBLN7"
"3289","8","ENSG00000150676","CCDC83"
"3290","8","ENSG00000154319","FAM167A"
"3291","8","ENSG00000189375","TBC1D28"
"3292","8","ENSG00000073146","MOV10L1"
"3293","8","ENSG00000143816","WNT9A"
"3294","8","ENSG00000267179","ZNF763"
"3295","8","ENSG00000065029","ZNF76"
"3296","8","ENSG00000144355","DLX1"
"3297","8","ENSG00000172365","OR5B2"
"3298","8","ENSG00000138101","DTNB"
"3299","8","ENSG00000120075","HOXB5"
"3300","8","ENSG00000105664","COMP"
"3301","8","ENSG00000163833","FBXO40"
"3302","8","ENSG00000114279","FGF12"
"3303","8","ENSG00000092377","TBL1Y"
"3304","8","ENSG00000130741","EIF2S3"
"3305","8","ENSG00000149646","CNBD2"
"3306","8","ENSG00000144488","ESPNL"
"3307","8","ENSG00000244482","LILRA6"
"3308","8","ENSG00000000003","TSPAN6"
"3309","8","ENSG00000188910","GJB3"
"3310","8","ENSG00000124374","PAIP2B"
"3311","8","ENSG00000140368","PSTPIP1"
"3312","8","ENSG00000141540","TTYH2"
"3313","8","ENSG00000183654","MARCH11"
"3314","8","ENSG00000156920","GPR112"
"3315","8","ENSG00000198429","ZNF69"
"3316","8","ENSG00000188175","HEPACAM2"
"3317","8","ENSG00000181001","OR52N1"
"3318","8","ENSG00000244731","C4A"
"3319","8","ENSG00000167360","OR51Q1"
"3320","8","ENSG00000184697","CLDN6"
"3321","8","ENSG00000178826","TMEM139"
"3322","8","ENSG00000155886","SLC24A2"
"3323","8","ENSG00000226887","ERVMER34-1"
"3324","8","ENSG00000244588","RAD21L1"
"3325","8","ENSG00000198963","RORB"
"3326","8","ENSG00000008438","PGLYRP1"
"3327","8","ENSG00000130300","PLVAP"
"3328","8","ENSG00000105137","SYDE1"
"3329","8","ENSG00000182175","RGMA"
"3330","8","ENSG00000171931","FBXW10"
"3331","8","ENSG00000188112","C6orf132"
"3332","8","ENSG00000233608","TWIST2"
"3333","8","ENSG00000116771","AGMAT"
"3334","8","ENSG00000153898","MCOLN2"
"3335","8","ENSG00000108309","RUNDC3A"
"3336","8","ENSG00000141434","MEP1B"
"3337","8","ENSG00000184988","TMEM106A"
"3338","8","ENSG00000140807","NKD1"
"3339","8","ENSG00000012504","NR1H4"
"3340","8","ENSG00000133687","TMTC1"
"3341","8","ENSG00000140945","CDH13"
"3342","8","ENSG00000162881","OXER1"
"3343","8","ENSG00000111405","ENDOU"
"3344","8","ENSG00000168148","HIST3H3"
"3345","8","ENSG00000136928","GABBR2"
"3346","8","ENSG00000147465","STAR"
"3347","8","ENSG00000100336","APOL4"
"3348","8","ENSG00000101470","TNNC2"
"3349","8","ENSG00000240972","MIF"
"3350","8","ENSG00000130988","RGN"
"3351","8","ENSG00000164690","SHH"
"3352","8","ENSG00000165197","FIGF"
"3353","8","ENSG00000173868","PHOSPHO1"
"3354","8","ENSG00000101280","ANGPT4"
"3355","8","ENSG00000144810","COL8A1"
"3356","8","ENSG00000162344","FGF19"
"3357","8","ENSG00000187905","LRRC74B"
"3358","8","ENSG00000165140","FBP1"
"3359","8","ENSG00000131400","NAPSA"
"3360","8","ENSG00000100867","DHRS2"
"3361","8","ENSG00000119608","PROX2"
"3362","8","ENSG00000204532","ZSCAN5C"
"3363","8","ENSG00000147647","DPYS"
"3364","8","ENSG00000152822","GRM1"
"3365","8","ENSG00000258388","PPT2-EGFL8"
"3366","8","ENSG00000175426","PCSK1"
"3367","8","ENSG00000186340","THBS2"
"3368","8","ENSG00000205090","TMEM240"
"3369","8","ENSG00000185565","LSAMP"
"3370","8","ENSG00000159674","SPON2"
"3371","8","ENSG00000254852","NPIPA2"
"3372","8","ENSG00000063587","ZNF275"
"3373","8","ENSG00000246705","H2AFJ"
"3374","8","ENSG00000183479","TREX2"
"3375","8","ENSG00000230778","ANKRD63"
"3376","8","ENSG00000170608","FOXA3"
"3377","8","ENSG00000006047","YBX2"
"3378","8","ENSG00000138675","FGF5"
"3379","8","ENSG00000239590","OR1J4"
"3380","8","ENSG00000163412","EIF4E3"
"3381","8","ENSG00000151150","ANK3"
"3382","8","ENSG00000197993","KEL"
"3383","8","ENSG00000099840","IZUMO4"
"3384","8","ENSG00000255374","TAS2R43"
"3385","8","ENSG00000168917","SLC35G2"
"3386","8","ENSG00000162069","CCDC64B"
"3387","8","ENSG00000113073","SLC4A9"
"3388","8","ENSG00000278224","PRICKLE4"
"3389","8","ENSG00000110811","LEPREL2"
"3390","8","ENSG00000120949","TNFRSF8"
"3391","8","ENSG00000160221","C21orf33"
"3392","8","ENSG00000177707","PVRL3"
"3393","8","ENSG00000118520","ARG1"
"3394","8","ENSG00000259305","ZHX1-C8orf76"
"3395","8","ENSG00000100473","COCH"
"3396","8","ENSG00000214456","PLIN5"
"3397","8","ENSG00000164185","ZNF474"
"3398","8","ENSG00000249222","ATP5L2"
"3399","8","ENSG00000182676","PPP1R27"
"3400","8","ENSG00000081148","IMPG2"
"3401","8","ENSG00000164176","EDIL3"
"3402","8","ENSG00000177275","OR2AJ1"
"3403","8","ENSG00000157538","DSCR3"
"3404","8","ENSG00000102359","SRPX2"
"3405","8","ENSG00000253457","SMIM18"
"3406","8","ENSG00000187957","DNER"
"3407","8","ENSG00000149527","PLCH2"
"3408","8","ENSG00000178297","TMPRSS9"
"3409","8","ENSG00000151778","SERP2"
"3410","8","ENSG00000140839","CLEC18B"
"3411","8","ENSG00000124678","TCP11"
"3412","8","ENSG00000133742","CA1"
"3413","8","ENSG00000198835","GJC2"
"3414","8","ENSG00000078596","ITM2A"
"3415","8","ENSG00000186854","TRABD2A"
"3416","8","ENSG00000232237","ASCL5"
"3417","8","ENSG00000105143","SLC1A6"
"3418","8","ENSG00000109458","GAB1"
"3419","8","ENSG00000169962","TAS1R3"
"3420","8","ENSG00000135973","GPR45"
"3421","8","ENSG00000143473","KCNH1"
"3422","8","ENSG00000257950","P2RX5-TAX1BP3"
"3423","8","ENSG00000141698","NT5C3B"
"3424","8","ENSG00000178075","GRAMD1C"
"3425","8","ENSG00000171189","GRIK1"
"3426","8","ENSG00000161082","CELF5"
"3427","8","ENSG00000152217","SETBP1"
"3428","8","ENSG00000198822","GRM3"
"3429","8","ENSG00000126759","CFP"
"3430","8","ENSG00000124194","GDAP1L1"
"3431","8","ENSG00000108784","NAGLU"
"3432","8","ENSG00000100167","SEPT3"
"3433","8","ENSG00000138311","ZNF365"
"3434","8","ENSG00000184956","MUC6"
"3435","8","ENSG00000164675","IQUB"
"3436","8","ENSG00000135454","B4GALNT1"
"3437","8","ENSG00000092850","TEKT2"
"3438","8","ENSG00000111962","UST"
"3439","8","ENSG00000183496","MEX3B"
"3440","8","ENSG00000163520","FBLN2"
"3441","8","ENSG00000119737","GPR75"
"3442","8","ENSG00000153294","GPR115"
"3443","8","ENSG00000276045","ORAI1"
"3444","8","ENSG00000173250","GPR151"
"3445","8","ENSG00000166743","ACSM1"
"3446","8","ENSG00000116983","HPCAL4"
"3447","8","ENSG00000174225","ARL13A"
"3448","8","ENSG00000087250","MT3"
"3449","8","ENSG00000169085","C8orf46"
"3450","8","ENSG00000154099","DNAAF1"
"3451","8","ENSG00000142279","WTIP"
"3452","8","ENSG00000147081","AKAP4"
"3453","8","ENSG00000166578","IQCD"
"3454","8","ENSG00000128408","RIBC2"
"3455","8","ENSG00000173914","RBM4B"
"3456","8","ENSG00000130528","HRC"
"3457","8","ENSG00000187024","PTRH1"
"3458","8","ENSG00000167085","PHB"
"3459","8","ENSG00000105852","PON3"
"3460","8","ENSG00000160471","COX6B2"
"3461","8","ENSG00000186976","EFCAB6"
"3462","8","ENSG00000166268","MYRFL"
"3463","8","ENSG00000170477","KRT4"
"3464","8","ENSG00000263639","MSMB"
"3465","8","ENSG00000157388","CACNA1D"
"3466","8","ENSG00000143184","XCL1"
"3467","8","ENSG00000119125","GDA"
"3468","8","ENSG00000255524","NPIPB8"
"3469","8","ENSG00000184344","GDF3"
"3470","8","ENSG00000173678","SPDYE2B"
"3471","8","ENSG00000277224","HIST1H2BF"
"3472","8","ENSG00000160207","HSF2BP"
"3473","8","ENSG00000185955","C7orf61"
"3474","8","ENSG00000213901","SLC23A3"
"3475","8","ENSG00000111783","RFX4"
"3476","8","ENSG00000243708","PLA2G4B"
"3477","8","ENSG00000167992","VWCE"
"3478","8","ENSG00000086696","HSD17B2"
"3479","8","ENSG00000139116","KIF21A"
"3480","8","ENSG00000197444","OGDHL"
"3481","8","ENSG00000244734","HBB"
"3482","8","ENSG00000070778","PTPN21"
"3483","8","ENSG00000184470","TXNRD2"
"3484","8","ENSG00000127399","LRRC61"
"3485","8","ENSG00000182271","TMIGD1"
"3486","8","ENSG00000171595","DNAI2"
"3487","8","ENSG00000183196","CHST6"
"3488","8","ENSG00000239732","TLR9"
"3489","8","ENSG00000071677","PRLH"
"3490","8","ENSG00000250506","CDK3"
"3491","8","ENSG00000173267","SNCG"
"3492","8","ENSG00000186810","CXCR3"
"3493","8","ENSG00000169174","PCSK9"
"3494","8","ENSG00000143195","ILDR2"
"3495","8","ENSG00000155666","KDM8"
"3496","8","ENSG00000170967","DDI1"
"3497","8","ENSG00000268182","SMIM17"
"3498","8","ENSG00000171435","KSR2"
"3499","8","ENSG00000177181","RIMKLA"
"3500","8","ENSG00000263353","PPIAL4B"
"3501","8","ENSG00000165633","VSTM4"
"3502","8","ENSG00000109794","FAM149A"
"3503","8","ENSG00000111816","FRK"
"3504","8","ENSG00000087589","CASS4"
"3505","8","ENSG00000137331","IER3"
"3506","8","ENSG00000158055","GRHL3"
"3507","8","ENSG00000168772","CXXC4"
"3508","8","ENSG00000186174","BCL9L"
"3509","8","ENSG00000169397","RNASE3"
"3510","8","ENSG00000186710","CCDC42B"
"3511","8","ENSG00000152705","CATSPER3"
"3512","8","ENSG00000048471","SNX29"
"3513","8","ENSG00000135094","SDS"
"3514","8","ENSG00000131910","NR0B2"
"3515","8","ENSG00000206073","SERPINB4"
"3516","8","ENSG00000186049","KRT73"
"3517","8","ENSG00000128573","FOXP2"
"3518","8","ENSG00000172640","OR10AD1"
"3519","8","ENSG00000196449","YRDC"
"3520","8","ENSG00000166033","HTRA1"
"3521","8","ENSG00000166961","MS4A15"
"3522","8","ENSG00000179142","CYP11B2"
"3523","8","ENSG00000158423","RIBC1"
"3524","8","ENSG00000154639","CXADR"
"3525","8","ENSG00000206559","ZCWPW2"
"3526","8","ENSG00000160404","TOR2A"
"3527","8","ENSG00000253537","PCDHGA7"
"3528","8","ENSG00000127366","TAS2R5"
"3529","8","ENSG00000159648","TEPP"
"3530","8","ENSG00000168453","HR"
"3531","8","ENSG00000179698","KIAA1875"
"3532","8","ENSG00000134184","GSTM1"
"3533","8","ENSG00000179256","SMCO3"
"3534","8","ENSG00000150722","PPP1R1C"
"3535","8","ENSG00000130413","STK33"
"3536","8","ENSG00000180871","CXCR2"
"3537","8","ENSG00000249437","NAIP"
"3538","8","ENSG00000204219","TCEA3"
"3539","8","ENSG00000116147","TNR"
"3540","8","ENSG00000105609","LILRB5"
"3541","8","ENSG00000103534","TMC5"
"3542","8","ENSG00000169902","TPST1"
"3543","8","ENSG00000116544","DLGAP3"
"3544","8","ENSG00000171219","CDC42BPG"
"3545","8","ENSG00000169122","FAM110B"
"3546","8","ENSG00000181392","SYNE4"
"3547","8","ENSG00000182600","C2orf82"
"3548","8","ENSG00000243710","CFAP57"
"3549","8","ENSG00000163958","ZDHHC19"
"3550","8","ENSG00000183597","TANGO2"
"3551","8","ENSG00000054179","ENTPD2"
"3552","8","ENSG00000125735","TNFSF14"
"3553","8","ENSG00000213186","TRIM59"
"3554","8","ENSG00000166523","CLEC4E"
"3555","8","ENSG00000196793","ZNF239"
"3556","8","ENSG00000137860","SLC28A2"
"3557","8","ENSG00000198947","DMD"
"3558","8","ENSG00000122863","CHST3"
"3559","8","ENSG00000153165","RGPD3"
"3560","8","ENSG00000133067","LGR6"
"3561","8","ENSG00000180988","OR52N2"
"3562","8","ENSG00000126549","STATH"
"3563","8","ENSG00000188766","SPRED3"
"3564","8","ENSG00000185015","CA13"
"3565","8","ENSG00000274209","ANTXRL"
"3566","8","ENSG00000205869","KRTAP5-1"
"3567","8","ENSG00000163701","IL17RE"
"3568","8","ENSG00000182782","HCAR2"
"3569","8","ENSG00000162878","PKDCC"
"3570","8","ENSG00000164591","MYOZ3"
"3571","9","ENSG00000170791","CHCHD7"
"3572","9","ENSG00000153485","TMEM251"
"3573","9","ENSG00000115539","PDCL3"
"3574","9","ENSG00000157703","SVOPL"
"3575","9","ENSG00000128271","ADORA2A"
"3576","9","ENSG00000172586","CHCHD1"
"3577","9","ENSG00000137714","FDX1"
"3578","9","ENSG00000106245","BUD31"
"3579","9","ENSG00000136541","ERMN"
"3580","9","ENSG00000080822","CLDND1"
"3581","9","ENSG00000181038","METTL23"
"3582","9","ENSG00000109536","FRG1"
"3583","9","ENSG00000126524","SBDS"
"3584","9","ENSG00000068903","SIRT2"
"3585","9","ENSG00000157837","SPPL3"
"3586","9","ENSG00000106605","BLVRA"
"3587","9","ENSG00000166295","ANAPC16"
"3588","9","ENSG00000011260","UTP18"
"3589","9","ENSG00000080824","HSP90AA1"
"3590","9","ENSG00000198721","ECI2"
"3591","9","ENSG00000119899","SLC17A5"
"3592","9","ENSG00000171055","FEZ2"
"3593","9","ENSG00000142227","EMP3"
"3594","9","ENSG00000205542","TMSB4X"
"3595","9","ENSG00000104529","EEF1D"
"3596","9","ENSG00000163191","S100A11"
"3597","9","ENSG00000100097","LGALS1"
"3598","9","ENSG00000187193","MT1X"
"3599","9","ENSG00000204540","PSORS1C1"
"3600","9","ENSG00000112514","CUTA"
"3601","9","ENSG00000240857","RDH14"
"3602","9","ENSG00000113558","SKP1"
"3603","9","ENSG00000122873","CISD1"
"3604","9","ENSG00000129055","ANAPC13"
"3605","9","ENSG00000162604","TM2D1"
"3606","9","ENSG00000205649","HTN3"
"3607","9","ENSG00000115310","RTN4"
"3608","9","ENSG00000132965","ALOX5AP"
"3609","9","ENSG00000150459","SAP18"
"3610","9","ENSG00000185825","BCAP31"
"3611","9","ENSG00000137038","TMEM261"
"3612","9","ENSG00000143156","NME7"
"3613","9","ENSG00000177954","RPS27"
"3614","9","ENSG00000165502","RPL36AL"
"3615","9","ENSG00000010278","CD9"
"3616","9","ENSG00000255302","EID1"
"3617","9","ENSG00000104408","EIF3E"
"3618","9","ENSG00000090263","MRPS33"
"3619","9","ENSG00000112306","RPS12"
"3620","9","ENSG00000139168","ZCRB1"
"3621","9","ENSG00000160124","CCDC58"
"3622","9","ENSG00000172428","MYEOV2"
"3623","9","ENSG00000185608","MRPL40"
"3624","9","ENSG00000272047","GTF2H5"
"3625","9","ENSG00000156482","RPL30"
"3626","9","ENSG00000120333","MRPS14"
"3627","9","ENSG00000159210","SNF8"
"3628","9","ENSG00000164346","NSA2"
"3629","9","ENSG00000170889","RPS9"
"3630","9","ENSG00000198417","MT1F"
"3631","9","ENSG00000111639","MRPL51"
"3632","9","ENSG00000162961","DPY30"
"3633","9","ENSG00000101132","PFDN4"
"3634","9","ENSG00000136104","RNASEH2B"
"3635","9","ENSG00000212127","TAS2R14"
"3636","9","ENSG00000183617","MRPL54"
"3637","9","ENSG00000144635","DYNC1LI1"
"3638","9","ENSG00000229117","RPL41"
"3639","9","ENSG00000132963","POMP"
"3640","9","ENSG00000196072","BLOC1S2"
"3641","9","ENSG00000120727","PAIP2"
"3642","9","ENSG00000155115","GTF3C6"
"3643","9","ENSG00000115128","SF3B6"
"3644","9","ENSG00000127922","SHFM1"
"3645","9","ENSG00000115866","DARS"
"3646","9","ENSG00000164040","PGRMC2"
"3647","9","ENSG00000059588","TARBP1"
"3648","9","ENSG00000136810","TXN"
"3649","9","ENSG00000127884","ECHS1"
"3650","9","ENSG00000083099","LYRM2"
"3651","9","ENSG00000025039","RRAGD"
"3652","9","ENSG00000131495","NDUFA2"
"3653","9","ENSG00000167863","ATP5H"
"3654","9","ENSG00000167671","UBXN6"
"3655","9","ENSG00000184900","SUMO3"
"3656","9","ENSG00000160213","CSTB"
"3657","9","ENSG00000170502","NUDT9"
"3658","9","ENSG00000128739","SNRPN"
"3659","9","ENSG00000092529","CAPN3"
"3660","9","ENSG00000090581","GNPTG"
"3661","9","ENSG00000108828","VAT1"
"3662","9","ENSG00000066855","MTFR1"
"3663","9","ENSG00000161970","RPL26"
"3664","9","ENSG00000187109","NAP1L1"
"3665","9","ENSG00000196976","LAGE3"
"3666","9","ENSG00000228474","OST4"
"3667","9","ENSG00000228300","C19orf24"
"3668","9","ENSG00000154723","ATP5J"
"3669","9","ENSG00000145425","RPS3A"
"3670","9","ENSG00000164405","UQCRQ"
"3671","9","ENSG00000119655","NPC2"
"3672","9","ENSG00000132196","HSD17B7"
"3673","9","ENSG00000099624","ATP5D"
"3674","9","ENSG00000204463","BAG6"
"3675","9","ENSG00000183011","NAA38"
"3676","9","ENSG00000173457","PPP1R14B"
"3677","9","ENSG00000152767","FARP1"
"3678","9","ENSG00000122417","ODF2L"
"3679","9","ENSG00000144228","SPOPL"
"3680","9","ENSG00000184402","SS18L1"
"3681","9","ENSG00000196154","S100A4"
"3682","9","ENSG00000169020","ATP5I"
"3683","9","ENSG00000241837","ATP5O"
"3684","9","ENSG00000160194","NDUFV3"
"3685","9","ENSG00000153037","SRP19"
"3686","9","ENSG00000066739","ATG2B"
"3687","9","ENSG00000196873","CBWD3"
"3688","9","ENSG00000158109","TPRG1L"
"3689","9","ENSG00000163170","BOLA3"
"3690","9","ENSG00000183648","NDUFB1"
"3691","9","ENSG00000063177","RPL18"
"3692","9","ENSG00000167283","ATP5L"
"3693","9","ENSG00000103495","MAZ"
"3694","9","ENSG00000065518","NDUFB4"
"3695","9","ENSG00000165416","SUGT1"
"3696","9","ENSG00000079950","STX7"
"3697","9","ENSG00000100711","ZFYVE21"
"3698","9","ENSG00000052802","MSMO1"
"3699","9","ENSG00000107821","KAZALD1"
"3700","9","ENSG00000076043","REXO2"
"3701","9","ENSG00000169981","ZNF35"
"3702","9","ENSG00000138942","RNF185"
"3703","9","ENSG00000114391","RPL24"
"3704","9","ENSG00000167985","SDHAF2"
"3705","9","ENSG00000153944","MSI2"
"3706","9","ENSG00000125995","ROMO1"
"3707","9","ENSG00000128534","LSM8"
"3708","9","ENSG00000171960","PPIH"
"3709","9","ENSG00000174891","RSRC1"
"3710","9","ENSG00000161281","COX7A1"
"3711","9","ENSG00000072506","HSD17B10"
"3712","9","ENSG00000100028","SNRPD3"
"3713","9","ENSG00000166441","RPL27A"
"3714","9","ENSG00000197111","PCBP2"
"3715","9","ENSG00000204435","CSNK2B"
"3716","9","ENSG00000140374","ETFA"
"3717","9","ENSG00000146066","HIGD2A"
"3718","9","ENSG00000171863","RPS7"
"3719","9","ENSG00000124562","SNRPC"
"3720","9","ENSG00000129235","TXNDC17"
"3721","9","ENSG00000140307","GTF2A2"
"3722","9","ENSG00000082515","MRPL22"
"3723","9","ENSG00000125691","RPL23"
"3724","9","ENSG00000182117","NOP10"
"3725","9","ENSG00000129559","NEDD8"
"3726","9","ENSG00000129562","DAD1"
"3727","9","ENSG00000143947","RPS27A"
"3728","9","ENSG00000132432","SEC61G"
"3729","9","ENSG00000163541","SUCLG1"
"3730","9","ENSG00000106355","LSM5"
"3731","9","ENSG00000113460","BRIX1"
"3732","9","ENSG00000243147","MRPL33"
"3733","9","ENSG00000175701","LINC00116"
"3734","9","ENSG00000198258","UBL5"
"3735","9","ENSG00000111775","COX6A1"
"3736","9","ENSG00000173486","FKBP2"
"3737","9","ENSG00000126267","COX6B1"
"3738","9","ENSG00000115541","HSPE1"
"3739","9","ENSG00000164258","NDUFS4"
"3740","9","ENSG00000131469","RPL27"
"3741","9","ENSG00000113387","SUB1"
"3742","9","ENSG00000188243","COMMD6"
"3743","9","ENSG00000177600","RPLP2"
"3744","9","ENSG00000089009","RPL6"
"3745","9","ENSG00000269067","ZNF728"
"3746","9","ENSG00000196531","NACA"
"3747","9","ENSG00000143420","ENSA"
"3748","9","ENSG00000198242","RPL23A"
"3749","9","ENSG00000143256","PFDN2"
"3750","9","ENSG00000233927","RPS28"
"3751","9","ENSG00000253506","NACA2"
"3752","9","ENSG00000124172","ATP5E"
"3753","9","ENSG00000241468","ATP5J2"
"3754","9","ENSG00000145741","BTF3"
"3755","9","ENSG00000147669","POLR2K"
"3756","9","ENSG00000008988","RPS20"
"3757","9","ENSG00000171858","RPS21"
"3758","9","ENSG00000134419","RPS15A"
"3759","9","ENSG00000197756","RPL37A"
"3760","9","ENSG00000169139","UBE2V2"
"3761","9","ENSG00000232112","TMA7"
"3762","9","ENSG00000119632","IFI27L2"
"3763","9","ENSG00000037241","RPL26L1"
"3764","9","ENSG00000085231","TAF9"
"3765","9","ENSG00000099795","NDUFB7"
"3766","9","ENSG00000111716","LDHB"
"3767","9","ENSG00000140264","SERF2"
"3768","9","ENSG00000179085","DPM3"
"3769","9","ENSG00000165609","NUDT5"
"3770","9","ENSG00000156411","C14orf2"
"3771","9","ENSG00000182899","RPL35A"
"3772","9","ENSG00000173915","USMG5"
"3773","9","ENSG00000221983","UBA52"
"3774","9","ENSG00000167088","SNRPD1"
"3775","9","ENSG00000145592","RPL37"
"3776","9","ENSG00000188846","RPL14"
"3777","9","ENSG00000154582","TCEB1"
"3778","9","ENSG00000172809","RPL38"
"3779","9","ENSG00000116171","SCP2"
"3780","9","ENSG00000166797","FAM96A"
"3781","9","ENSG00000170906","NDUFA3"
"3782","9","ENSG00000109475","RPL34"
"3783","9","ENSG00000243449","C4orf48"
"3784","9","ENSG00000198918","RPL39"
"3785","9","ENSG00000143977","SNRPG"
"3786","9","ENSG00000164758","MED30"
"3787","9","ENSG00000106367","AP1S1"
"3788","9","ENSG00000105372","RPS19"
"3789","9","ENSG00000108590","MED31"
"3790","9","ENSG00000171530","TBCA"
"3791","9","ENSG00000115268","RPS15"
"3792","9","ENSG00000119013","NDUFB3"
"3793","9","ENSG00000135390","ATP5G2"
"3794","9","ENSG00000164919","COX6C"
"3795","9","ENSG00000156928","MALSU1"
"3796","9","ENSG00000163634","THOC7"
"3797","9","ENSG00000135698","MPHOSPH6"
"3798","9","ENSG00000144713","RPL32"
"3799","9","ENSG00000100387","RBX1"
"3800","9","ENSG00000166794","PPIB"
"3801","9","ENSG00000163751","CPA3"
"3802","9","ENSG00000178691","SUZ12"
"3803","9","ENSG00000153140","CETN3"
"3804","9","ENSG00000184076","UQCR10"
"3805","9","ENSG00000139343","SNRPF"
"3806","9","ENSG00000167862","ICT1"
"3807","9","ENSG00000171159","C9orf16"
"3808","9","ENSG00000164587","RPS14"
"3809","9","ENSG00000168894","RNF181"
"3810","9","ENSG00000205544","TMEM256"
"3811","9","ENSG00000111237","VPS29"
"3812","9","ENSG00000118363","SPCS2"
"3813","9","ENSG00000105640","RPL18A"
"3814","9","ENSG00000145912","NHP2"
"3815","9","ENSG00000242485","MRPL20"
"3816","9","ENSG00000111196","MAGOHB"
"3817","9","ENSG00000183426","NPIPA1"
"3818","9","ENSG00000198301","SDAD1"
"3819","9","ENSG00000243927","MRPS6"
"3820","9","ENSG00000136942","RPL35"
"3821","9","ENSG00000189042","ZNF567"
"3822","9","ENSG00000148690","FRA10AC1"
"3823","9","ENSG00000112695","COX7A2"
"3824","9","ENSG00000125870","SNRPB2"
"3825","9","ENSG00000130255","RPL36"
"3826","9","ENSG00000147649","MTDH"
"3827","9","ENSG00000174917","C19orf70"
"3828","9","ENSG00000141378","PTRH2"
"3829","9","ENSG00000112339","HBS1L"
"3830","9","ENSG00000142534","RPS11"
"3831","9","ENSG00000088832","FKBP1A"
"3832","9","ENSG00000108953","YWHAE"
"3833","9","ENSG00000110700","RPS13"
"3834","9","ENSG00000118181","RPS25"
"3835","9","ENSG00000153006","SREK1IP1"
"3836","9","ENSG00000149806","FAU"
"3837","9","ENSG00000138326","RPS24"
"3838","9","ENSG00000010932","FMO1"
"3839","9","ENSG00000119705","SLIRP"
"3840","9","ENSG00000134825","TMEM258"
"3841","9","ENSG00000100764","PSMC1"
"3842","9","ENSG00000167526","RPL13"
"3843","9","ENSG00000198856","OSTC"
"3844","9","ENSG00000197956","S100A6"
"3845","9","ENSG00000140319","SRP14"
"3846","9","ENSG00000213741","RPS29"
"3847","9","ENSG00000138495","COX17"
"3848","9","ENSG00000166289","PLEKHF1"
"3849","9","ENSG00000103363","TCEB2"
"3850","9","ENSG00000146576","C7orf26"
"3851","9","ENSG00000163682","RPL9"
"3852","9","ENSG00000144642","RBMS3"
"3853","9","ENSG00000129422","MTUS1"
"3854","9","ENSG00000104979","C19orf53"
"3855","9","ENSG00000175334","BANF1"
"3856","9","ENSG00000183172","SMDT1"
"3857","9","ENSG00000120533","ENY2"
"3858","10","ENSG00000138303","ASCC1"
"3859","10","ENSG00000109099","PMP22"
"3860","10","ENSG00000027075","PRKCH"
"3861","10","ENSG00000058600","POLR3E"
"3862","10","ENSG00000108175","ZMIZ1"
"3863","10","ENSG00000164300","SERINC5"
"3864","10","ENSG00000146676","PURB"
"3865","10","ENSG00000185669","SNAI3"
"3866","10","ENSG00000133069","TMCC2"
"3867","10","ENSG00000158526","TSR2"
"3868","10","ENSG00000159363","ATP13A2"
"3869","10","ENSG00000083312","TNPO1"
"3870","10","ENSG00000176903","PNMA1"
"3871","10","ENSG00000140297","GCNT3"
"3872","10","ENSG00000070366","SMG6"
"3873","10","ENSG00000007944","MYLIP"
"3874","10","ENSG00000156384","SFR1"
"3875","10","ENSG00000108799","EZH1"
"3876","10","ENSG00000147251","DOCK11"
"3877","10","ENSG00000269556","TMEM185A"
"3878","10","ENSG00000198722","UNC13B"
"3879","10","ENSG00000170275","CRTAP"
"3880","10","ENSG00000198909","MAP3K3"
"3881","10","ENSG00000073111","MCM2"
"3882","10","ENSG00000174231","PRPF8"
"3883","10","ENSG00000131238","PPT1"
"3884","10","ENSG00000183527","PSMG1"
"3885","10","ENSG00000185104","FAF1"
"3886","10","ENSG00000170899","GSTA4"
"3887","10","ENSG00000226479","TMEM185B"
"3888","10","ENSG00000178035","IMPDH2"
"3889","10","ENSG00000099308","MAST3"
"3890","10","ENSG00000100372","SLC25A17"
"3891","10","ENSG00000139697","SBNO1"
"3892","10","ENSG00000091157","WDR7"
"3893","10","ENSG00000163939","PBRM1"
"3894","10","ENSG00000100678","SLC8A3"
"3895","10","ENSG00000134905","CARS2"
"3896","10","ENSG00000173992","CCS"
"3897","10","ENSG00000077232","DNAJC10"
"3898","10","ENSG00000151553","FAM160B1"
"3899","10","ENSG00000165724","ZMYND19"
"3900","10","ENSG00000139433","GLTP"
"3901","10","ENSG00000157985","AGAP1"
"3902","10","ENSG00000049541","RFC2"
"3903","10","ENSG00000163527","STT3B"
"3904","10","ENSG00000196652","ZKSCAN5"
"3905","10","ENSG00000175931","UBE2O"
"3906","10","ENSG00000113649","TCERG1"
"3907","10","ENSG00000197785","ATAD3A"
"3908","10","ENSG00000135829","DHX9"
"3909","10","ENSG00000108861","DUSP3"
"3910","10","ENSG00000134049","IER3IP1"
"3911","10","ENSG00000110906","KCTD10"
"3912","10","ENSG00000078674","PCM1"
"3913","10","ENSG00000175395","ZNF25"
"3914","10","ENSG00000135775","COG2"
"3915","10","ENSG00000119487","MAPKAP1"
"3916","10","ENSG00000141258","SGSM2"
"3917","10","ENSG00000103342","GSPT1"
"3918","10","ENSG00000175216","CKAP5"
"3919","10","ENSG00000148672","GLUD1"
"3920","10","ENSG00000152439","ZNF773"
"3921","10","ENSG00000173801","JUP"
"3922","10","ENSG00000107771","CCSER2"
"3923","10","ENSG00000107077","KDM4C"
"3924","10","ENSG00000161800","RACGAP1"
"3925","10","ENSG00000077235","GTF3C1"
"3926","10","ENSG00000112759","SLC29A1"
"3927","10","ENSG00000196155","PLEKHG4"
"3928","10","ENSG00000010072","SPRTN"
"3929","10","ENSG00000141425","RPRD1A"
"3930","10","ENSG00000198040","ZNF84"
"3931","10","ENSG00000120438","TCP1"
"3932","10","ENSG00000183117","CSMD1"
"3933","10","ENSG00000166411","IDH3A"
"3934","10","ENSG00000187097","ENTPD5"
"3935","10","ENSG00000148730","EIF4EBP2"
"3936","10","ENSG00000128791","TWSG1"
"3937","10","ENSG00000166377","ATP9B"
"3938","10","ENSG00000066455","GOLGA5"
"3939","10","ENSG00000186834","HEXIM1"
"3940","10","ENSG00000139974","SLC38A6"
"3941","10","ENSG00000012174","MBTPS2"
"3942","10","ENSG00000106351","AGFG2"
"3943","10","ENSG00000160145","KALRN"
"3944","10","ENSG00000084676","NCOA1"
"3945","10","ENSG00000077238","IL4R"
"3946","10","ENSG00000143751","SDE2"
"3947","10","ENSG00000075568","TMEM131"
"3948","10","ENSG00000139496","NUPL1"
"3949","10","ENSG00000168118","RAB4A"
"3950","10","ENSG00000015153","YAF2"
"3951","10","ENSG00000058804","NDC1"
"3952","10","ENSG00000136816","TOR1B"
"3953","10","ENSG00000141556","TBCD"
"3954","10","ENSG00000156804","FBXO32"
"3955","10","ENSG00000106397","PLOD3"
"3956","10","ENSG00000116688","MFN2"
"3957","10","ENSG00000149260","CAPN5"
"3958","10","ENSG00000198792","TMEM184B"
"3959","10","ENSG00000177455","CD19"
"3960","10","ENSG00000139793","MBNL2"
"3961","10","ENSG00000165025","SYK"
"3962","10","ENSG00000140284","SLC27A2"
"3963","10","ENSG00000134516","DOCK2"
"3964","10","ENSG00000099219","ERMP1"
"3965","10","ENSG00000197928","ZNF677"
"3966","10","ENSG00000156853","ZNF689"
"3967","10","ENSG00000154175","ABI3BP"
"3968","10","ENSG00000112531","QKI"
"3969","10","ENSG00000180228","PRKRA"
"3970","10","ENSG00000204713","TRIM27"
"3971","10","ENSG00000272674","PCDHB16"
"3972","10","ENSG00000077063","CTTNBP2"
"3973","10","ENSG00000253846","PCDHGA10"
"3974","10","ENSG00000129657","SEC14L1"
"3975","10","ENSG00000118308","LRMP"
"3976","10","ENSG00000181191","PJA1"
"3977","10","ENSG00000127952","STYXL1"
"3978","10","ENSG00000236320","SLFN14"
"3979","10","ENSG00000149428","HYOU1"
"3980","10","ENSG00000138785","INTS12"
"3981","10","ENSG00000159063","ALG8"
"3982","10","ENSG00000180694","TMEM64"
"3983","10","ENSG00000263956","NBPF11"
"3984","10","ENSG00000003756","RBM5"
"3985","10","ENSG00000049247","UTS2"
"3986","10","ENSG00000135828","RNASEL"
"3987","10","ENSG00000173011","TADA2B"
"3988","10","ENSG00000105607","GCDH"
"3989","10","ENSG00000131381","ZFYVE20"
"3990","10","ENSG00000187742","SECISBP2"
"3991","10","ENSG00000113658","SMAD5"
"3992","10","ENSG00000101888","NXT2"
"3993","10","ENSG00000174109","C16orf91"
"3994","10","ENSG00000140521","POLG"
"3995","10","ENSG00000164134","NAA15"
"3996","10","ENSG00000166479","TMX3"
"3997","10","ENSG00000065135","GNAI3"
"3998","10","ENSG00000118961","C2orf43"
"3999","10","ENSG00000134444","KIAA1468"
"4000","10","ENSG00000187778","MCRS1"
"4001","10","ENSG00000085365","SCAMP1"
"4002","10","ENSG00000164219","PGGT1B"
"4003","10","ENSG00000257218","GATC"
"4004","10","ENSG00000099326","MZF1"
"4005","10","ENSG00000178567","EPM2AIP1"
"4006","10","ENSG00000033800","PIAS1"
"4007","10","ENSG00000110583","NAA40"
"4008","10","ENSG00000128989","ARPP19"
"4009","10","ENSG00000168517","HEXIM2"
"4010","10","ENSG00000089060","SLC8B1"
"4011","10","ENSG00000146834","MEPCE"
"4012","10","ENSG00000182890","GLUD2"
"4013","10","ENSG00000007923","DNAJC11"
"4014","10","ENSG00000131844","MCCC2"
"4015","10","ENSG00000065357","DGKA"
"4016","10","ENSG00000177432","NAP1L5"
"4017","10","ENSG00000062650","WAPAL"
"4018","10","ENSG00000120071","KANSL1"
"4019","10","ENSG00000114988","LMAN2L"
"4020","10","ENSG00000085377","PREP"
"4021","10","ENSG00000274523","WBSCR16"
"4022","10","ENSG00000155545","MIER3"
"4023","10","ENSG00000168802","CHTF8"
"4024","10","ENSG00000137497","NUMA1"
"4025","10","ENSG00000113240","CLK4"
"4026","10","ENSG00000115561","CHMP3"
"4027","10","ENSG00000125812","GZF1"
"4028","10","ENSG00000170525","PFKFB3"
"4029","10","ENSG00000077254","USP33"
"4030","10","ENSG00000102908","NFAT5"
"4031","10","ENSG00000176148","TCP11L1"
"4032","10","ENSG00000065600","TMEM206"
"4033","10","ENSG00000100220","RTCB"
"4034","10","ENSG00000104356","POP1"
"4035","10","ENSG00000153975","ZUFSP"
"4036","10","ENSG00000170468","C14orf169"
"4037","10","ENSG00000183474","GTF2H2C"
"4038","10","ENSG00000139977","NAA30"
"4039","10","ENSG00000143545","RAB13"
"4040","10","ENSG00000136100","VPS36"
"4041","10","ENSG00000109320","NFKB1"
"4042","10","ENSG00000159733","ZFYVE28"
"4043","10","ENSG00000123427","METTL21B"
"4044","10","ENSG00000111647","UHRF1BP1L"
"4045","10","ENSG00000129250","KIF1C"
"4046","10","ENSG00000234127","TRIM26"
"4047","10","ENSG00000164366","CCDC127"
"4048","10","ENSG00000028310","BRD9"
"4049","10","ENSG00000066135","KDM4A"
"4050","10","ENSG00000163728","TTC14"
"4051","10","ENSG00000164880","INTS1"
"4052","10","ENSG00000043093","DCUN1D1"
"4053","10","ENSG00000105376","ICAM5"
"4054","10","ENSG00000165632","TAF3"
"4055","10","ENSG00000108559","NUP88"
"4056","10","ENSG00000182141","ZNF708"
"4057","10","ENSG00000130590","SAMD10"
"4058","10","ENSG00000116830","TTF2"
"4059","10","ENSG00000133027","PEMT"
"4060","10","ENSG00000105755","ETHE1"
"4061","10","ENSG00000103091","WDR59"
"4062","10","ENSG00000029364","SLC39A9"
"4063","10","ENSG00000171827","ZNF570"
"4064","10","ENSG00000142330","CAPN10"
"4065","10","ENSG00000143702","CEP170"
"4066","10","ENSG00000132825","PPP1R3D"
"4067","10","ENSG00000117000","RLF"
"4068","10","ENSG00000032389","TSSC1"
"4069","10","ENSG00000116198","CEP104"
"4070","10","ENSG00000163933","RFT1"
"4071","10","ENSG00000176542","KIAA2018"
"4072","10","ENSG00000268043","NBPF12"
"4073","10","ENSG00000196453","ZNF777"
"4074","10","ENSG00000052749","RRP12"
"4075","10","ENSG00000071537","SEL1L"
"4076","10","ENSG00000136699","SMPD4"
"4077","10","ENSG00000119760","SUPT7L"
"4078","10","ENSG00000084731","KIF3C"
"4079","10","ENSG00000166987","MBD6"
"4080","10","ENSG00000157911","PEX10"
"4081","10","ENSG00000144791","LIMD1"
"4082","10","ENSG00000115207","GTF3C2"
"4083","10","ENSG00000132740","IGHMBP2"
"4084","10","ENSG00000196535","MYO18A"
"4085","10","ENSG00000156931","VPS8"
"4086","10","ENSG00000104714","ERICH1"
"4087","10","ENSG00000110367","DDX6"
"4088","10","ENSG00000109501","WFS1"
"4089","10","ENSG00000168502","MTCL1"
"4090","10","ENSG00000106100","NOD1"
"4091","10","ENSG00000185033","SEMA4B"
"4092","10","ENSG00000197724","PHF2"
"4093","10","ENSG00000182087","TMEM259"
"4094","10","ENSG00000160445","ZER1"
"4095","11","ENSG00000162931","TRIM17"
"4096","11","ENSG00000113369","ARRDC3"
"4097","11","ENSG00000082512","TRAF5"
"4098","11","ENSG00000168685","IL7R"
"4099","11","ENSG00000175606","TMEM70"
"4100","11","ENSG00000186352","ANKRD37"
"4101","11","ENSG00000133195","SLC39A11"
"4102","11","ENSG00000166949","SMAD3"
"4103","11","ENSG00000064687","ABCA7"
"4104","11","ENSG00000165646","SLC18A2"
"4105","11","ENSG00000181218","HIST3H2A"
"4106","11","ENSG00000163050","ADCK3"
"4107","11","ENSG00000100906","NFKBIA"
"4108","11","ENSG00000102471","NDFIP2"
"4109","11","ENSG00000135624","CCT7"
"4110","11","ENSG00000140553","UNC45A"
"4111","11","ENSG00000198841","KTI12"
"4112","11","ENSG00000173599","PC"
"4113","11","ENSG00000198740","ZNF652"
"4114","11","ENSG00000176463","SLCO3A1"
"4115","11","ENSG00000128731","HERC2"
"4116","11","ENSG00000139508","SLC46A3"
"4117","11","ENSG00000114738","MAPKAPK3"
"4118","11","ENSG00000067048","DDX3Y"
"4119","11","ENSG00000178209","PLEC"
"4120","11","ENSG00000100918","REC8"
"4121","11","ENSG00000133398","MED10"
"4122","11","ENSG00000177084","POLE"
"4123","11","ENSG00000104267","CA2"
"4124","11","ENSG00000156802","ATAD2"
"4125","11","ENSG00000137492","PRKRIR"
"4126","11","ENSG00000158987","RAPGEF6"
"4127","11","ENSG00000187741","FANCA"
"4128","11","ENSG00000138095","LRPPRC"
"4129","11","ENSG00000179889","PDXDC1"
"4130","11","ENSG00000131153","GINS2"
"4131","11","ENSG00000076382","SPAG5"
"4132","11","ENSG00000154229","PRKCA"
"4133","11","ENSG00000112893","MAN2A1"
"4134","11","ENSG00000171320","ESCO2"
"4135","11","ENSG00000105519","CAPS"
"4136","11","ENSG00000114904","NEK4"
"4137","11","ENSG00000131747","TOP2A"
"4138","11","ENSG00000125821","DTD1"
"4139","11","ENSG00000136824","SMC2"
"4140","11","ENSG00000178999","AURKB"
"4141","11","ENSG00000062822","POLD1"
"4142","11","ENSG00000132842","AP3B1"
"4143","11","ENSG00000180182","MED14"
"4144","11","ENSG00000112984","KIF20A"
"4145","11","ENSG00000076242","MLH1"
"4146","11","ENSG00000136731","UGGT1"
"4147","11","ENSG00000101057","MYBL2"
"4148","11","ENSG00000197170","PSMD12"
"4149","11","ENSG00000104205","SGK3"
"4150","11","ENSG00000023041","ZDHHC6"
"4151","11","ENSG00000254858","MPV17L2"
"4152","11","ENSG00000100445","SDR39U1"
"4153","11","ENSG00000117481","NSUN4"
"4154","11","ENSG00000107758","PPP3CB"
"4155","11","ENSG00000021300","PLEKHB1"
"4156","11","ENSG00000181026","AEN"
"4157","11","ENSG00000196935","SRGAP1"
"4158","11","ENSG00000237649","KIFC1"
"4159","11","ENSG00000103994","ZNF106"
"4160","11","ENSG00000115604","IL18R1"
"4161","11","ENSG00000156970","BUB1B"
"4162","11","ENSG00000161533","ACOX1"
"4163","11","ENSG00000148606","POLR3A"
"4164","11","ENSG00000175643","RMI2"
"4165","11","ENSG00000183010","PYCR1"
"4166","11","ENSG00000254995","STX16-NPEPL1"
"4167","11","ENSG00000130119","GNL3L"
"4168","11","ENSG00000164045","CDC25A"
"4169","11","ENSG00000100297","MCM5"
"4170","11","ENSG00000173848","NET1"
"4171","11","ENSG00000143476","DTL"
"4172","11","ENSG00000147140","NONO"
"4173","11","ENSG00000198826","ARHGAP11A"
"4174","11","ENSG00000173085","COQ2"
"4175","11","ENSG00000125459","MSTO1"
"4176","11","ENSG00000185164","NOMO2"
"4177","11","ENSG00000175274","TP53I11"
"4178","11","ENSG00000278023","RDM1"
"4179","11","ENSG00000101337","TM9SF4"
"4180","11","ENSG00000110013","SIAE"
"4181","11","ENSG00000100726","TELO2"
"4182","11","ENSG00000105928","DFNA5"
"4183","11","ENSG00000144426","NBEAL1"
"4184","11","ENSG00000198924","DCLRE1A"
"4185","11","ENSG00000047578","KIAA0556"
"4186","11","ENSG00000137942","FNBP1L"
"4187","11","ENSG00000164466","SFXN1"
"4188","11","ENSG00000126838","PZP"
"4189","11","ENSG00000122966","CIT"
"4190","11","ENSG00000101400","SNTA1"
"4191","11","ENSG00000100767","PAPLN"
"4192","11","ENSG00000168924","LETM1"
"4193","11","ENSG00000164307","ERAP1"
"4194","11","ENSG00000073737","DHRS9"
"4195","11","ENSG00000166582","CENPV"
"4196","11","ENSG00000182173","TSEN54"
"4197","11","ENSG00000144061","NPHP1"
"4198","11","ENSG00000127561","SYNGR3"
"4199","11","ENSG00000092330","TINF2"
"4200","11","ENSG00000116863","ADPRHL2"
"4201","11","ENSG00000072778","ACADVL"
"4202","11","ENSG00000065427","KARS"
"4203","11","ENSG00000083799","CYLD"
"4204","11","ENSG00000136643","RPS6KC1"
"4205","11","ENSG00000163257","DCAF16"
"4206","11","ENSG00000213462","ERV3-1"
"4207","11","ENSG00000176170","SPHK1"
"4208","11","ENSG00000143106","PSMA5"
"4209","11","ENSG00000120324","PCDHB10"
"4210","11","ENSG00000012822","CALCOCO1"
"4211","11","ENSG00000269713","NBPF9"
"4212","11","ENSG00000155729","KCTD18"
"4213","11","ENSG00000100023","PPIL2"
"4214","11","ENSG00000001629","ANKIB1"
"4215","11","ENSG00000118263","KLF7"
"4216","11","ENSG00000068366","ACSL4"
"4217","11","ENSG00000034677","RNF19A"
"4218","11","ENSG00000141699","FAM134C"
"4219","11","ENSG00000168495","POLR3D"
"4220","11","ENSG00000163462","TRIM46"
"4221","11","ENSG00000167220","HDHD2"
"4222","11","ENSG00000167685","ZNF444"
"4223","11","ENSG00000006125","AP2B1"
"4224","11","ENSG00000136628","EPRS"
"4225","11","ENSG00000081026","MAGI3"
"4226","11","ENSG00000179344","HLA-DQB1"
"4227","11","ENSG00000120696","KBTBD7"
"4228","11","ENSG00000080031","PTPRH"
"4229","11","ENSG00000163584","RPL22L1"
"4230","11","ENSG00000172888","ZNF621"
"4231","11","ENSG00000187037","GPR141"
"4232","11","ENSG00000005238","FAM214B"
"4233","11","ENSG00000097021","ACOT7"
"4234","11","ENSG00000247077","PGAM5"
"4235","11","ENSG00000080345","RIF1"
"4236","11","ENSG00000148019","CEP78"
"4237","11","ENSG00000000457","SCYL3"
"4238","11","ENSG00000110422","HIPK3"
"4239","11","ENSG00000186432","KPNA4"
"4240","11","ENSG00000142687","KIAA0319L"
"4241","11","ENSG00000185291","IL3RA"
"4242","11","ENSG00000104381","GDAP1"
"4243","11","ENSG00000113272","THG1L"
"4244","11","ENSG00000060749","QSER1"
"4245","11","ENSG00000165240","ATP7A"
"4246","11","ENSG00000145908","ZNF300"
"4247","11","ENSG00000151292","CSNK1G3"
"4248","11","ENSG00000186522","SEPT10"
"4249","11","ENSG00000102901","CENPT"
"4250","11","ENSG00000112357","PEX7"
"4251","11","ENSG00000214021","TTLL3"
"4252","11","ENSG00000108506","INTS2"
"4253","11","ENSG00000276023","DUSP14"
"4254","11","ENSG00000260916","CCPG1"
"4255","11","ENSG00000149295","DRD2"
"4256","11","ENSG00000089597","GANAB"
"4257","11","ENSG00000107566","ERLIN1"
"4258","11","ENSG00000125779","PANK2"
"4259","11","ENSG00000196459","TRAPPC2"
"4260","11","ENSG00000156299","TIAM1"
"4261","11","ENSG00000157429","ZNF19"
"4262","11","ENSG00000116704","SLC35D1"
"4263","11","ENSG00000142632","ARHGEF19"
"4264","11","ENSG00000155229","MMS19"
"4265","11","ENSG00000228049","POLR2J2"
"4266","11","ENSG00000109046","WSB1"
"4267","11","ENSG00000170100","ZNF778"
"4268","11","ENSG00000129187","DCTD"
"4269","11","ENSG00000131788","PIAS3"
"4270","11","ENSG00000141736","ERBB2"
"4271","11","ENSG00000172292","CERS6"
"4272","11","ENSG00000054277","OPN3"
"4273","11","ENSG00000219481","NBPF1"
"4274","11","ENSG00000139178","C1RL"
"4275","11","ENSG00000169592","INO80E"
"4276","11","ENSG00000103194","USP10"
"4277","11","ENSG00000170653","ATF7"
"4278","11","ENSG00000165792","METTL17"
"4279","11","ENSG00000177479","ARIH2"
"4280","11","ENSG00000103037","SETD6"
"4281","11","ENSG00000271383","NBPF14"
"4282","11","ENSG00000184602","SNN"
"4283","11","ENSG00000127586","CHTF18"
"4284","11","ENSG00000144134","RABL2A"
"4285","11","ENSG00000196418","ZNF124"
"4286","11","ENSG00000183808","RBM12B"
"4287","11","ENSG00000141503","MINK1"
"4288","11","ENSG00000167110","GOLGA2"
"4289","11","ENSG00000067596","DHX8"
"4290","11","ENSG00000214114","MYCBP"
"4291","11","ENSG00000064313","TAF2"
"4292","11","ENSG00000184154","LRTOMT"
"4293","11","ENSG00000198482","ZNF808"
"4294","11","ENSG00000125741","OPA3"
"4295","11","ENSG00000197935","ZNF311"
"4296","11","ENSG00000164168","TMEM184C"
"4297","11","ENSG00000186230","ZNF749"
"4298","11","ENSG00000160111","CPAMD8"
"4299","11","ENSG00000185522","LMNTD2"
"4300","11","ENSG00000128000","ZNF780B"
"4301","11","ENSG00000196371","FUT4"
"4302","11","ENSG00000173281","PPP1R3B"
"4303","11","ENSG00000136504","KAT7"
"4304","12","ENSG00000179921","GPBAR1"
"4305","12","ENSG00000113721","PDGFRB"
"4306","12","ENSG00000153283","CD96"
"4307","12","ENSG00000079459","FDFT1"
"4308","12","ENSG00000126562","WNK4"
"4309","12","ENSG00000169884","WNT10B"
"4310","12","ENSG00000171450","CDK5R2"
"4311","12","ENSG00000010704","HFE"
"4312","12","ENSG00000131069","ACSS2"
"4313","12","ENSG00000198756","COLGALT2"
"4314","12","ENSG00000168538","TRAPPC11"
"4315","12","ENSG00000172538","FAM170B"
"4316","12","ENSG00000103415","HMOX2"
"4317","12","ENSG00000120051","CFAP58"
"4318","12","ENSG00000113889","KNG1"
"4319","12","ENSG00000135702","CHST5"
"4320","12","ENSG00000164304","CAGE1"
"4321","12","ENSG00000135119","RNFT2"
"4322","12","ENSG00000213949","ITGA1"
"4323","12","ENSG00000164188","RANBP3L"
"4324","12","ENSG00000115468","EFHD1"
"4325","12","ENSG00000277481","PKD1L3"
"4326","12","ENSG00000185883","ATP6V0C"
"4327","12","ENSG00000102763","VWA8"
"4328","12","ENSG00000134343","ANO3"
"4329","12","ENSG00000173114","LRRN3"
"4330","12","ENSG00000123700","KCNJ2"
"4331","12","ENSG00000182687","GALR2"
"4332","12","ENSG00000154655","L3MBTL4"
"4333","12","ENSG00000078114","NEBL"
"4334","12","ENSG00000104044","OCA2"
"4335","12","ENSG00000243244","STON1"
"4336","12","ENSG00000163466","ARPC2"
"4337","12","ENSG00000126460","PRRG2"
"4338","12","ENSG00000136155","SCEL"
"4339","12","ENSG00000153230","OR14K1"
"4340","12","ENSG00000167656","LY6D"
"4341","12","ENSG00000127125","PPCS"
"4342","12","ENSG00000170956","CEACAM3"
"4343","12","ENSG00000180245","RRH"
"4344","12","ENSG00000100626","GALNT16"
"4345","12","ENSG00000197520","FAM177B"
"4346","12","ENSG00000159352","PSMD4"
"4347","12","ENSG00000144821","MYH15"
"4348","12","ENSG00000137960","GIPC2"
"4349","12","ENSG00000184611","KCNH7"
"4350","12","ENSG00000162753","SLC9C2"
"4351","12","ENSG00000159339","PADI4"
"4352","12","ENSG00000147408","CSGALNACT1"
"4353","12","ENSG00000113600","C9"
"4354","12","ENSG00000147036","LANCL3"
"4355","12","ENSG00000184588","PDE4B"
"4356","12","ENSG00000137642","SORL1"
"4357","12","ENSG00000101843","PSMD10"
"4358","12","ENSG00000081377","CDC14B"
"4359","12","ENSG00000169744","LDB2"
"4360","12","ENSG00000183072","NKX2-5"
"4361","12","ENSG00000160255","ITGB2"
"4362","12","ENSG00000122986","HVCN1"
"4363","12","ENSG00000160013","PTGIR"
"4364","12","ENSG00000182197","EXT1"
"4365","12","ENSG00000105650","PDE4C"
"4366","12","ENSG00000158104","HPD"
"4367","12","ENSG00000163491","NEK10"
"4368","12","ENSG00000149177","PTPRJ"
"4369","12","ENSG00000176928","GCNT4"
"4370","12","ENSG00000143512","HHIPL2"
"4371","12","ENSG00000165899","OTOGL"
"4372","12","ENSG00000170456","DENND5B"
"4373","12","ENSG00000173728","C1orf100"
"4374","12","ENSG00000163281","GNPDA2"
"4375","12","ENSG00000173261","PLAC8L1"
"4376","12","ENSG00000163132","MSX1"
"4377","12","ENSG00000276903","HIST1H2AL"
"4378","12","ENSG00000168356","SCN11A"
"4379","12","ENSG00000105829","BET1"
"4380","12","ENSG00000139684","ESD"
"4381","12","ENSG00000164241","C5orf63"
"4382","12","ENSG00000170577","SIX2"
"4383","12","ENSG00000102904","TSNAXIP1"
"4384","12","ENSG00000133935","C14orf1"
"4385","12","ENSG00000066629","EML1"
"4386","12","ENSG00000125445","MRPS7"
"4387","12","ENSG00000100346","CACNA1I"
"4388","12","ENSG00000165113","GKAP1"
"4389","12","ENSG00000277157","HIST1H4D"
"4390","12","ENSG00000153292","GPR110"
"4391","12","ENSG00000196739","COL27A1"
"4392","12","ENSG00000143443","C1orf56"
"4393","12","ENSG00000187860","CCDC157"
"4394","12","ENSG00000150540","HNMT"
"4395","12","ENSG00000188039","NWD1"
"4396","12","ENSG00000087086","FTL"
"4397","12","ENSG00000074771","NOX3"
"4398","12","ENSG00000156413","FUT6"
"4399","12","ENSG00000114124","GRK7"
"4400","12","ENSG00000182700","IGIP"
"4401","12","ENSG00000116985","BMP8B"
"4402","12","ENSG00000163689","C3orf67"
"4403","12","ENSG00000112964","GHR"
"4404","12","ENSG00000266964","FXYD1"
"4405","12","ENSG00000181029","TRAPPC5"
"4406","12","ENSG00000009950","MLXIPL"
"4407","12","ENSG00000084110","HAL"
"4408","12","ENSG00000178662","CSRNP3"
"4409","12","ENSG00000196090","PTPRT"
"4410","12","ENSG00000239998","LILRA2"
"4411","12","ENSG00000269190","FBXO17"
"4412","12","ENSG00000155016","CYP2U1"
"4413","12","ENSG00000173546","CSPG4"
"4414","12","ENSG00000172289","OR10V1"
"4415","12","ENSG00000221986","MYBPHL"
"4416","12","ENSG00000163554","SPTA1"
"4417","12","ENSG00000154330","PGM5"
"4418","12","ENSG00000187122","SLIT1"
"4419","12","ENSG00000140285","FGF7"
"4420","12","ENSG00000159871","LYPD5"
"4421","12","ENSG00000137558","PI15"
"4422","12","ENSG00000198626","RYR2"
"4423","12","ENSG00000133454","MYO18B"
"4424","12","ENSG00000215788","TNFRSF25"
"4425","12","ENSG00000133116","KL"
"4426","12","ENSG00000167614","TTYH1"
"4427","12","ENSG00000173320","STOX2"
"4428","12","ENSG00000186160","CYP4Z1"
"4429","12","ENSG00000187164","KIAA1598"
"4430","12","ENSG00000085552","IGSF9"
"4431","12","ENSG00000155816","FMN2"
"4432","12","ENSG00000164411","GJB7"
"4433","12","ENSG00000170615","SLC26A5"
"4434","12","ENSG00000136929","HEMGN"
"4435","12","ENSG00000249715","FER1L5"
"4436","12","ENSG00000132932","ATP8A2"
"4437","12","ENSG00000150760","DOCK1"
"4438","12","ENSG00000136383","ALPK3"
"4439","12","ENSG00000141579","ZNF750"
"4440","12","ENSG00000104763","ASAH1"
"4441","12","ENSG00000166676","TVP23A"
"4442","12","ENSG00000168081","PNOC"
"4443","12","ENSG00000169047","IRS1"
"4444","12","ENSG00000133063","CHIT1"
"4445","12","ENSG00000155974","GRIP1"
"4446","12","ENSG00000120318","ARAP3"
"4447","12","ENSG00000181588","MEX3D"
"4448","12","ENSG00000259075","POC1B-GALNT4"
"4449","12","ENSG00000100095","SEZ6L"
"4450","12","ENSG00000133110","POSTN"
"4451","12","ENSG00000205856","C22orf42"
"4452","12","ENSG00000197077","KIAA1671"
"4453","12","ENSG00000204961","PCDHA9"
"4454","12","ENSG00000189056","RELN"
"4455","12","ENSG00000006555","TTC22"
"4456","12","ENSG00000163362","C1orf106"
"4457","12","ENSG00000181856","SLC2A4"
"4458","12","ENSG00000071205","ARHGAP10"
"4459","12","ENSG00000134853","PDGFRA"
"4460","12","ENSG00000007174","DNAH9"
"4461","12","ENSG00000147255","IGSF1"
"4462","12","ENSG00000183049","CAMK1D"
"4463","12","ENSG00000006788","MYH13"
"4464","12","ENSG00000121904","CSMD2"
"4465","12","ENSG00000196660","SLC30A10"
"4466","12","ENSG00000137868","STRA6"
"4467","12","ENSG00000125046","SSUH2"
"4468","12","ENSG00000175868","CALCB"
"4469","12","ENSG00000188386","PPP3R2"
"4470","12","ENSG00000196440","ARMCX4"
"4471","12","ENSG00000137821","LRRC49"
"4472","12","ENSG00000014257","ACPP"
"4473","12","ENSG00000121769","FABP3"
"4474","12","ENSG00000169021","UQCRFS1"
"4475","12","ENSG00000261150","EPPK1"
"4476","12","ENSG00000214046","SMIM7"
"4477","12","ENSG00000102452","NALCN"
"4478","12","ENSG00000110436","SLC1A2"
"4479","12","ENSG00000069431","ABCC9"
"4480","12","ENSG00000163075","CFAP221"
"4481","12","ENSG00000091428","RAPGEF4"
"4482","12","ENSG00000114656","KIAA1257"
"4483","12","ENSG00000187144","SPATA21"
"4484","12","ENSG00000091106","NLRC4"
"4485","12","ENSG00000123388","HOXC11"
"4486","12","ENSG00000137561","TTPA"
"4487","12","ENSG00000164035","EMCN"
"4488","12","ENSG00000120262","CCDC170"
"4489","12","ENSG00000138771","SHROOM3"
"4490","12","ENSG00000188869","TMC3"
"4491","12","ENSG00000165071","TMEM71"
"4492","12","ENSG00000077935","SMC1B"
"4493","12","ENSG00000146021","KLHL3"
"4494","12","ENSG00000164742","ADCY1"
"4495","12","ENSG00000183023","SLC8A1"
"4496","12","ENSG00000135374","ELF5"
"4497","12","ENSG00000170790","OR10A2"
"4498","12","ENSG00000198178","CLEC4C"
"4499","12","ENSG00000158683","PKD1L1"
"4500","12","ENSG00000042781","USH2A"
"4501","12","ENSG00000111732","AICDA"
"4502","12","ENSG00000140015","KCNH5"
"4503","12","ENSG00000219438","FAM19A5"
"4504","12","ENSG00000124813","RUNX2"
"4505","12","ENSG00000149124","GLYAT"
"4506","12","ENSG00000101160","CTSZ"
"4507","12","ENSG00000169184","MN1"
"4508","13","ENSG00000111348","ARHGDIB"
"4509","13","ENSG00000010379","SLC6A13"
"4510","13","ENSG00000106615","RHEB"
"4511","13","ENSG00000110955","ATP5B"
"4512","13","ENSG00000147155","EBP"
"4513","13","ENSG00000177879","AP3S1"
"4514","13","ENSG00000184992","BRI3BP"
"4515","13","ENSG00000075785","RAB7A"
"4516","13","ENSG00000119185","ITGB1BP1"
"4517","13","ENSG00000128595","CALU"
"4518","13","ENSG00000005022","SLC25A5"
"4519","13","ENSG00000117115","PADI2"
"4520","13","ENSG00000119326","CTNNAL1"
"4521","13","ENSG00000155719","OTOA"
"4522","13","ENSG00000134291","TMEM106C"
"4523","13","ENSG00000109861","CTSC"
"4524","13","ENSG00000177156","TALDO1"
"4525","13","ENSG00000159720","ATP6V0D1"
"4526","13","ENSG00000100316","RPL3"
"4527","13","ENSG00000109084","TMEM97"
"4528","13","ENSG00000109107","ALDOC"
"4529","13","ENSG00000204161","C10orf128"
"4530","13","ENSG00000117450","PRDX1"
"4531","13","ENSG00000116459","ATP5F1"
"4532","13","ENSG00000091483","FH"
"4533","13","ENSG00000071553","ATP6AP1"
"4534","13","ENSG00000100362","PVALB"
"4535","13","ENSG00000119636","CCDC176"
"4536","13","ENSG00000092841","MYL6"
"4537","13","ENSG00000122406","RPL5"
"4538","13","ENSG00000053371","AKR7A2"
"4539","13","ENSG00000163902","RPN1"
"4540","13","ENSG00000164032","H2AFZ"
"4541","13","ENSG00000117632","STMN1"
"4542","13","ENSG00000130751","NPAS1"
"4543","13","ENSG00000010256","UQCRC1"
"4544","13","ENSG00000111669","TPI1"
"4545","13","ENSG00000125835","SNRPB"
"4546","13","ENSG00000182054","IDH2"
"4547","13","ENSG00000174748","RPL15"
"4548","13","ENSG00000109919","MTCH2"
"4549","13","ENSG00000129625","REEP5"
"4550","13","ENSG00000143149","ALDH9A1"
"4551","13","ENSG00000084207","GSTP1"
"4552","13","ENSG00000189403","HMGB1"
"4553","13","ENSG00000114942","EEF1B2"
"4554","13","ENSG00000068615","REEP1"
"4555","13","ENSG00000171840","NINJ2"
"4556","13","ENSG00000154518","ATP5G3"
"4557","13","ENSG00000161921","CXCL16"
"4558","13","ENSG00000136930","PSMB7"
"4559","13","ENSG00000103202","NME4"
"4560","13","ENSG00000164111","ANXA5"
"4561","13","ENSG00000131981","LGALS3"
"4562","13","ENSG00000147509","RGS20"
"4563","13","ENSG00000091138","SLC26A3"
"4564","13","ENSG00000149809","TM7SF2"
"4565","13","ENSG00000120437","ACAT2"
"4566","13","ENSG00000149485","FADS1"
"4567","13","ENSG00000196262","PPIA"
"4568","13","ENSG00000122378","FAM213A"
"4569","13","ENSG00000105968","H2AFV"
"4570","13","ENSG00000161981","SNRNP25"
"4571","13","ENSG00000128951","DUT"
"4572","13","ENSG00000136856","SLC2A8"
"4573","13","ENSG00000132692","BCAN"
"4574","13","ENSG00000167797","CDK2AP2"
"4575","13","ENSG00000110921","MVK"
"4576","13","ENSG00000065154","OAT"
"4577","13","ENSG00000141759","TXNL4A"
"4578","13","ENSG00000101210","EEF1A2"
"4579","13","ENSG00000186480","INSIG1"
"4580","13","ENSG00000197119","SLC25A29"
"4581","13","ENSG00000115194","SLC30A3"
"4582","13","ENSG00000116670","MAD2L2"
"4583","13","ENSG00000126522","ASL"
"4584","13","ENSG00000135404","CD63"
"4585","13","ENSG00000101220","C20orf27"
"4586","13","ENSG00000116288","PARK7"
"4587","13","ENSG00000140600","SH3GL3"
"4588","13","ENSG00000205456","TP53TG3D"
"4589","13","ENSG00000075239","ACAT1"
"4590","13","ENSG00000126432","PRDX5"
"4591","13","ENSG00000204628","GNB2L1"
"4592","13","ENSG00000106153","CHCHD2"
"4593","13","ENSG00000239672","NME1"
"4594","13","ENSG00000161016","RPL8"
"4595","13","ENSG00000123975","CKS2"
"4596","13","ENSG00000108561","C1QBP"
"4597","13","ENSG00000099341","PSMD8"
"4598","13","ENSG00000132341","RAN"
"4599","13","ENSG00000089157","RPLP0"
"4600","13","ENSG00000125743","SNRPD2"
"4601","13","ENSG00000101182","PSMA7"
"4602","13","ENSG00000140988","RPS2"
"4603","13","ENSG00000168028","RPSA"
"4604","13","ENSG00000205002","AARD"
"4605","13","ENSG00000196420","S100A5"
"4606","13","ENSG00000126264","HCST"
"4607","13","ENSG00000144867","SRPRB"
"4608","13","ENSG00000143622","RIT1"
"4609","13","ENSG00000143845","ETNK2"
"4610","13","ENSG00000171202","TMEM126A"
"4611","13","ENSG00000182534","MXRA7"
"4612","13","ENSG00000103035","PSMD7"
"4613","13","ENSG00000131459","GFPT2"
"4614","13","ENSG00000197982","C1orf122"
"4615","13","ENSG00000182004","SNRPE"
"4616","13","ENSG00000083845","RPS5"
"4617","13","ENSG00000121577","POPDC2"
"4618","13","ENSG00000158869","FCER1G"
"4619","14","ENSG00000168003","SLC3A2"
"4620","14","ENSG00000112245","PTP4A1"
"4621","14","ENSG00000128016","ZFP36"
"4622","14","ENSG00000059804","SLC2A3"
"4623","14","ENSG00000182580","EPHB3"
"4624","14","ENSG00000168209","DDIT4"
"4625","14","ENSG00000116044","NFE2L2"
"4626","14","ENSG00000178974","FBXO34"
"4627","14","ENSG00000266094","RASSF5"
"4628","14","ENSG00000142178","SIK1"
"4629","14","ENSG00000183864","TOB2"
"4630","14","ENSG00000143384","MCL1"
"4631","14","ENSG00000168004","HRASLS5"
"4632","14","ENSG00000266265","KLF14"
"4633","14","ENSG00000113070","HBEGF"
"4634","14","ENSG00000261652","C15orf65"
"4635","14","ENSG00000111181","SLC6A12"
"4636","14","ENSG00000117090","SLAMF1"
"4637","14","ENSG00000153885","KCTD15"
"4638","14","ENSG00000130294","KIF1A"
"4639","14","ENSG00000170776","AKAP13"
"4640","14","ENSG00000180611","MB21D2"
"4641","14","ENSG00000114349","GNAT1"
"4642","14","ENSG00000171223","JUNB"
"4643","14","ENSG00000168454","TXNDC2"
"4644","14","ENSG00000123191","ATP7B"
"4645","14","ENSG00000137285","TUBB2B"
"4646","14","ENSG00000168421","RHOH"
"4647","14","ENSG00000166741","NNMT"
"4648","14","ENSG00000170689","HOXB9"
"4649","14","ENSG00000106069","CHN2"
"4650","14","ENSG00000237515","SHISA9"
"4651","14","ENSG00000165730","STOX1"
"4652","14","ENSG00000092969","TGFB2"
"4653","14","ENSG00000165995","CACNB2"
"4654","14","ENSG00000158014","SLC30A2"
"4655","14","ENSG00000158022","TRIM63"
"4656","14","ENSG00000150991","UBC"
"4657","14","ENSG00000100461","RBM23"
"4658","14","ENSG00000144655","CSRNP1"
"4659","14","ENSG00000004799","PDK4"
"4660","14","ENSG00000116729","WLS"
"4661","14","ENSG00000107625","DDX50"
"4662","14","ENSG00000167178","ISLR2"
"4663","14","ENSG00000124467","PSG8"
"4664","14","ENSG00000126804","ZBTB1"
"4665","14","ENSG00000112576","CCND3"
"4666","14","ENSG00000131096","PYY"
"4667","14","ENSG00000213523","SRA1"
"4668","14","ENSG00000113368","LMNB1"
"4669","14","ENSG00000143110","C1orf162"
"4670","14","ENSG00000162630","B3GALT2"
"4671","14","ENSG00000164305","CASP3"
"4672","14","ENSG00000176845","METRNL"
"4673","14","ENSG00000120709","FAM53C"
"4674","14","ENSG00000111846","GCNT2"
"4675","14","ENSG00000005483","KMT2E"
"4676","14","ENSG00000110848","CD69"
"4677","14","ENSG00000125337","KIF25"
"4678","14","ENSG00000196781","TLE1"
"4679","14","ENSG00000198435","NRARP"
"4680","14","ENSG00000101255","TRIB3"
"4681","14","ENSG00000180447","GAS1"
"4682","14","ENSG00000188620","HMX3"
"4683","14","ENSG00000119401","TRIM32"
"4684","14","ENSG00000143319","ISG20L2"
"4685","14","ENSG00000105856","HBP1"
"4686","14","ENSG00000177606","JUN"
"4687","14","ENSG00000068971","PPP2R5B"
"4688","14","ENSG00000132128","LRRC41"
"4689","14","ENSG00000188763","FZD9"
"4690","14","ENSG00000113384","GOLPH3"
"4691","14","ENSG00000177885","GRB2"
"4692","14","ENSG00000122641","INHBA"
"4693","14","ENSG00000039560","RAI14"
"4694","14","ENSG00000092203","TOX4"
"4695","14","ENSG00000176641","RNF152"
"4696","14","ENSG00000163110","PDLIM5"
"4697","14","ENSG00000164099","PRSS12"
"4698","14","ENSG00000185022","MAFF"
"4699","14","ENSG00000074416","MGLL"
"4700","14","ENSG00000135643","KCNMB4"
"4701","14","ENSG00000204356","NELFE"
"4702","14","ENSG00000108684","ASIC2"
"4703","14","ENSG00000176720","BOK"
"4704","14","ENSG00000105808","RASA4"
"4705","14","ENSG00000189306","RRP7A"
"4706","14","ENSG00000198732","SMOC1"
"4707","14","ENSG00000060558","GNA15"
"4708","14","ENSG00000114353","GNAI2"
"4709","14","ENSG00000177971","IMP3"
"4710","14","ENSG00000173926","MARCH3"
"4711","14","ENSG00000204385","SLC44A4"
"4712","14","ENSG00000176635","HORMAD2"
"4713","14","ENSG00000169908","TM4SF1"
"4714","14","ENSG00000008083","JARID2"
"4715","14","ENSG00000152684","PELO"
"4716","14","ENSG00000115525","ST3GAL5"
"4717","14","ENSG00000158747","NBL1"
"4718","14","ENSG00000013297","CLDN11"
"4719","14","ENSG00000059915","PSD"
"4720","15","ENSG00000116741","RGS2"
"4721","15","ENSG00000166579","NDEL1"
"4722","15","ENSG00000075426","FOSL2"
"4723","15","ENSG00000130844","ZNF331"
"4724","15","ENSG00000111725","PRKAB1"
"4725","15","ENSG00000069956","MAPK6"
"4726","15","ENSG00000103257","SLC7A5"
"4727","15","ENSG00000124228","DDX27"
"4728","15","ENSG00000164105","SAP30"
"4729","15","ENSG00000112081","SRSF3"
"4730","15","ENSG00000076641","PAG1"
"4731","15","ENSG00000178301","AQP11"
"4732","15","ENSG00000124762","CDKN1A"
"4733","15","ENSG00000112715","VEGFA"
"4734","15","ENSG00000102738","MRPS31"
"4735","15","ENSG00000153234","NR4A2"
"4736","15","ENSG00000166477","LEO1"
"4737","15","ENSG00000102804","TSC22D1"
"4738","15","ENSG00000168175","MAPK1IP1L"
"4739","15","ENSG00000136875","PRPF4"
"4740","15","ENSG00000133101","CCNA1"
"4741","15","ENSG00000139722","VPS37B"
"4742","15","ENSG00000132906","CASP9"
"4743","15","ENSG00000143226","FCGR2A"
"4744","15","ENSG00000119801","YPEL5"
"4745","15","ENSG00000101310","SEC23B"
"4746","15","ENSG00000025293","PHF20"
"4747","15","ENSG00000125089","SH3TC1"
"4748","15","ENSG00000055483","USP36"
"4749","15","ENSG00000133937","GSC"
"4750","15","ENSG00000165732","DDX21"
"4751","15","ENSG00000138757","G3BP2"
"4752","15","ENSG00000120705","ETF1"
"4753","15","ENSG00000164211","STARD4"
"4754","15","ENSG00000035403","VCL"
"4755","15","ENSG00000035687","ADSS"
"4756","15","ENSG00000182952","HMGN4"
"4757","15","ENSG00000187764","SEMA4D"
"4758","15","ENSG00000141551","CSNK1D"
"4759","15","ENSG00000121966","CXCR4"
"4760","15","ENSG00000135241","PNPLA8"
"4761","15","ENSG00000197622","CDC42SE1"
"4762","15","ENSG00000150977","RILPL2"
"4763","15","ENSG00000067064","IDI1"
"4764","15","ENSG00000204590","GNL1"
"4765","15","ENSG00000134697","GNL2"
"4766","15","ENSG00000102755","FLT1"
"4767","15","ENSG00000119508","NR4A3"
"4768","15","ENSG00000141568","FOXK2"
"4769","15","ENSG00000084070","SMAP2"
"4770","15","ENSG00000154640","BTG3"
"4771","15","ENSG00000027869","SH2D2A"
"4772","15","ENSG00000171475","WIPF2"
"4773","15","ENSG00000112033","PPARD"
"4774","15","ENSG00000107968","MAP3K8"
"4775","15","ENSG00000153922","CHD1"
"4776","15","ENSG00000115825","PRKD3"
"4777","15","ENSG00000111261","MANSC1"
"4778","15","ENSG00000244462","RBM12"
"4779","15","ENSG00000135597","REPS1"
"4780","15","ENSG00000068354","TBC1D25"
"4781","15","ENSG00000198742","SMURF1"
"4782","15","ENSG00000008513","ST3GAL1"
"4783","15","ENSG00000027644","INSRR"
"4784","15","ENSG00000227057","WDR46"
"4785","15","ENSG00000198954","KIAA1279"
"4786","15","ENSG00000065613","SLK"
"4787","15","ENSG00000126391","FRMD8"
"4788","15","ENSG00000115993","TRAK2"
"4789","15","ENSG00000196419","XRCC6"
"4790","15","ENSG00000168374","ARF4"
"4791","15","ENSG00000135766","EGLN1"
"4792","15","ENSG00000172071","EIF2AK3"
"4793","15","ENSG00000148926","ADM"
"4794","15","ENSG00000171161","ZNF672"
"4795","15","ENSG00000139505","MTMR6"
"4796","15","ENSG00000154217","PITPNC1"
"4797","15","ENSG00000143753","DEGS1"
"4798","15","ENSG00000196235","SUPT5H"
"4799","15","ENSG00000054118","THRAP3"
"4800","15","ENSG00000116337","AMPD2"
"4801","15","ENSG00000163539","CLASP2"
"4802","15","ENSG00000127870","RNF6"
"4803","15","ENSG00000155304","HSPA13"
"4804","15","ENSG00000196821","C6orf106"
"4805","15","ENSG00000105281","SLC1A5"
"4806","15","ENSG00000151914","DST"
"4807","15","ENSG00000163655","GMPS"
"4808","15","ENSG00000124193","SRSF6"
"4809","15","ENSG00000141002","TCF25"
"4810","15","ENSG00000123983","ACSL3"
"4811","16","ENSG00000124155","PIGT"
"4812","16","ENSG00000056558","TRAF1"
"4813","16","ENSG00000197121","PGAP1"
"4814","16","ENSG00000101940","WDR13"
"4815","16","ENSG00000197405","C5AR1"
"4816","16","ENSG00000149091","DGKZ"
"4817","16","ENSG00000164953","TMEM67"
"4818","16","ENSG00000099917","MED15"
"4819","16","ENSG00000162849","KIF26B"
"4820","16","ENSG00000132434","LANCL2"
"4821","16","ENSG00000127564","PKMYT1"
"4822","16","ENSG00000276043","UHRF1"
"4823","16","ENSG00000093009","CDC45"
"4824","16","ENSG00000161888","SPC24"
"4825","16","ENSG00000174371","EXO1"
"4826","16","ENSG00000165244","ZNF367"
"4827","16","ENSG00000147536","GINS4"
"4828","16","ENSG00000185697","MYBL1"
"4829","16","ENSG00000121211","MND1"
"4830","16","ENSG00000160957","RECQL4"
"4831","16","ENSG00000156515","HK1"
"4832","16","ENSG00000197858","GPAA1"
"4833","16","ENSG00000101412","E2F1"
"4834","16","ENSG00000164400","CSF2"
"4835","16","ENSG00000011478","QPCTL"
"4836","16","ENSG00000185504","C17orf70"
"4837","16","ENSG00000183813","CCR4"
"4838","16","ENSG00000108370","RGS9"
"4839","16","ENSG00000175166","PSMD2"
"4840","16","ENSG00000198003","CCDC151"
"4841","16","ENSG00000088826","SMOX"
"4842","16","ENSG00000165304","MELK"
"4843","16","ENSG00000144395","CCDC150"
"4844","16","ENSG00000135631","RAB11FIP5"
"4845","16","ENSG00000168152","THAP9"
"4846","16","ENSG00000115163","CENPA"
"4847","16","ENSG00000184445","KNTC1"
"4848","16","ENSG00000095303","PTGS1"
"4849","16","ENSG00000126001","CEP250"
"4850","16","ENSG00000169683","LRRC45"
"4851","16","ENSG00000135677","GNS"
"4852","16","ENSG00000151014","CCRN4L"
"4853","16","ENSG00000168710","AHCYL1"
"4854","16","ENSG00000007968","E2F2"
"4855","16","ENSG00000109805","NCAPG"
"4856","16","ENSG00000117298","ECE1"
"4857","16","ENSG00000078246","TULP3"
"4858","16","ENSG00000174501","ANKRD36C"
"4859","16","ENSG00000144554","FANCD2"
"4860","16","ENSG00000165891","E2F7"
"4861","16","ENSG00000177602","GSG2"
"4862","16","ENSG00000134827","TCN1"
"4863","16","ENSG00000166340","TPP1"
"4864","16","ENSG00000134250","NOTCH2"
"4865","16","ENSG00000149548","CCDC15"
"4866","16","ENSG00000186575","NF2"
"4867","16","ENSG00000108439","PNPO"
"4868","16","ENSG00000149115","TNKS1BP1"
"4869","16","ENSG00000149328","GLB1L2"
"4870","16","ENSG00000010610","CD4"
"4871","16","ENSG00000129103","SUMF2"
"4872","16","ENSG00000221866","PLXNA4"
"4873","16","ENSG00000105953","OGDH"
"4874","16","ENSG00000141198","TOM1L1"
"4875","16","ENSG00000160949","TONSL"
"4876","16","ENSG00000083857","FAT1"
"4877","16","ENSG00000143409","FAM63A"
"4878","16","ENSG00000103995","CEP152"
"4879","16","ENSG00000204347","BTBD17"
"4880","16","ENSG00000183762","KREMEN1"
"4881","16","ENSG00000079482","OPHN1"
"4882","16","ENSG00000253873","PCDHGA11"
"4883","16","ENSG00000138780","GSTCD"
"4884","16","ENSG00000106089","STX1A"
"4885","16","ENSG00000134245","WNT2B"
"4886","16","ENSG00000103855","CD276"
"4887","16","ENSG00000137502","RAB30"
"4888","16","ENSG00000164715","LMTK2"
"4889","16","ENSG00000140854","KATNB1"
"4890","16","ENSG00000141294","LRRC46"
"4891","16","ENSG00000075826","SEC31B"
"4892","16","ENSG00000174928","C3orf33"
"4893","16","ENSG00000121671","CRY2"
"4894","16","ENSG00000104957","CCDC130"
"4895","16","ENSG00000063601","MTMR1"
"4896","16","ENSG00000186001","LRCH3"
"4897","17","ENSG00000166851","PLK1"
"4898","17","ENSG00000175063","UBE2C"
"4899","17","ENSG00000123416","TUBA1B"
"4900","17","ENSG00000166359","WDR88"
"4901","17","ENSG00000160752","FDPS"
"4902","17","ENSG00000024526","DEPDC1"
"4903","17","ENSG00000114646","CSPG5"
"4904","17","ENSG00000051128","HOMER3"
"4905","17","ENSG00000196230","TUBB"
"4906","17","ENSG00000108691","CCL2"
"4907","17","ENSG00000171848","RRM2"
"4908","17","ENSG00000166508","MCM7"
"4909","17","ENSG00000170312","CDK1"
"4910","17","ENSG00000168393","DTYMK"
"4911","17","ENSG00000122952","ZWINT"
"4912","17","ENSG00000089685","BIRC5"
"4913","17","ENSG00000164109","MAD2L1"
"4914","17","ENSG00000125531","C20orf195"
"4915","17","ENSG00000106628","POLD2"
"4916","17","ENSG00000105011","ASF1B"
"4917","17","ENSG00000129195","FAM64A"
"4918","17","ENSG00000117724","CENPF"
"4919","17","ENSG00000068489","PRR11"
"4920","17","ENSG00000113810","SMC4"
"4921","17","ENSG00000127325","BEST3"
"4922","17","ENSG00000198804","MT-CO1"
"4923","17","ENSG00000099194","SCD"
"4924","17","ENSG00000117399","CDC20"
"4925","17","ENSG00000188229","TUBB4B"
"4926","17","ENSG00000198727","MT-CYB"
"4927","17","ENSG00000148773","MKI67"
"4928","17","ENSG00000198886","MT-ND4"
"4929","17","ENSG00000067225","PKM"
"4930","17","ENSG00000212907","MT-ND4L"
"4931","17","ENSG00000088325","TPX2"
"4932","17","ENSG00000198938","MT-CO3"
"4933","17","ENSG00000160285","LSS"
"4934","17","ENSG00000198786","MT-ND5"
"4935","17","ENSG00000010292","NCAPD2"
"4936","17","ENSG00000154839","SKA1"
"4937","17","ENSG00000171241","SHCBP1"
"4938","17","ENSG00000054654","SYNE2"
"4939","17","ENSG00000184357","HIST1H1B"
"4940","17","ENSG00000173207","CKS1B"
"4941","17","ENSG00000166483","WEE1"
"4942","17","ENSG00000176890","TYMS"
"4943","17","ENSG00000198695","MT-ND6"
"4944","17","ENSG00000122254","HS3ST2"
"4945","17","ENSG00000172893","DHCR7"
"4946","17","ENSG00000134802","SLC43A3"
"4947","17","ENSG00000198899","MT-ATP6"
"4948","17","ENSG00000078900","TP73"
"4949","17","ENSG00000166803","KIAA0101"
"4950","17","ENSG00000164611","PTTG1"
"4951","17","ENSG00000051341","POLQ"
"4952","17","ENSG00000138778","CENPE"
"4953","17","ENSG00000142156","COL6A1"
"4954","17","ENSG00000164104","HMGB2"
"4955","17","ENSG00000102181","CD99L2"
"4956","17","ENSG00000007264","MATK"
"4957","17","ENSG00000198712","MT-CO2"
"4958","17","ENSG00000186871","ERCC6L"
"4959","17","ENSG00000101444","AHCY"
"4960","17","ENSG00000167553","TUBA1C"
"4961","17","ENSG00000100206","DMC1"
"4962","17","ENSG00000148110","HIATL1"
"4963","17","ENSG00000198763","MT-ND2"
"4964","17","ENSG00000157423","HYDIN"
"4965","17","ENSG00000163686","ABHD6"
"4966","17","ENSG00000090615","GOLGA3"
"4967","17","ENSG00000081760","AACS"
"4968","17","ENSG00000123080","CDKN2C"
"4969","17","ENSG00000167508","MVD"
"4970","17","ENSG00000143321","HDGF"
"4971","17","ENSG00000108106","UBE2S"
"4972","17","ENSG00000162511","LAPTM5"
"4973","17","ENSG00000188486","H2AFX"
"4974","17","ENSG00000135916","ITM2C"
"4975","17","ENSG00000128266","GNAZ"
"4976","17","ENSG00000080986","NDC80"
"4977","17","ENSG00000152611","CAPSL"
"4978","17","ENSG00000179902","C1orf194"
"4979","17","ENSG00000112679","DUSP22"
"4980","18","ENSG00000164292","RHOBTB3"
"4981","18","ENSG00000168404","MLKL"
"4982","18","ENSG00000153147","SMARCA5"
"4983","18","ENSG00000158006","PAFAH2"
"4984","18","ENSG00000139211","AMIGO2"
"4985","18","ENSG00000156990","RPUSD3"
"4986","18","ENSG00000180353","HCLS1"
"4987","18","ENSG00000166801","FAM111A"
"4988","18","ENSG00000172819","RARG"
"4989","18","ENSG00000139318","DUSP6"
"4990","18","ENSG00000189337","KAZN"
"4991","18","ENSG00000179051","RCC2"
"4992","18","ENSG00000135926","TMBIM1"
"4993","18","ENSG00000197471","SPN"
"4994","18","ENSG00000100605","ITPK1"
"4995","18","ENSG00000123146","CD97"
"4996","18","ENSG00000141524","TMC6"
"4997","18","ENSG00000006652","IFRD1"
"4998","18","ENSG00000188107","EYS"
"4999","18","ENSG00000131467","PSME3"
"5000","18","ENSG00000128604","IRF5"
"5001","18","ENSG00000006747","SCIN"
"5002","18","ENSG00000168062","BATF2"
"5003","18","ENSG00000162645","GBP2"
"5004","18","ENSG00000143891","GALM"
"5005","18","ENSG00000110852","CLEC2B"
"5006","18","ENSG00000167562","ZNF701"
"5007","18","ENSG00000102921","N4BP1"
"5008","18","ENSG00000135069","PSAT1"
"5009","18","ENSG00000134716","CYP2J2"
"5010","18","ENSG00000141682","PMAIP1"
"5011","18","ENSG00000049246","PER3"
"5012","18","ENSG00000152784","PRDM8"
"5013","18","ENSG00000106070","GRB10"
"5014","18","ENSG00000008735","MAPK8IP2"
"5015","18","ENSG00000184785","SMIM10"
"5016","18","ENSG00000102316","MAGED2"
"5017","18","ENSG00000184898","RBM43"
"5018","18","ENSG00000130305","NSUN5"
"5019","18","ENSG00000100227","POLDIP3"
"5020","18","ENSG00000166986","MARS"
"5021","18","ENSG00000113407","TARS"
"5022","18","ENSG00000154143","PANX3"
"5023","18","ENSG00000108405","P2RX1"
"5024","18","ENSG00000188559","RALGAPA2"
"5025","18","ENSG00000160959","LRRC14"
"5026","18","ENSG00000069966","GNB5"
"5027","18","ENSG00000171561","OR2AT4"
"5028","18","ENSG00000197976","AKAP17A"
"5029","18","ENSG00000095321","CRAT"
"5030","18","ENSG00000151779","NBAS"
"5031","18","ENSG00000135605","TEC"
"5032","18","ENSG00000101347","SAMHD1"
"5033","18","ENSG00000121064","SCPEP1"
"5034","18","ENSG00000196776","CD47"
"5035","18","ENSG00000138642","HERC6"
"5036","18","ENSG00000162736","NCSTN"
"5037","18","ENSG00000162086","ZNF75A"
"5038","18","ENSG00000136986","DERL1"
"5039","18","ENSG00000164308","ERAP2"
"5040","18","ENSG00000184575","XPOT"
"5041","18","ENSG00000118564","FBXL5"
"5042","18","ENSG00000189114","BLOC1S3"
"5043","18","ENSG00000169696","ASPSCR1"
"5044","18","ENSG00000110108","TMEM109"
"5045","18","ENSG00000166192","SENP8"
"5046","18","ENSG00000113296","THBS4"
"5047","18","ENSG00000161204","ABCF3"
"5048","18","ENSG00000159873","CCDC117"
"5049","18","ENSG00000182473","EXOC7"
"5050","18","ENSG00000163125","RPRD2"
"5051","18","ENSG00000160613","PCSK7"
"5052","18","ENSG00000131503","ANKHD1"
"5053","18","ENSG00000137075","RNF38"
"5054","18","ENSG00000011275","RNF216"
"5055","18","ENSG00000110092","CCND1"
"5056","18","ENSG00000148356","LRSAM1"
"5057","18","ENSG00000119772","DNMT3A"
"5058","18","ENSG00000187607","ZNF286A"
"5059","18","ENSG00000197782","ZNF780A"
"5060","18","ENSG00000106077","ABHD11"
"5061","19","ENSG00000184207","PGP"
"5062","19","ENSG00000140030","GPR65"
"5063","19","ENSG00000103365","GGA2"
"5064","19","ENSG00000129968","ABHD17A"
"5065","19","ENSG00000187840","EIF4EBP1"
"5066","19","ENSG00000185813","PCYT2"
"5067","19","ENSG00000130177","CDC16"
"5068","19","ENSG00000147274","RBMX"
"5069","19","ENSG00000166165","CKB"
"5070","19","ENSG00000075234","TTC38"
"5071","19","ENSG00000069535","MAOB"
"5072","19","ENSG00000141293","SKAP1"
"5073","19","ENSG00000169252","ADRB2"
"5074","19","ENSG00000100060","MFNG"
"5075","19","ENSG00000136842","TMOD1"
"5076","19","ENSG00000163479","SSR2"
"5077","19","ENSG00000136156","ITM2B"
"5078","19","ENSG00000171720","HDAC3"
"5079","19","ENSG00000163219","ARHGAP25"
"5080","19","ENSG00000108479","GALK1"
"5081","19","ENSG00000137312","FLOT1"
"5082","19","ENSG00000249242","TMEM150C"
"5083","19","ENSG00000063241","ISOC2"
"5084","19","ENSG00000088298","EDEM2"
"5085","19","ENSG00000189280","GJB5"
"5086","19","ENSG00000165092","ALDH1A1"
"5087","19","ENSG00000090104","RGS1"
"5088","19","ENSG00000144815","NXPE3"
"5089","19","ENSG00000266412","NCOA4"
"5090","19","ENSG00000110002","VWA5A"
"5091","19","ENSG00000164062","APEH"
"5092","19","ENSG00000170266","GLB1"
"5093","19","ENSG00000003056","M6PR"
"5094","19","ENSG00000182667","NTM"
"5095","19","ENSG00000139405","RITA1"
"5096","19","ENSG00000154814","OXNAD1"
"5097","19","ENSG00000124570","SERPINB6"
"5098","19","ENSG00000108219","TSPAN14"
"5099","19","ENSG00000157404","KIT"
"5100","19","ENSG00000139832","RAB20"
"5101","19","ENSG00000145982","FARS2"
"5102","19","ENSG00000196502","SULT1A1"
"5103","19","ENSG00000143119","CD53"
"5104","19","ENSG00000148229","POLE3"
"5105","19","ENSG00000164081","TEX264"
"5106","19","ENSG00000148660","CAMK2G"
"5107","19","ENSG00000141452","C18orf8"
"5108","19","ENSG00000055163","CYFIP2"
"5109","19","ENSG00000168439","STIP1"
"5110","19","ENSG00000126934","MAP2K2"
"5111","19","ENSG00000196505","GDAP2"
"5112","19","ENSG00000133943","C14orf159"
"5113","19","ENSG00000128590","DNAJB9"
"5114","19","ENSG00000164975","SNAPC3"
"5115","19","ENSG00000158882","TOMM40L"
"5116","19","ENSG00000145293","ENOPH1"
"5117","19","ENSG00000198728","LDB1"
"5118","19","ENSG00000101158","NELFCD"
"5119","19","ENSG00000141934","PPAP2C"
"5120","19","ENSG00000171953","ATPAF2"
"5121","19","ENSG00000120889","TNFRSF10B"
"5122","19","ENSG00000103184","SEC14L5"
"5123","19","ENSG00000003393","ALS2"
"5124","19","ENSG00000158850","B4GALT3"
"5125","19","ENSG00000164638","SLC29A4"
"5126","19","ENSG00000241484","ARHGAP8"
"5127","19","ENSG00000197467","COL13A1"
"5128","19","ENSG00000132394","EEFSEC"
"5129","19","ENSG00000143412","ANXA9"
"5130","19","ENSG00000131748","STARD3"
"5131","19","ENSG00000172053","QARS"
"5132","19","ENSG00000116521","SCAMP3"
"5133","19","ENSG00000184117","NIPSNAP1"
"5134","19","ENSG00000104365","IKBKB"
"5135","19","ENSG00000169972","PUSL1"
"5136","19","ENSG00000132581","SDF2"
"5137","19","ENSG00000105732","ZNF574"
"5138","19","ENSG00000107779","BMPR1A"
"5139","19","ENSG00000178980","SEPW1"
"5140","19","ENSG00000173482","PTPRM"
"5141","19","ENSG00000126561","STAT5A"
"5142","20","ENSG00000099622","CIRBP"
"5143","20","ENSG00000174791","RIN1"
"5144","20","ENSG00000166595","FAM96B"
"5145","20","ENSG00000100592","DAAM1"
"5146","20","ENSG00000164244","PRRC1"
"5147","20","ENSG00000135070","ISCA1"
"5148","20","ENSG00000065809","FAM107B"
"5149","20","ENSG00000102226","USP11"
"5150","20","ENSG00000100292","HMOX1"
"5151","20","ENSG00000114354","TFG"
"5152","20","ENSG00000168461","RAB31"
"5153","20","ENSG00000221968","FADS3"
"5154","20","ENSG00000133612","AGAP3"
"5155","20","ENSG00000166886","NAB2"
"5156","20","ENSG00000118503","TNFAIP3"
"5157","20","ENSG00000049656","CLPTM1L"
"5158","20","ENSG00000132964","CDK8"
"5159","20","ENSG00000184220","CMSS1"
"5160","20","ENSG00000109572","CLCN3"
"5161","20","ENSG00000118855","MFSD1"
"5162","20","ENSG00000101266","CSNK2A1"
"5163","20","ENSG00000127824","TUBA4A"
"5164","20","ENSG00000102390","PBDC1"
"5165","20","ENSG00000175792","RUVBL1"
"5166","20","ENSG00000135077","HAVCR2"
"5167","20","ENSG00000011295","TTC19"
"5168","20","ENSG00000204348","DXO"
"5169","20","ENSG00000129219","PLD2"
"5170","20","ENSG00000185359","HGS"
"5171","20","ENSG00000158669","AGPAT6"
"5172","20","ENSG00000114405","C3orf14"
"5173","20","ENSG00000136108","CKAP2"
"5174","20","ENSG00000052126","PLEKHA5"
"5175","20","ENSG00000100003","SEC14L2"
"5176","20","ENSG00000197157","SND1"
"5177","20","ENSG00000167900","TK1"
"5178","20","ENSG00000133318","RTN3"
"5179","20","ENSG00000152253","SPC25"
"5180","20","ENSG00000124767","GLO1"
"5181","20","ENSG00000172339","ALG14"
"5182","20","ENSG00000235034","C19orf81"
"5183","20","ENSG00000170144","HNRNPA3"
"5184","20","ENSG00000137563","GGH"
"5185","20","ENSG00000125827","TMX4"
"5186","20","ENSG00000153551","CMTM7"
"5187","20","ENSG00000145860","RNF145"
"5188","20","ENSG00000123131","PRDX4"
"5189","20","ENSG00000167397","VKORC1"
"5190","20","ENSG00000157020","SEC13"
"5191","20","ENSG00000122729","ACO1"
"5192","20","ENSG00000163964","PIGX"
"5193","20","ENSG00000165637","VDAC2"
"5194","20","ENSG00000138071","ACTR2"
"5195","20","ENSG00000104967","NOVA2"
"5196","20","ENSG00000106603","COA1"
"5197","20","ENSG00000143353","LYPLAL1"
"5198","20","ENSG00000116852","KIF21B"
"5199","20","ENSG00000112029","FBXO5"
"5200","20","ENSG00000273749","CYFIP1"
"5201","20","ENSG00000101150","TPD52L2"
"5202","20","ENSG00000198814","GK"
"5203","20","ENSG00000146540","C7orf50"
"5204","20","ENSG00000121413","ZSCAN18"
"5205","20","ENSG00000100462","PRMT5"
"5206","20","ENSG00000197712","FAM114A1"
"5207","20","ENSG00000042088","TDP1"
"5208","20","ENSG00000145391","SETD7"
"5209","20","ENSG00000128050","PAICS"
"5210","20","ENSG00000168615","ADAM9"
"5211","20","ENSG00000127526","SLC35E1"
"5212","20","ENSG00000120675","DNAJC15"
"5213","20","ENSG00000174444","RPL4"
"5214","20","ENSG00000106399","RPA3"
"5215","20","ENSG00000197345","MRPL21"
"5216","20","ENSG00000166347","CYB5A"
"5217","21","ENSG00000147383","NSDHL"
"5218","21","ENSG00000161798","AQP5"
"5219","21","ENSG00000133315","MACROD1"
"5220","21","ENSG00000060762","MPC1"
"5221","21","ENSG00000167768","KRT1"
"5222","21","ENSG00000099797","TECR"
"5223","21","ENSG00000143248","RGS5"
"5224","21","ENSG00000137154","RPS6"
"5225","21","ENSG00000042753","AP2S1"
"5226","21","ENSG00000144746","ARL6IP5"
"5227","21","ENSG00000134202","GSTM3"
"5228","21","ENSG00000141552","ANAPC11"
"5229","21","ENSG00000173660","UQCRH"
"5230","21","ENSG00000173890","GPR160"
"5231","21","ENSG00000143727","ACP1"
"5232","21","ENSG00000149534","MS4A2"
"5233","21","ENSG00000176209","SMIM19"
"5234","21","ENSG00000125868","DSTN"
"5235","21","ENSG00000138777","PPA2"
"5236","21","ENSG00000244414","CFHR1"
"5237","21","ENSG00000166681","NGFRAP1"
"5238","21","ENSG00000163344","PMVK"
"5239","21","ENSG00000065978","YBX1"
"5240","21","ENSG00000167468","GPX4"
"5241","21","ENSG00000169567","HINT1"
"5242","21","ENSG00000178982","EIF3K"
"5243","21","ENSG00000233276","GPX1"
"5244","21","ENSG00000180483","DEFB119"
"5245","21","ENSG00000089220","PEBP1"
"5246","21","ENSG00000111843","TMEM14C"
"5247","21","ENSG00000169738","DCXR"
"5248","21","ENSG00000165264","NDUFB6"
"5249","21","ENSG00000182093","WRB"
"5250","21","ENSG00000051523","CYBA"
"5251","21","ENSG00000143158","MPC2"
"5252","21","ENSG00000196415","PRTN3"
"5253","21","ENSG00000177700","POLR2L"
"5254","21","ENSG00000163041","H3F3A"
"5255","21","ENSG00000005075","POLR2J"
"5256","21","ENSG00000004779","NDUFAB1"
"5257","21","ENSG00000147403","RPL10"
"5258","21","ENSG00000184983","NDUFA6"
"5259","21","ENSG00000224877","C17orf89"
"5260","21","ENSG00000050393","MCUR1"
"5261","21","ENSG00000189043","NDUFA4"
"5262","21","ENSG00000172301","COPRS"
"5263","21","ENSG00000129824","RPS4Y1"
"5264","21","ENSG00000006625","GGCT"
"5265","21","ENSG00000264364","DYNLL2"
"5266","21","ENSG00000156467","UQCRB"
"5267","21","ENSG00000198034","RPS4X"
"5268","21","ENSG00000106028","SSBP1"
"5269","21","ENSG00000136522","MRPL47"
"5270","21","ENSG00000170860","LSM3"
"5271","21","ENSG00000133112","TPT1"
"5272","21","ENSG00000179271","GADD45GIP1"
"5273","21","ENSG00000147604","RPL7"
"5274","21","ENSG00000254999","BRK1"
"5275","21","ENSG00000128609","NDUFA5"
"5276","21","ENSG00000137210","TMEM14B"
"5277","21","ENSG00000128708","HAT1"
"5278","21","ENSG00000100554","ATP6V1D"
"5279","21","ENSG00000173674","EIF1AX"
"5280","21","ENSG00000106803","SEC61B"
"5281","21","ENSG00000108091","CCDC6"
"5282","21","ENSG00000146386","ABRACL"
"5283","21","ENSG00000103260","METRN"
"5284","21","ENSG00000165629","ATP5C1"
"5285","21","ENSG00000023572","GLRX2"
"5286","21","ENSG00000214253","FIS1"
"5287","21","ENSG00000198569","SLC34A3"
"5288","21","ENSG00000168653","NDUFS5"
"5289","21","ENSG00000128536","CDHR3"
"5290","22","ENSG00000164733","CTSB"
"5291","22","ENSG00000109332","UBE2D3"
"5292","22","ENSG00000187098","MITF"
"5293","22","ENSG00000113108","APBB3"
"5294","22","ENSG00000165714","LOH12CR1"
"5295","22","ENSG00000171408","PDE7B"
"5296","22","ENSG00000156345","CDK20"
"5297","22","ENSG00000116191","RALGPS2"
"5298","22","ENSG00000145780","FEM1C"
"5299","22","ENSG00000105835","NAMPT"
"5300","22","ENSG00000110851","PRDM4"
"5301","22","ENSG00000115165","CYTIP"
"5302","22","ENSG00000113712","CSNK1A1"
"5303","22","ENSG00000156502","SUPV3L1"
"5304","22","ENSG00000004455","AK2"
"5305","22","ENSG00000118197","DDX59"
"5306","22","ENSG00000156500","FAM122C"
"5307","22","ENSG00000130830","MPP1"
"5308","22","ENSG00000168036","CTNNB1"
"5309","22","ENSG00000197147","LRRC8B"
"5310","22","ENSG00000131378","RFTN1"
"5311","22","ENSG00000132205","EMILIN2"
"5312","22","ENSG00000116717","GADD45A"
"5313","22","ENSG00000155970","MICU3"
"5314","22","ENSG00000005156","LIG3"
"5315","22","ENSG00000134996","OSTF1"
"5316","22","ENSG00000181873","IBA57"
"5317","22","ENSG00000166197","NOLC1"
"5318","22","ENSG00000038382","TRIO"
"5319","22","ENSG00000135451","TROAP"
"5320","22","ENSG00000002834","LASP1"
"5321","22","ENSG00000067057","PFKP"
"5322","22","ENSG00000114770","ABCC5"
"5323","22","ENSG00000158062","UBXN11"
"5324","22","ENSG00000075391","RASAL2"
"5325","22","ENSG00000197191","CYSRT1"
"5326","22","ENSG00000196923","PDLIM7"
"5327","22","ENSG00000076685","NT5C2"
"5328","22","ENSG00000112851","ERBB2IP"
"5329","22","ENSG00000101966","XIAP"
"5330","22","ENSG00000169136","ATF5"
"5331","22","ENSG00000158195","WASF2"
"5332","22","ENSG00000124688","MAD2L1BP"
"5333","22","ENSG00000167065","DUSP18"
"5334","22","ENSG00000155265","GOLGA7B"
"5335","22","ENSG00000167850","CD300C"
"5336","22","ENSG00000130956","HABP4"
"5337","22","ENSG00000146592","CREB5"
"5338","22","ENSG00000130779","CLIP1"
"5339","22","ENSG00000108010","GLRX3"
"5340","22","ENSG00000115677","HDLBP"
"5341","22","ENSG00000084754","HADHA"
"5342","22","ENSG00000101447","FAM83D"
"5343","22","ENSG00000011426","ANLN"
"5344","22","ENSG00000269313","MAGIX"
"5345","22","ENSG00000235162","C12orf75"
"5346","22","ENSG00000197555","SIPA1L1"
"5347","22","ENSG00000185900","POMK"
"5348","22","ENSG00000155096","AZIN1"
"5349","22","ENSG00000006451","RALA"
"5350","22","ENSG00000139289","PHLDA1"
"5351","22","ENSG00000198130","HIBCH"
"5352","22","ENSG00000100528","CNIH1"
"5353","22","ENSG00000166275","C10orf32"
"5354","22","ENSG00000204619","PPP1R11"
"5355","22","ENSG00000164182","NDUFAF2"
"5356","22","ENSG00000143801","PSEN2"
"5357","22","ENSG00000126756","UXT"
"5358","22","ENSG00000130363","RSPH3"
"5359","22","ENSG00000000938","FGR"
"5360","22","ENSG00000121940","CLCC1"
"5361","23","ENSG00000214530","STARD10"
"5362","23","ENSG00000198736","MSRB1"
"5363","23","ENSG00000063854","HAGH"
"5364","23","ENSG00000135446","CDK4"
"5365","23","ENSG00000117691","NENF"
"5366","23","ENSG00000173221","GLRX"
"5367","23","ENSG00000161980","POLR3K"
"5368","23","ENSG00000182544","MFSD5"
"5369","23","ENSG00000187051","RPS19BP1"
"5370","23","ENSG00000163866","SMIM12"
"5371","23","ENSG00000103152","MPG"
"5372","23","ENSG00000090432","MUL1"
"5373","23","ENSG00000166557","TMED3"
"5374","23","ENSG00000066923","STAG3"
"5375","23","ENSG00000117448","AKR1A1"
"5376","23","ENSG00000139187","KLRG1"
"5377","23","ENSG00000179639","FCER1A"
"5378","23","ENSG00000115286","NDUFS7"
"5379","23","ENSG00000125970","RALY"
"5380","23","ENSG00000149357","LAMTOR1"
"5381","23","ENSG00000100216","TOMM22"
"5382","23","ENSG00000155366","RHOC"
"5383","23","ENSG00000147955","SIGMAR1"
"5384","23","ENSG00000179632","MAF1"
"5385","23","ENSG00000197766","CFD"
"5386","23","ENSG00000106266","SNX8"
"5387","23","ENSG00000166246","C16orf71"
"5388","23","ENSG00000172728","FUT10"
"5389","23","ENSG00000110442","COMMD9"
"5390","23","ENSG00000072954","TMEM38A"
"5391","23","ENSG00000175756","AURKAIP1"
"5392","23","ENSG00000198715","C1orf85"
"5393","23","ENSG00000087076","HSD17B14"
"5394","23","ENSG00000167775","CD320"
"5395","23","ENSG00000100075","SLC25A1"
"5396","23","ENSG00000221946","FXYD7"
"5397","23","ENSG00000163382","APOA1BP"
"5398","23","ENSG00000008282","SYPL1"
"5399","23","ENSG00000172889","EGFL7"
"5400","23","ENSG00000184990","SIVA1"
"5401","23","ENSG00000114023","FAM162A"
"5402","23","ENSG00000140990","NDUFB10"
"5403","23","ENSG00000164885","CDK5"
"5404","23","ENSG00000244038","DDOST"
"5405","23","ENSG00000169100","SLC25A6"
"5406","23","ENSG00000115204","MPV17"
"5407","23","ENSG00000095906","NUBP2"
"5408","23","ENSG00000214063","TSPAN4"
"5409","23","ENSG00000159685","CHCHD6"
"5410","23","ENSG00000110717","NDUFS8"
"5411","23","ENSG00000130005","GAMT"
"5412","23","ENSG00000164896","FASTK"
"5413","23","ENSG00000130748","TMEM160"
"5414","23","ENSG00000105698","USF2"
"5415","23","ENSG00000176978","DPP7"
"5416","23","ENSG00000090661","CERS4"
"5417","23","ENSG00000188483","IER5L"
"5418","23","ENSG00000176946","THAP4"
"5419","23","ENSG00000042493","CAPG"
"5420","23","ENSG00000186792","HYAL3"
"5421","23","ENSG00000115233","PSMD14"
"5422","23","ENSG00000126247","CAPNS1"
"5423","23","ENSG00000007255","TRAPPC6A"
"5424","23","ENSG00000141741","MIEN1"
"5425","23","ENSG00000101197","BIRC7"
"5426","23","ENSG00000099800","TIMM13"
"5427","23","ENSG00000176101","SSNA1"
"5428","24","ENSG00000167880","EVPL"
"5429","24","ENSG00000198824","CHAMP1"
"5430","24","ENSG00000106330","MOSPD3"
"5431","24","ENSG00000148908","RGS10"
"5432","24","ENSG00000103275","UBE2I"
"5433","24","ENSG00000211450","C11orf31"
"5434","24","ENSG00000157870","FAM213B"
"5435","24","ENSG00000138246","DNAJC13"
"5436","24","ENSG00000182612","TSPAN10"
"5437","24","ENSG00000100280","AP1B1"
"5438","24","ENSG00000100599","RIN3"
"5439","24","ENSG00000122687","FTSJ2"
"5440","24","ENSG00000066336","SPI1"
"5441","24","ENSG00000160685","ZBTB7B"
"5442","24","ENSG00000185340","GAS2L1"
"5443","24","ENSG00000111786","SRSF9"
"5444","24","ENSG00000132471","WBP2"
"5445","24","ENSG00000177105","RHOG"
"5446","24","ENSG00000148450","MSRB2"
"5447","24","ENSG00000107372","ZFAND5"
"5448","24","ENSG00000171612","SLC25A33"
"5449","24","ENSG00000104904","OAZ1"
"5450","24","ENSG00000099817","POLR2E"
"5451","24","ENSG00000104960","PTOV1"
"5452","24","ENSG00000186350","RXRA"
"5453","24","ENSG00000204392","LSM2"
"5454","24","ENSG00000105649","RAB3A"
"5455","24","ENSG00000105438","KDELR1"
"5456","24","ENSG00000112651","MRPL2"
"5457","24","ENSG00000104823","ECH1"
"5458","24","ENSG00000015285","WAS"
"5459","24","ENSG00000204314","PRRT1"
"5460","24","ENSG00000167964","RAB26"
"5461","24","ENSG00000126214","KLC1"
"5462","24","ENSG00000197265","GTF2E2"
"5463","24","ENSG00000106443","PHF14"
"5464","24","ENSG00000024862","CCDC28A"
"5465","24","ENSG00000232388","LINC00493"
"5466","24","ENSG00000176396","EID2"
"5467","24","ENSG00000124098","FAM210B"
"5468","24","ENSG00000153774","CFDP1"
"5469","24","ENSG00000072849","DERL2"
"5470","24","ENSG00000120896","SORBS3"
"5471","24","ENSG00000136854","STXBP1"
"5472","24","ENSG00000099330","OCEL1"
"5473","24","ENSG00000140632","GLYR1"
"5474","24","ENSG00000179348","GATA2"
"5475","24","ENSG00000142459","EVI5L"
"5476","24","ENSG00000075618","FSCN1"
"5477","24","ENSG00000175115","PACS1"
"5478","24","ENSG00000123159","GIPC1"
"5479","24","ENSG00000069275","NUCKS1"
"5480","24","ENSG00000198053","SIRPA"
"5481","24","ENSG00000104825","NFKBIB"
"5482","24","ENSG00000125510","OPRL1"
"5483","24","ENSG00000156735","BAG4"
"5484","24","ENSG00000105643","ARRDC2"
"5485","24","ENSG00000250479","CHCHD10"
"5486","24","ENSG00000123144","C19orf43"
"5487","24","ENSG00000110651","CD81"
"5488","24","ENSG00000146083","RNF44"
"5489","25","ENSG00000181649","PHLDA2"
"5490","25","ENSG00000136111","TBC1D4"
"5491","25","ENSG00000130522","JUND"
"5492","25","ENSG00000110721","CHKA"
"5493","25","ENSG00000077549","CAPZB"
"5494","25","ENSG00000123240","OPTN"
"5495","25","ENSG00000007384","RHBDF1"
"5496","25","ENSG00000132356","PRKAA1"
"5497","25","ENSG00000142669","SH3BGRL3"
"5498","25","ENSG00000168159","RNF187"
"5499","25","ENSG00000205937","RNPS1"
"5500","25","ENSG00000198420","FAM115A"
"5501","25","ENSG00000175866","BAIAP2"
"5502","25","ENSG00000130175","PRKCSH"
"5503","25","ENSG00000004399","PLXND1"
"5504","25","ENSG00000130479","MAP1S"
"5505","25","ENSG00000174903","RAB1B"
"5506","25","ENSG00000099331","MYO9B"
"5507","25","ENSG00000232838","PET117"
"5508","25","ENSG00000142002","DPP9"
"5509","25","ENSG00000089327","FXYD5"
"5510","25","ENSG00000198113","TOR4A"
"5511","25","ENSG00000179262","RAD23A"
"5512","25","ENSG00000087460","GNAS"
"5513","25","ENSG00000001630","CYP51A1"
"5514","25","ENSG00000173511","VEGFB"
"5515","25","ENSG00000228594","C1orf233"
"5516","25","ENSG00000070756","PABPC1"
"5517","25","ENSG00000166913","YWHAB"
"5518","25","ENSG00000141522","ARHGDIA"
"5519","25","ENSG00000135723","FHOD1"
"5520","25","ENSG00000117984","CTSD"
"5521","25","ENSG00000158715","SLC45A3"
"5522","25","ENSG00000180155","LYNX1"
"5523","25","ENSG00000166311","SMPD1"
"5524","25","ENSG00000111328","CDK2AP1"
"5525","25","ENSG00000150867","PIP4K2A"
"5526","25","ENSG00000099381","SETD1A"
"5527","25","ENSG00000061936","SFSWAP"
"5528","25","ENSG00000119778","ATAD2B"
"5529","25","ENSG00000198355","PIM3"
"5530","25","ENSG00000182272","B4GALNT4"
"5531","25","ENSG00000116885","OSCP1"
"5532","25","ENSG00000104549","SQLE"
"5533","25","ENSG00000065882","TBC1D1"
"5534","25","ENSG00000155961","RAB39B"
"5535","25","ENSG00000180900","SCRIB"
"5536","25","ENSG00000137309","HMGA1"
"5537","26","ENSG00000074071","MRPS34"
"5538","26","ENSG00000130312","MRPL34"
"5539","26","ENSG00000111671","SPSB2"
"5540","26","ENSG00000088992","TESC"
"5541","26","ENSG00000126457","PRMT1"
"5542","26","ENSG00000176974","SHMT1"
"5543","26","ENSG00000135617","PRADC1"
"5544","26","ENSG00000124299","PEPD"
"5545","26","ENSG00000082014","SMARCD3"
"5546","26","ENSG00000103253","HAGHL"
"5547","26","ENSG00000159377","PSMB4"
"5548","26","ENSG00000183978","COA3"
"5549","26","ENSG00000122705","CLTA"
"5550","26","ENSG00000104872","PIH1D1"
"5551","26","ENSG00000015475","BID"
"5552","26","ENSG00000145979","TBC1D7"
"5553","26","ENSG00000130755","GMFG"
"5554","26","ENSG00000143543","JTB"
"5555","26","ENSG00000146143","PRIM2"
"5556","26","ENSG00000178449","COX14"
"5557","26","ENSG00000150316","CWC15"
"5558","26","ENSG00000187824","TMEM220"
"5559","26","ENSG00000185088","RPS27L"
"5560","26","ENSG00000164967","RPP25L"
"5561","26","ENSG00000173113","TRMT112"
"5562","26","ENSG00000136897","MRPL50"
"5563","26","ENSG00000113732","ATP6V0E1"
"5564","26","ENSG00000213619","NDUFS3"
"5565","26","ENSG00000182132","KCNIP1"
"5566","26","ENSG00000116161","CACYBP"
"5567","26","ENSG00000167840","ZNF232"
"5568","26","ENSG00000167005","NUDT21"
"5569","26","ENSG00000111796","KLRB1"
"5570","26","ENSG00000079462","PAFAH1B3"
"5571","26","ENSG00000123395","ATG101"
"5572","26","ENSG00000174080","CTSF"
"5573","26","ENSG00000131100","ATP6V1E1"
"5574","26","ENSG00000168275","COA6"
"5575","26","ENSG00000008324","SS18L2"
"5576","26","ENSG00000120265","PCMT1"
"5577","26","ENSG00000149100","EIF3M"
"5578","26","ENSG00000125971","DYNLRB1"
"5579","26","ENSG00000141504","SAT2"
"5580","26","ENSG00000088986","DYNLL1"
"5581","26","ENSG00000089248","ERP29"
"5582","26","ENSG00000153233","PTPRR"
